sl no,Detection Name,Category,TTP,Severity
1,Antivirus - Exploitation Framework Signature,category,"T1203, T1219.002",critical
2,Antivirus - Hacktool Signature,category,T1204,high
3,Antivirus - Password Dumper Signature,category,"T1003, T1558, T1003.001, T1003.002",critical
4,Antivirus - Ransomware Signature,category,T1486,critical
5,Antivirus - Relevant File Paths Alerts Signature,category,T1588,high
6,Antivirus - Remote Access Tools Signature,category,"T1203, T1219.002",critical
7,Antivirus - Web Shell Detection Signature,category,T1505.003,high
8,Suspicious SQL Query,category,"T1190, T1505.001",medium
9,Account Created And Deleted Within A Close Time Frame,cloud,T1078,high
10,Account Disabled or Blocked for Sign in Attempts,cloud,T1078.004,medium
11,Account Lockout,cloud,T1110,medium
12,Activity From Anonymous IP Address,cloud,T1078,high
13,Activity from Anonymous IP Addresses,cloud,T1573,medium
14,Activity from Infrequent Country,cloud,T1573,medium
15,Activity from Suspicious IP Addresses,cloud,T1573,medium
16,Activity Performed by Terminated User,cloud,,medium
17,Added Credentials to Existing Application,cloud,T1098.001,high
18,Added Owner To Application,cloud,T1552,medium
19,Anomalous Token,cloud,T1528,high
20,Anomalous User Activity,cloud,T1098,high
21,Anonymous IP Address,cloud,T1528,high
22,App Assigned To Azure RBAC/Microsoft Entra Role,cloud,T1098.003,medium
23,App Granted Microsoft Permissions,cloud,T1528,high
24,App Granted Privileged Delegated Or App Permissions,cloud,T1098.003,high
25,Application AppID Uri Configuration Changes,cloud,"T1552, T1078.004",high
26,Application URI Configuration Changes,cloud,"T1528, T1078.004",high
27,Application Using Device Code Authentication Flow,cloud,T1078,medium
28,Applications That Are Using ROPC Authentication Flow,cloud,T1078,medium
29,Atypical Travel,cloud,T1078,high
30,AWS Bedrock Guardrail Deleted,cloud,T1685,medium
31,AWS Bedrock Guardrail Updated,cloud,T1685,medium
32,AWS Bucket Deleted,cloud,,medium
33,AWS CloudTrail Important Change,cloud,T1685.002,medium
34,AWS Config Disabling Channel/Recorder,cloud,T1685.002,high
35,AWS Console GetSigninToken Potential Abuse,cloud,"T1021.007, T1550.001",medium
36,AWS ConsoleLogin Failed Authentication,cloud,T1110,medium
37,AWS EC2 Disable EBS Encryption,cloud,"T1486, T1565",medium
38,AWS EC2 Startup Shell Script Change,cloud,"T1059.001, T1059.003, T1059.004",high
39,AWS EC2 VM Export Failure,cloud,"T1005, T1537",low
40,AWS ECS Task Definition That Queries The Credential Endpoint,cloud,T1525,medium
41,AWS EFS Fileshare Modified or Deleted,cloud,,medium
42,AWS EFS Fileshare Mount Modified or Deleted,cloud,T1485,medium
43,AWS EKS Cluster Created or Deleted,cloud,T1485,low
44,AWS ElastiCache Security Group Created,cloud,"T1136, T1136.003",low
45,AWS ElastiCache Security Group Modified or Deleted,cloud,T1531,low
46,AWS EnableRegion Command Monitoring,cloud,,medium
47,AWS Glue Development Endpoint Activity,cloud,,low
48,AWS GuardDuty Detector Deleted Or Updated,cloud,"T1685, T1685.002",high
49,AWS GuardDuty Important Change,cloud,T1685,high
50,AWS IAM Backdoor Users Keys,cloud,T1098,medium
51,AWS IAM S3Browser LoginProfile Creation,cloud,"T1059.009, T1078.004",high
52,AWS IAM S3Browser Templated S3 Bucket Policy Creation,cloud,"T1059.009, T1078.004",high
53,AWS IAM S3Browser User or AccessKey Creation,cloud,"T1059.009, T1078.004",high
54,AWS Identity Center Identity Provider Change,cloud,T1556,high
55,AWS Key Pair Import Activity,cloud,T1078,medium
56,AWS KMS Imported Key Material Usage,cloud,"T1486, T1608.003",high
57,AWS New Lambda Layer Attached,cloud,,low
58,AWS RDS Master Password Change,cloud,T1020,medium
59,AWS Root Credentials,cloud,T1078.004,medium
60,AWS Route 53 Domain Transfer Lock Disabled,cloud,T1098,low
61,AWS Route 53 Domain Transferred to Another Account,cloud,T1098,low
62,AWS S3 Bucket Versioning Disable,cloud,T1490,medium
63,AWS S3 Data Management Tampering,cloud,T1537,low
64,AWS SAML Provider Deletion Activity,cloud,"T1078.004, T1531",medium
65,AWS SecurityHub Findings Evasion,cloud,T1685,high
66,AWS Snapshot Backup Exfiltration,cloud,T1537,medium
67,AWS STS AssumeRole Misuse,cloud,"T1548, T1550, T1550.001",low
68,AWS STS GetCallerIdentity Enumeration Via TruffleHog,cloud,T1087.004,medium
69,AWS STS GetSessionToken Misuse,cloud,"T1548, T1550, T1550.001",low
70,AWS Successful Console Login Without MFA,cloud,T1078.004,medium
71,AWS Suspicious SAML Activity,cloud,"T1078, T1548, T1550, T1550.001",medium
72,AWS User Login Profile Was Modified,cloud,T1098,high
73,AWS VPC Flow Logs Deleted,cloud,,high
74,Azure Active Directory Hybrid Health AD FS New Server,cloud,T1578,medium
75,Azure Active Directory Hybrid Health AD FS Service Delete,cloud,T1578.003,medium
76,Azure AD Account Credential Leaked,cloud,T1589,high
77,Azure AD Only Single Factor Authentication Required,cloud,"T1078.004, T1556.006",low
78,Azure AD Threat Intelligence,cloud,T1078,high
79,Azure Application Deleted,cloud,T1489,medium
80,Azure Application Gateway Modified or Deleted,cloud,,medium
81,Azure Application Security Group Modified or Deleted,cloud,,medium
82,Azure Container Registry Created or Deleted,cloud,"T1485, T1496, T1489",low
83,Azure Device No Longer Managed or Compliant,cloud,,medium
84,Azure Device or Configuration Modified or Deleted,cloud,"T1485, T1565.001",medium
85,Azure DNS Zone Modified or Deleted,cloud,T1565.001,medium
86,Azure Domain Federation Settings Modified,cloud,T1078,medium
87,Azure Firewall Modified or Deleted,cloud,T1686.001,medium
88,Azure Firewall Rule Collection Modified or Deleted,cloud,T1686.001,medium
89,Azure Firewall Rule Configuration Modified or Deleted,cloud,,medium
90,Azure Key Vault Modified or Deleted,cloud,"T1552, T1552.001",medium
91,Azure Keyvault Key Modified or Deleted,cloud,"T1552, T1552.001",medium
92,Azure Keyvault Secrets Modified or Deleted,cloud,"T1552, T1552.001",medium
93,Azure Kubernetes Admission Controller,cloud,"T1078, T1552, T1552.007",medium
94,Azure Kubernetes Cluster Created or Deleted,cloud,"T1485, T1496, T1489",low
95,Azure Kubernetes CronJob,cloud,T1053.003,medium
96,Azure Kubernetes Events Deleted,cloud,T1685,medium
97,Azure Kubernetes Network Policy Change,cloud,"T1485, T1496, T1489",medium
98,Azure Kubernetes Pods Deleted,cloud,,medium
99,Azure Kubernetes RoleBinding/ClusterRoleBinding Modified and Deleted,cloud,"T1485, T1496, T1489",medium
100,Azure Kubernetes Secret or Config Object Access,cloud,"T1485, T1496, T1489",medium
101,Azure Kubernetes Sensitive Role Access,cloud,"T1485, T1496, T1489",medium
102,Azure Kubernetes Service Account Modified or Deleted,cloud,"T1531, T1485, T1496, T1489",medium
103,Azure Login Bypassing Conditional Access Policies,cloud,T1078,high
104,Azure Network Firewall Policy Modified or Deleted,cloud,T1686.001,medium
105,Azure Network Security Configuration Modified or Deleted,cloud,,medium
106,Azure New CloudShell Created,cloud,T1059,medium
107,Azure Owner Removed From Application or Service Principal,cloud,,medium
108,Azure Point-to-site VPN Modified or Deleted,cloud,,medium
109,Azure Service Principal Created,cloud,,medium
110,Azure Service Principal Removed,cloud,,medium
111,Azure Subscription Permission Elevation Via ActivityLogs,cloud,T1078.004,high
112,Azure Subscription Permission Elevation Via AuditLogs,cloud,T1078,high
113,Azure Suppression Rule Created,cloud,,medium
114,Azure Unusual Authentication Interruption,cloud,T1078,medium
115,Azure Virtual Network Device Modified or Deleted,cloud,,medium
116,Azure Virtual Network Modified or Deleted,cloud,,medium
117,Azure VPN Connection Modified or Deleted,cloud,,medium
118,Bitlocker Key Retrieval,cloud,T1078.004,medium
119,Bulk Deletion Changes To Privileged Account Permissions,cloud,T1098,high
120,CA Policy Removed by Non Approved Actor,cloud,"T1548, T1556",medium
121,CA Policy Updated by Non Approved Actor,cloud,"T1548, T1556",medium
122,Certificate-Based Authentication Enabled,cloud,T1556,medium
123,Change to Authentication Method,cloud,"T1556, T1098",medium
124,Changes to Device Registration Policy,cloud,T1484,high
125,Changes To PIM Settings,cloud,T1078.004,high
126,Data Exfiltration to Unsanctioned Apps,cloud,T1537,medium
127,Delegated Permissions Granted For All Users,cloud,T1528,high
128,Device Registration or Join Without MFA,cloud,T1078.004,medium
129,Disabled MFA to Bypass Authentication Mechanisms,cloud,T1556,medium
130,Disabling Multi Factor Authentication,cloud,T1556.006,high
131,Discovery Using AzureHound,cloud,"T1087.004, T1526",high
132,End User Consent,cloud,T1528,low
133,End User Consent Blocked,cloud,T1528,medium
134,GCP Access Policy Deleted,cloud,T1098,medium
135,GCP Break-glass Container Workload Deployed,cloud,T1548,medium
136,Google Cloud DNS Zone Modified or Deleted,cloud,,medium
137,Google Cloud Firewall Modified or Deleted,cloud,T1685,medium
138,Google Cloud Kubernetes Admission Controller,cloud,"T1078, T1552, T1552.007",medium
139,Google Cloud Kubernetes CronJob,cloud,,medium
140,Google Cloud Kubernetes RoleBinding,cloud,,medium
141,Google Cloud Kubernetes Secrets Modified or Deleted,cloud,,medium
142,Google Cloud Re-identifies Sensitive Information,cloud,T1565,medium
143,Google Cloud Service Account Disabled or Deleted,cloud,T1531,medium
144,Google Cloud Service Account Modified,cloud,,medium
145,Google Cloud SQL Database Modified or Deleted,cloud,,medium
146,Google Cloud Storage Buckets Enumeration,cloud,,low
147,Google Cloud Storage Buckets Modified or Deleted,cloud,,medium
148,Google Cloud VPN Tunnel Modified or Deleted,cloud,,medium
149,Google Full Network Traffic Packet Capture,cloud,T1074,medium
150,Google Workspace Application Access Level Modified,cloud,T1098.003,medium
151,Google Workspace Application Removed,cloud,,medium
152,Google Workspace Government Attack Warning,cloud,T1078,medium
153,Google Workspace Granted Domain API Access,cloud,T1098,medium
154,Google Workspace MFA Disabled,cloud,,medium
155,Google Workspace Out Of Domain Email Forwarding,cloud,T1114.003,medium
156,Google Workspace Role Modified or Deleted,cloud,,medium
157,Google Workspace Role Privilege Deleted,cloud,,medium
158,Google Workspace User Granted Admin Privileges,cloud,T1098,medium
159,Granting Of Permissions To An Account,cloud,T1098.003,medium
160,Guest User Invited By Non Approved Inviters,cloud,T1078.004,medium
161,Impossible Travel,cloud,T1078,high
162,Ingress/Egress Security Group Modification,cloud,T1190,medium
163,Invalid PIM License,cloud,T1078,high
164,LoadBalancer Security Group Modification,cloud,T1190,medium
165,Login to Disabled Account,cloud,T1078.004,medium
166,Logon from a Risky IP Address,cloud,T1078,medium
167,Malicious IP Address Sign-In Failure Rate,cloud,T1090,high
168,Malicious IP Address Sign-In Suspicious,cloud,T1090,high
169,Malicious Usage Of IMDS Credentials Outside Of AWS Infrastructure,cloud,"T1078, T1078.002",high
170,Microsoft 365 - Impossible Travel Activity,cloud,T1078,medium
171,Microsoft 365 - Potential Ransomware Activity,cloud,T1486,medium
172,Microsoft 365 - Unusual Volume of File Deletion,cloud,T1485,medium
173,Microsoft 365 - User Restricted from Sending Email,cloud,T1199,medium
174,Modification or Deletion of an AWS RDS Cluster,cloud,T1020,high
175,Multi Factor Authentication Disabled For User Account,cloud,,medium
176,Multifactor Authentication Denied,cloud,"T1078.004, T1110, T1621",medium
177,Multifactor Authentication Interrupted,cloud,"T1078.004, T1110, T1621",medium
178,New AWS Lambda Function URL Configuration Created,cloud,,medium
179,New CA Policy by Non-approved Actor,cloud,T1548,medium
180,New Country,cloud,T1078,high
181,New Federated Domain Added,cloud,T1484.002,medium
182,New Federated Domain Added - Exchange,cloud,T1136.003,medium
183,New Network ACL Entry Added,cloud,T1686.001,low
184,New Network Route Added,cloud,T1686.001,medium
185,New Root Certificate Authority Added,cloud,T1556,medium
186,Number Of Resource Creation Or Deployment Activities,cloud,T1098,medium
187,Password Reset By User Account,cloud,T1078.004,medium
188,Password Spray Activity,cloud,T1110,high
189,PIM Alert Setting Changes To Disabled,cloud,T1078,high
190,PIM Approvals And Deny Elevation,cloud,T1078.004,high
191,Potential Bucket Enumeration on AWS,cloud,"T1580, T1619",low
192,Potential Malicious Usage of CloudTrail System Manager,cloud,"T1566, T1566.002",high
193,Potential MFA Bypass Using Legacy Client Authentication,cloud,"T1078.004, T1110",high
194,Primary Refresh Token Access Attempt,cloud,T1528,high
195,Privileged Account Creation,cloud,T1078.004,medium
196,PST Export Alert Using eDiscovery Alert,cloud,T1114,medium
197,PST Export Alert Using New-ComplianceSearchAction,cloud,T1114,medium
198,PUA - AWS TruffleHog Execution,cloud,"T1555, T1003",medium
199,Rare Subscription-level Operations In Azure,cloud,T1003,medium
200,RDS Database Security Group Modification,cloud,T1190,medium
201,Restore Public AWS RDS Instance,cloud,T1020,high
202,Roles Activated Too Frequently,cloud,T1078,high
203,Roles Activation Doesn't Require MFA,cloud,T1078,high
204,Roles Are Not Being Used,cloud,T1078,high
205,Roles Assigned Outside PIM,cloud,T1078,high
206,SAML Token Issuer Anomaly,cloud,T1606,high
207,SES Identity Has Been Deleted,cloud,T1070,medium
208,Sign-in Failure Due to Conditional Access Requirements Not Met,cloud,"T1110, T1078.004",high
209,Sign-In From Malware Infected IP,cloud,T1090,high
210,Sign-ins by Unknown Devices,cloud,T1078.004,low
211,Sign-ins from Non-Compliant Devices,cloud,T1078.004,high
212,Stale Accounts In A Privileged Role,cloud,T1078,high
213,Suspicious Browser Activity,cloud,T1078,high
214,Suspicious Email Delivered In Microsoft 365,cloud,"T1566.001, T1566.002",medium
215,Suspicious Inbox Forwarding,cloud,T1020,low
216,Suspicious Inbox Forwarding Identity Protection,cloud,T1114.003,high
217,Suspicious Inbox Manipulation Rules,cloud,T1140,high
218,Suspicious Login Activity Classified By Google,cloud,T1078.004,medium
219,Suspicious OAuth App File Download Activities,cloud,,medium
220,Suspicious SignIns From A Non Registered Device,cloud,T1078,high
221,Temporary Access Pass Added To An Account,cloud,T1078.004,high
222,Too Many Global Admins,cloud,T1078,high
223,Unfamiliar Sign-In Properties,cloud,T1078,high
224,Use of Legacy Authentication Protocols,cloud,"T1078.004, T1110",high
225,User Access Blocked by Azure Conditional Access,cloud,"T1110, T1078.004",medium
226,User Added to an Administrator's Azure AD Role,cloud,"T1098.003, T1078",medium
227,User Added To Group With CA Policy Modification Access,cloud,"T1548, T1556",medium
228,User Added To Privilege Role,cloud,T1078.004,high
229,User Removed From Group With CA Policy Modification Access,cloud,"T1548, T1556",medium
230,User Risk and MFA Registration Policy Updated,cloud,,high
231,User State Changed From Guest To Member,cloud,T1078.004,medium
232,Users Added to Global or Device Admin Roles,cloud,T1078.004,high
233,Windows LAPS Credential Dump From Entra ID,cloud,T1098.005,high
234,Cisco Duo Successful MFA Authentication Via Bypass Code,identity,,medium
235,New Okta User Created,identity,,informational
236,Okta Admin Functions Access Through Proxy,identity,,medium
237,Okta Admin Role Assigned to an User or Group,identity,T1098.003,medium
238,Okta Admin Role Assignment Created,identity,,medium
239,Okta API Token Created,identity,,medium
240,Okta API Token Revoked,identity,,medium
241,Okta Application Modified or Deleted,identity,,medium
242,Okta Application Sign-On Policy Modified or Deleted,identity,,medium
243,Okta FastPass Phishing Detection,identity,T1566,high
244,Okta Identity Provider Created,identity,T1098.001,medium
245,Okta MFA Reset or Deactivated,identity,T1556.006,medium
246,Okta Network Zone Deactivated or Deleted,identity,,medium
247,Okta New Admin Console Behaviours,identity,T1078.004,high
248,Okta Policy Modified or Deleted,identity,,low
249,Okta Policy Rule Modified or Deleted,identity,,medium
250,Okta Security Threat Detected,identity,,medium
251,Okta Suspicious Activity Reported by End-user,identity,T1586.003,high
252,Okta Unauthorized Access to App,identity,,medium
253,Okta User Account Locked Out,identity,T1531,medium
254,Okta User Session Start Via An Anonymising Proxy Service,identity,T1685,high
255,OneLogin User Account Locked,identity,,low
256,OneLogin User Assumed Another User,identity,,low
257,Potential Okta Password in AlternateID Field,identity,T1552,high
258,Access of Sudoers File Content,linux,T1592.004,medium
259,ASLR Disabled Via Sysctl or Direct Syscall - Linux,linux,"T1685, T1055.009",high
260,Audio Capture,linux,T1123,low
261,Audit Rules Deleted Via Auditctl,linux,T1685.004,high
262,Auditing Configuration Changes on Linux Host,linux,T1685,high
263,Bash Interactive Shell,linux,,low
264,Binary Padding - Linux,linux,T1027.001,high
265,BPFDoor Abnormal Process ID or Lock File Accessed,linux,"T1106, T1059",high
266,Bpfdoor TCP Ports Redirect,linux,T1686,medium
267,BPFtrace Unsafe Option Usage,linux,T1059.004,medium
268,Buffer Overflow Attempts,linux,T1068,high
269,Capabilities Discovery - Linux,linux,T1083,low
270,Capsh Shell Invocation - Linux,linux,T1059,high
271,Chmod Targeting Sensitive Directories,linux,T1222.002,medium
272,Clear or Disable Kernel Ring Buffer Logs via Syslog Syscall,linux,T1685.006,medium
273,Clipboard Collection of Image Data with Xclip Tool,linux,T1115,low
274,Clipboard Collection with Xclip Tool,linux,T1115,low
275,Clipboard Collection with Xclip Tool - Auditd,linux,T1115,low
276,Code Injection by ld.so Preload,linux,T1574.006,high
277,Commands to Clear or Remove the Syslog - Builtin,linux,T1565.001,high
278,Communication To LocaltoNet Tunneling Service Initiated - Linux,linux,"T1572, T1090, T1102",high
279,Communication To Ngrok Tunneling Service - Linux,linux,"T1567, T1568.002, T1572, T1090, T1102",high
280,Connection Proxy,linux,T1090,low
281,Container Residence Discovery Via Proc Virtual FS,linux,T1082,low
282,Copy Passwd Or Shadow From TMP Path,linux,T1552.001,high
283,Creation Of An User Account,linux,T1136.001,medium
284,Credentials In Files - Linux,linux,T1552.001,high
285,Crontab Enumeration,linux,T1007,low
286,Curl Usage on Linux,linux,T1105,low
287,Data Compressed,linux,T1560.001,low
288,Data Exfiltration with Wget,linux,T1048.003,medium
289,DD File Overwrite,linux,T1485,low
290,Decode Base64 Encoded Text,linux,T1027,low
291,Disable Or Stop Services,linux,"T1685, T1489",medium
292,Disable System Firewall,linux,T1686,high
293,Disabling Security Tools,linux,T1686,medium
294,Disabling Security Tools - Builtin,linux,T1686,medium
295,Docker Container Discovery Via Dockerenv Listing,linux,T1082,low
296,Download File To Potentially Suspicious Directory Via Wget,linux,T1105,medium
297,Enable BPF Kprobes Tracing,linux,,medium
298,Equation Group Indicators,linux,T1059.004,high
299,ESXi Account Creation Via ESXCLI,linux,"T1136, T1059.012",medium
300,ESXi Admin Permission Assigned To Account Via ESXCLI,linux,"T1059.012, T1098",high
301,ESXi Network Configuration Discovery Via ESXCLI,linux,"T1033, T1007, T1059.012",medium
302,ESXi Storage Information Discovery Via ESXCLI,linux,"T1033, T1007, T1059.012",medium
303,ESXi Syslog Configuration Change Via ESXCLI,linux,"T1685, T1690, T1059.012",medium
304,ESXi System Information Discovery Via ESXCLI,linux,"T1033, T1007, T1059.012",medium
305,ESXi VM Kill Via ESXCLI,linux,"T1059.012, T1529",medium
306,ESXi VM List Discovery Via ESXCLI,linux,"T1033, T1007, T1059.012",medium
307,ESXi VSAN Information Discovery Via ESXCLI,linux,"T1033, T1007, T1059.012",medium
308,Execution Of Script Located In Potentially Suspicious Directory,linux,,medium
309,File and Directory Discovery - Linux,linux,T1083,informational
310,File Deletion,linux,T1070.004,informational
311,File or Folder Permissions Change,linux,T1222.002,low
312,File Time Attribute Change - Linux,linux,T1070.006,medium
313,Flush Iptables Ufw Chain,linux,T1686,medium
314,Group Has Been Deleted Via Groupdel,linux,T1531,medium
315,Guacamole Two Users Sharing Session Anomaly,linux,T1212,high
316,Hidden Files and Directories,linux,T1564.001,low
317,History File Deletion,linux,T1565.001,high
318,Inline Python Execution - Spawn Shell Via OS System Library,linux,T1059,high
319,Install Root Certificate,linux,T1553.004,low
320,Interactive Bash Suspicious Children,linux,"T1059.004, T1036",medium
321,JexBoss Command Sequence,linux,T1059.004,high
322,Kaspersky Endpoint Security Stopped Via CommandLine - Linux,linux,T1685,high
323,Linux Base64 Encoded Pipe to Shell,linux,T1140,medium
324,Linux Base64 Encoded Shebang In CLI,linux,T1140,medium
325,Linux Capabilities Discovery,linux,"T1083, T1548",low
326,Linux Command History Tampering,linux,T1070.003,high
327,Linux Crypto Mining Indicators,linux,T1496,high
328,Linux Crypto Mining Pool Connections,linux,T1496,high
329,Linux Doas Conf File Creation,linux,T1548,medium
330,Linux Doas Tool Execution,linux,T1548,low
331,Linux HackTool Execution,linux,T1587,high
332,Linux Keylogging with Pam.d,linux,"T1003, T1056.001",high
333,Linux Logs Clearing Attempts,linux,T1685.006,medium
334,Linux Network Service Scanning - Auditd,linux,T1046,low
335,Linux Network Service Scanning Tools Execution,linux,T1046,low
336,Linux Package Uninstall,linux,T1070,low
337,Linux Recon Indicators,linux,"T1592.004, T1552.001",high
338,Linux Remote System Discovery,linux,T1018,low
339,Linux Reverse Shell Indicator,linux,T1059.004,critical
340,Linux Setgid Capability Set on a Binary via Setcap Utility,linux,"T1548, T1554",low
341,Linux Setuid Capability Set on a Binary via Setcap Utility,linux,"T1548, T1554",low
342,Linux Shell Pipe to Shell,linux,T1140,medium
343,Linux Sudo Chroot Execution,linux,T1068,low
344,Linux Webshell Indicators,linux,T1505.003,high
345,Loading of Kernel Module via Insmod,linux,T1547.006,high
346,Local Groups Discovery - Linux,linux,T1069.001,low
347,Local System Accounts Discovery - Linux,linux,T1087.001,low
348,Logging Configuration Changes on Linux Host,linux,T1685,high
349,Mask System Power Settings Via Systemctl,linux,T1653,high
350,Masquerading as Linux Crond Process,linux,T1036.003,medium
351,Modification of ld.so.preload,linux,T1574.006,high
352,Modify System Firewall,linux,T1686,medium
353,Modifying Crontab,linux,T1053.003,medium
354,Mount Execution With Hidepid Parameter,linux,T1564,medium
355,Named Pipe Created Via Mkfifo,linux,,low
356,Network Sniffing - Linux,linux,T1040,low
357,New Cron File Created,linux,T1053.003,low
358,Nohup Execution,linux,T1059.004,medium
359,OMIGOD SCX RunAsProvider ExecuteScript,linux,"T1068, T1190, T1203",high
360,OMIGOD SCX RunAsProvider ExecuteShellCommand,linux,"T1068, T1190, T1203",high
361,OS Architecture Discovery Via Grep,linux,T1082,low
362,Overwriting the File with Dev Zero or Null,linux,T1485,low
363,Password Policy Discovery - Linux,linux,T1201,low
364,Persistence Via Sudoers.d Files,linux,T1548.003,medium
365,Pnscan Binary Data Transmission Activity,linux,T1046,medium
366,Possible Coin Miner CPU Priority Param,linux,T1068,critical
367,Potential Abuse of Linux Magic System Request Key,linux,"T1059.004, T1529, T1489, T1499",medium
368,Potential Container Discovery Via Inodes Listing,linux,T1082,low
369,Potential Discovery Activity Using Find - Linux,linux,T1083,medium
370,Potential GobRAT File Discovery Via Grep,linux,T1082,high
371,Potential Linux Amazon SSM Agent Hijacking,linux,T1219.002,medium
372,Potential Linux Process Code Injection Via DD Utility,linux,T1055.009,medium
373,Potential Netcat Reverse Shell Execution,linux,T1059,high
374,Potential Perl Reverse Shell Execution,linux,,high
375,Potential PHP Reverse Shell,linux,,high
376,Potential Ruby Reverse Shell,linux,,medium
377,Potential Suspicious BPF Activity - Linux,linux,,high
378,Potential Suspicious Change To Sensitive/Critical Files,linux,T1565.001,medium
379,Potential Xterm Reverse Shell,linux,T1059,medium
380,Potentially Suspicious Execution From Tmp Folder,linux,T1036,medium
381,Potentially Suspicious Malware Callback Communication - Linux,linux,T1571,high
382,Potentially Suspicious Named Pipe Created Via Mkfifo,linux,,medium
383,Potentially Suspicious Shell Script Creation in Profile Folder,linux,,low
384,Print History File Contents,linux,T1592.004,medium
385,Privileged User Has Been Created,linux,"T1136.001, T1098",high
386,Process Execution From Shared Memory Directory,linux,T1027.011,high
387,Program Executions in Suspicious Folders,linux,"T1587, T1584",medium
388,PUA - TruffleHog Execution - Linux,linux,"T1083, T1552.001",medium
389,Python One-Liners with Base64 Decoding - Linux,linux,"T1059.006, T1027.010",high
390,Python Reverse Shell Execution Via PTY And Socket Modules,linux,,high
391,Python Spawning Pretty TTY Via PTY Module,linux,T1059,medium
392,Python WebServer Execution - Linux,linux,T1048.003,medium
393,Relevant ClamAV Message,linux,T1588.001,high
394,Remote Access Tool - Team Viewer Session Started On Linux Host,linux,T1133,low
395,Remote File Copy,linux,T1105,low
396,Remove Immutable File Attribute,linux,T1222.002,medium
397,Remove Immutable File Attribute - Auditd,linux,T1222.002,medium
398,Remove Scheduled Cron Task/Job,linux,,medium
399,Scheduled Cron Task/Job - Linux,linux,T1053.003,medium
400,Scheduled Task/Job At,linux,T1053.002,low
401,Screen Capture with Import Tool,linux,T1113,low
402,Screen Capture with Xwd,linux,T1113,low
403,Script Interpreter Spawning Credential Scanner - Linux,linux,"T1552, T1005, T1059.004",high
404,Security Software Discovery - Linux,linux,T1518.001,low
405,Service Reload or Start - Linux,linux,T1543.002,low
406,Setuid and Setgid,linux,T1548.001,low
407,Shell Execution GCC  - Linux,linux,T1083,high
408,Shell Execution Of Process Located In Tmp Directory,linux,,high
409,Shell Execution via Find - Linux,linux,T1083,high
410,Shell Execution via Flock - Linux,linux,T1083,high
411,Shell Execution via Git - Linux,linux,T1059,high
412,Shell Execution via Nice - Linux,linux,T1083,high
413,Shell Execution via Rsync - Linux,linux,T1059,high
414,Shell Invocation via Apt - Linux,linux,T1083,medium
415,Shell Invocation via Env Command - Linux,linux,T1059.004,high
416,Shell Invocation Via Ssh - Linux,linux,T1059,high
417,Shellshock Expression,linux,T1505.003,high
418,Special File Creation via Mknod Syscall,linux,T1543.003,low
419,Split A File Into Pieces - Linux,linux,T1030,low
420,Steganography Extract Files with Steghide,linux,T1027.003,low
421,Steganography Hide Files with Steghide,linux,T1027.003,low
422,Steganography Hide Zip Information in Picture File,linux,T1027.003,low
423,Steganography Unzip Hidden Information From Picture File,linux,T1027.003,low
424,Suspicious Activity in Shell Commands,linux,T1059.004,high
425,Suspicious C2 Activities,linux,,medium
426,Suspicious Commands Linux,linux,T1059.004,medium
427,Suspicious Curl Change User Agents - Linux,linux,T1071.001,medium
428,Suspicious Curl File Upload - Linux,linux,"T1567, T1105",medium
429,Suspicious Download and Execute Pattern via Curl/Wget,linux,"T1059.004, T1203",high
430,Suspicious Filename with Embedded Base64 Commands,linux,"T1059.004, T1027",high
431,Suspicious Git Clone - Linux,linux,T1593.003,medium
432,Suspicious History File Operations - Linux,linux,T1552.003,medium
433,Suspicious Invocation of Shell via AWK - Linux,linux,T1059,high
434,Suspicious Invocation of Shell via Rsync,linux,"T1059, T1203",high
435,Suspicious Java Children Processes,linux,T1059,high
436,Suspicious Log Entries,linux,,medium
437,Suspicious Named Error,linux,T1190,high
438,Suspicious Nohup Execution,linux,,high
439,Suspicious OpenSSH Daemon Error,linux,T1190,medium
440,Suspicious Package Installed - Linux,linux,T1553.004,medium
441,Suspicious Reverse Shell Command Line,linux,T1059.004,high
442,Suspicious Use of /dev/tcp,linux,,medium
443,Suspicious VSFTPD Error Messages,linux,T1190,medium
444,Symlink Etc Passwd,linux,T1204.001,high
445,Syslog Clearing or Removal Via System Utilities,linux,T1685.006,high
446,System and Hardware Information Discovery,linux,T1082,informational
447,System Info Discovery via Sysinfo Syscall,linux,"T1057, T1082",low
448,System Information Discovery,linux,T1082,informational
449,System Information Discovery - Auditd,linux,T1082,low
450,System Network Connections Discovery - Linux,linux,T1049,low
451,System Network Discovery - Linux,linux,T1016,informational
452,System Owner or User Discovery - Linux,linux,T1033,low
453,System Shutdown/Reboot - Linux,linux,T1529,informational
454,Systemd Service Creation,linux,T1543.002,medium
455,Touch Suspicious Service File,linux,T1070.006,medium
456,Triple Cross eBPF Rootkit Default LockFile,linux,,high
457,Triple Cross eBPF Rootkit Default Persistence,linux,T1053.003,high
458,Triple Cross eBPF Rootkit Execve Hijack,linux,,high
459,Triple Cross eBPF Rootkit Install Commands,linux,T1014,high
460,UFW Disable Attempt,linux,T1686,medium
461,Unix Shell Configuration Modification,linux,T1546.004,medium
462,Use Of Hidden Paths Or Files,linux,T1574.001,low
463,User Added To Root/Sudoers Group Using Usermod,linux,,medium
464,User Has Been Deleted Via Userdel,linux,T1531,medium
465,Vim GTFOBin Abuse - Linux,linux,"T1059, T1083",high
466,Webshell Remote Command Execution,linux,T1505.003,critical
467,Wget Creating Files in Tmp Directory,linux,T1105,medium
468,Binary Padding - MacOS,macos,T1027.001,high
469,Clipboard Access Via OSAScript,macos,"T1115, T1059.002",medium
470,Creation Of A Local User Account,macos,T1136.001,low
471,Credentials from Password Stores - Keychain,macos,T1555.001,medium
472,Credentials In Files,macos,T1552.001,high
473,Decode Base64 Encoded Text -MacOs,macos,T1027,low
474,Disable Security Tools,macos,T1685,medium
475,Disk Image Creation Via Hdiutil - MacOS,macos,,medium
476,Disk Image Mounting Via Hdiutil - MacOS,macos,"T1566.001, T1560.001",medium
477,File and Directory Discovery - MacOS,macos,T1083,informational
478,File Download Via Nscurl - MacOS,macos,T1105,medium
479,File Time Attribute Change,macos,T1070.006,medium
480,Gatekeeper Bypass via Xattr,macos,T1553.001,low
481,Guest Account Enabled Via Sysadminctl,macos,"T1078, T1078.001",low
482,GUI Input Capture - macOS,macos,T1056.002,low
483,Hidden Flag Set On File/Directory Via Chflags - MacOS,macos,"T1218, T1564.004, T1552.001, T1105",medium
484,Hidden User Creation,macos,T1564.002,medium
485,Indicator Removal on Host - Clear Mac System Logs,macos,T1685.006,medium
486,JAMF MDM Execution,macos,,low
487,JAMF MDM Potential Suspicious Child Process,macos,,medium
488,JXA In-memory Execution Via OSAScript,macos,"T1059.002, T1059.007",high
489,Launch Agent/Daemon Execution Via Launchctl,macos,"T1569.001, T1543.001, T1543.004",medium
490,Local Groups Discovery - MacOs,macos,T1069.001,informational
491,Local System Accounts Discovery - MacOs,macos,T1087.001,low
492,MacOS Emond Launch Daemon,macos,T1546.014,medium
493,MacOS Network Service Scanning,macos,T1046,low
494,Macos Remote System Discovery,macos,T1018,informational
495,MacOS Scripting Interpreter AppleScript,macos,T1059.002,medium
496,Network Sniffing - MacOs,macos,T1040,informational
497,New File Exclusion Added To Time Machine Via Tmutil - MacOS,macos,T1490,medium
498,Osacompile Execution By Potentially Suspicious Applet/Osascript,macos,T1059.002,medium
499,OSACompile Run-Only Execution,macos,T1059.002,high
500,Payload Decoded and Decrypted via Built-in Utilities,macos,"T1059, T1204, T1140",medium
501,Potential Base64 Decoded From Images,macos,T1140,high
502,Potential Discovery Activity Using Find - MacOS,macos,T1083,medium
503,Potential In-Memory Download And Compile Of Payloads,macos,"T1059.007, T1105",medium
504,Potential Persistence Via PlistBuddy,macos,"T1543.001, T1543.004",high
505,Potential WizardUpdate Malware Infection,macos,,high
506,Potential XCSSET Malware Infection,macos,,medium
507,Remote Access Tool - Potential MeshAgent Execution - MacOS,macos,T1219.002,medium
508,Remote Access Tool - Renamed MeshAgent Execution - MacOS,macos,"T1219.002, T1036.003",high
509,Remote Access Tool - Team Viewer Session Started On MacOS Host,macos,T1133,low
510,Root Account Enable Via Dsenableroot,macos,"T1078, T1078.001, T1078.003",medium
511,Scheduled Cron Task/Job - MacOs,macos,T1053.003,medium
512,Screen Capture - macOS,macos,T1113,low
513,Security Software Discovery - MacOs,macos,T1518.001,medium
514,Space After Filename - macOS,macos,T1036.006,low
515,Split A File Into Pieces,macos,T1030,low
516,Startup Item File Created - MacOS,macos,T1037.005,low
517,Suspicious Browser Child Process - MacOS,macos,"T1189, T1203, T1059",medium
518,Suspicious Execution via macOS Script Editor,macos,"T1566, T1566.002, T1059, T1059.002, T1204, T1204.001, T1553",medium
519,Suspicious History File Operations,macos,T1552.003,medium
520,Suspicious Installer Package Child Process,macos,"T1059, T1059.007, T1071, T1071.001",medium
521,Suspicious MacOS Firmware Activity,macos,,medium
522,Suspicious Microsoft Office Child Process - MacOS,macos,"T1059.002, T1137.002, T1204.002",high
523,System Information Discovery Using Ioreg,macos,T1082,medium
524,System Information Discovery Using sw_vers,macos,T1082,medium
525,System Information Discovery Using System_Profiler,macos,"T1082, T1497.001",medium
526,System Information Discovery Via Sysctl - MacOS,macos,"T1497.001, T1082",medium
527,System Integrity Protection (SIP) Disabled,macos,T1518.001,medium
528,System Integrity Protection (SIP) Enumeration,macos,T1518.001,low
529,System Network Connections Discovery - MacOs,macos,T1049,informational
530,System Network Discovery - macOS,macos,T1016,informational
531,System Shutdown/Reboot - MacOs,macos,T1529,informational
532,Time Machine Backup Deletion Attempt Via Tmutil - MacOS,macos,T1490,medium
533,Time Machine Backup Disabled Via Tmutil - MacOS,macos,T1490,medium
534,User Added To Admin Group Via Dscl,macos,T1078.003,medium
535,User Added To Admin Group Via DseditGroup,macos,T1078.003,medium
536,User Added To Admin Group Via Sysadminctl,macos,T1078.003,medium
537,Cisco BGP Authentication Failures,network,"T1078, T1110, T1557",low
538,Cisco Clear Logs,network,T1070.003,high
539,Cisco Collect Data,network,"T1087.001, T1552.001, T1005",low
540,Cisco Crypto Commands,network,"T1553.004, T1552.004",high
541,Cisco Denial of Service,network,"T1495, T1529, T1565.001",medium
542,Cisco Disabling Logging,network,T1685,high
543,Cisco Discovery,network,"T1083, T1201, T1057, T1018, T1082, T1016, T1049, T1033, T1124",low
544,Cisco Dot1x Disabled,network,"T1685, T1556.004",medium
545,Cisco File Deletion,network,"T1070.004, T1561.001, T1561.002",medium
546,Cisco LDP Authentication Failures,network,"T1078, T1110, T1557",low
547,Cisco Local Accounts,network,"T1136.001, T1098",high
548,Cisco Modify Configuration,network,"T1490, T1505, T1565.002, T1053",medium
549,Cisco Show Commands Input,network,T1552.003,medium
550,Cisco Sniffing,network,T1040,medium
551,Cisco Stage Data,network,"T1074, T1105, T1560.001",low
552,Cleartext Protocol Usage,network,,low
553,Cobalt Strike DNS Beaconing,network,T1071.004,critical
554,Default Cobalt Strike Certificate,network,,high
555,DNS Events Related To Mining Pools,network,"T1569.002, T1496",low
556,DNS Query to External Service Interaction Domains,network,"T1190, T1595.002",high
557,DNS TOR Proxies,network,T1048,medium
558,DNS TXT Answer with Possible Execution Strings,network,T1071.004,high
559,Executable from Webdav,network,T1105,medium
560,First Time Seen Remote Named Pipe - Zeek,network,T1021.002,high
561,FortiGate - Firewall Address Object Added,network,T1686.002,medium
562,FortiGate - New Administrator Account Created,network,T1136.001,medium
563,FortiGate - New Firewall Policy Added,network,T1686.002,medium
564,FortiGate - New Local User Created,network,T1136.001,medium
565,FortiGate - New VPN SSL Web Portal Added,network,T1133,medium
566,FortiGate - User Group Modified,network,,medium
567,FortiGate - VPN SSL Settings Modified,network,T1133,medium
568,HTTP Request to Low Reputation TLD or Suspicious File Extension,network,,medium
569,Huawei BGP Authentication Failures,network,"T1078, T1110, T1557",low
570,Juniper BGP Missing MD5,network,"T1078, T1110, T1557",low
571,Kerberos Network Traffic RC4 Ticket Encryption,network,T1558.003,medium
572,MITRE BZAR Indicators for Execution,network,"T1047, T1053.002, T1569.002",medium
573,MITRE BZAR Indicators for Persistence,network,T1547.004,medium
574,Monero Crypto Coin Mining Pool Lookup,network,"T1496, T1567",high
575,New Kind of Network (NKN) Detection,network,,low
576,Possible Impacket SecretDump Remote Activity - Zeek,network,"T1003.002, T1003.004, T1003.003",high
577,Potential PetitPotam Attack Via EFS RPC Calls,network,"T1557.001, T1187",medium
578,Publicly Accessible RDP Service,network,T1021.001,high
579,Remote Task Creation via ATSVC Named Pipe - Zeek,network,T1053.002,medium
580,SMB Spoolss Name Piped Usage,network,T1021.002,medium
581,Suspicious Access to Sensitive File Extensions - Zeek,network,,medium
582,Suspicious DNS Query Indicating Kerberos Coercion via DNS Object SPN Spoofing - Network,network,"T1557.001, T1187",high
583,Suspicious DNS Query with B64 Encoded String,network,"T1048.003, T1071.004",medium
584,Suspicious DNS Z Flag Bit Set,network,"T1095, T1571",medium
585,Suspicious PsExec Execution - Zeek,network,T1021.002,high
586,Telegram Bot API Request,network,T1102.002,medium
587,Transferring Files with Credential Data via Network Shares - Zeek,network,"T1003.002, T1003.001, T1003.003",medium
588,Wannacry Killswitch Domain,network,T1071.001,high
589,WebDav Put Request,network,T1048.003,low
590,Apache Segmentation Fault,web,T1499.004,high
591,Apache Threading Error,web,"T1190, T1210",medium
592,APT User Agent,web,T1071.001,high
593,Bitsadmin to Uncommon IP Server Address,web,"T1071.001, T1197",high
594,Bitsadmin to Uncommon TLD,web,"T1071.001, T1197",high
595,Cross Site Scripting Strings,web,T1189,high
596,Crypto Miner User Agent,web,T1071.001,high
597,Download from Suspicious Dyndns Hosts,web,"T1105, T1568",medium
598,Download From Suspicious TLD - Blacklist,web,"T1566, T1203, T1204.002",low
599,Download From Suspicious TLD - Whitelist,web,"T1566, T1203, T1204.002",low
600,Exploit Framework User Agent,web,T1071.001,high
601,F5 BIG-IP iControl Rest API Command Execution - Proxy,web,T1190,medium
602,F5 BIG-IP iControl Rest API Command Execution - Webserver,web,T1190,medium
603,Flash Player Update from Suspicious Location,web,"T1189, T1204.002, T1036.005",high
604,Hack Tool User Agent,web,"T1190, T1110",high
605,HackTool - BabyShark Agent Default URL Pattern,web,T1071.001,critical
606,HackTool - CobaltStrike Malleable Profile Patterns - Proxy,web,T1071.001,high
607,HackTool - Empire UserAgent URI Combo,web,T1071.001,high
608,HTTP Request With Empty User Agent,web,T1071.001,medium
609,Java Payload Strings,web,T1190,high
610,JNDIExploit Pattern,web,T1190,high
611,Malware User Agent,web,T1071.001,high
612,Nginx Core Dump,web,T1499.004,high
613,Path Traversal Exploitation Attempts,web,T1190,medium
614,Potential Base64 Encoded User-Agent,web,T1071.001,medium
615,Potential Hello-World Scraper Botnet Activity,web,T1595,medium
616,PUA - Advanced IP/Port Scanner Update Check,web,T1590,medium
617,PwnDrp Access,web,"T1071.001, T1102.001, T1102.003",critical
618,Raw Paste Service Access,web,"T1071.001, T1102.001, T1102.003",high
619,Rclone Activity via Proxy,web,T1567.002,medium
620,Server Side Template Injection Strings,web,T1221,high
621,Source Code Enumeration Detection by Keyword,web,T1083,medium
622,SQL Injection Strings In URI,web,T1190,high
623,Successful IIS Shortname Fuzzing Scan,web,T1190,medium
624,Suspicious Base64 Encoded User-Agent,web,T1071.001,medium
625,Suspicious External WebDAV Execution,web,"T1584, T1566",high
626,Suspicious Network Communication With IPFS,web,T1056,low
627,Suspicious User Agent,web,T1071.001,high
628,Suspicious User-Agents Related To Recon Tools,web,T1190,medium
629,Suspicious Windows Strings In URI,web,T1505.003,high
630,Telegram API Access,web,"T1071.001, T1102.002",medium
631,Webshell ReGeorg Detection Via Web Logs,web,T1505.003,high
632,Windows PowerShell User Agent,web,T1071.001,medium
633,Windows WebDAV User Agent,web,T1071.001,high
634,Windows Webshell Strings,web,T1505.003,high
635,.RDP File Created By Uncommon Application,windows,,high
636,7Zip Compressing Dump Files,windows,T1560.001,medium
637,A Member Was Added to a Security-Enabled Global Group,windows,T1098,low
638,A Member Was Removed From a Security-Enabled Global Group,windows,T1098,low
639,A New Trust Was Created To A Domain,windows,T1098,medium
640,A Rule Has Been Deleted From The Windows Firewall Exception List,windows,T1686.003,medium
641,A Security-Enabled Global Group Was Deleted,windows,T1098,low
642,AADInternals PowerShell Cmdlets Execution - ProccessCreation,windows,,high
643,AADInternals PowerShell Cmdlets Execution - PsScript,windows,,high
644,Abusable DLL Potential Sideloading From Suspicious Location,windows,T1059,high
645,Abuse of Service Permissions to Hide Services Via Set-Service,windows,T1574.011,high
646,Abuse of Service Permissions to Hide Services Via Set-Service - PS,windows,T1574.011,high
647,Abused Debug Privilege by Arbitrary Parent Processes,windows,T1548,high
648,Abusing Print Executable,windows,T1218,medium
649,Access To ADMIN$ Network Share,windows,T1021.002,low
650,Access to Browser Login Data,windows,T1555.003,medium
651,Access To Crypto Currency Wallets By Uncommon Applications,windows,T1003,medium
652,Access To Potentially Sensitive Sysvol Files By Uncommon Applications,windows,T1552.006,medium
653,Access To Windows Credential History File By Uncommon Applications,windows,T1555.004,medium
654,Access To Windows DPAPI Master Keys By Uncommon Applications,windows,T1555.004,medium
655,Account Tampering - Suspicious Failed Logon Reasons,windows,T1078,medium
656,Activate Suppression of Windows Security Center Notifications,windows,T1112,medium
657,Active Directory Certificate Services Denied Certificate Enrollment Request,windows,T1553.004,low
658,Active Directory Computers Enumeration With Get-AdComputer,windows,"T1018, T1087.002",low
659,Active Directory Database Snapshot Via ADExplorer,windows,"T1087.002, T1069.002, T1482",medium
660,Active Directory Group Enumeration With Get-AdGroup,windows,T1069.002,low
661,Active Directory Replication from Non Machine Account - DcSync Indicator,windows,T1003.006,medium
662,Active Directory Structure Export Via Csvde.EXE,windows,T1087.002,medium
663,Active Directory Structure Export Via Ldifde.EXE,windows,,medium
664,Active Directory User Backdoors,windows,T1098,high
665,AD Groups Or Users Enumeration Using PowerShell - PoshModule,windows,T1069.001,low
666,AD Groups Or Users Enumeration Using PowerShell - ScriptBlock,windows,T1069.001,low
667,AD Object WriteDAC Access,windows,T1222.001,critical
668,AD Privileged Users or Groups Reconnaissance,windows,T1087.002,high
669,ADCS Certificate Template Configuration Vulnerability,windows,,low
670,ADCS Certificate Template Configuration Vulnerability with Risky EKU,windows,,high
671,Add Debugger Entry To AeDebug For Persistence,windows,,medium
672,Add Debugger Entry To Hangs Key For Persistence,windows,,high
673,Add DisallowRun Execution to Registry,windows,T1112,medium
674,Add Insecure Download Source To Winget,windows,T1059,high
675,Add New Download Source To Winget,windows,T1059,medium
676,Add or Remove Computer from DC,windows,T1207,low
677,Add Port Monitor Persistence in Registry,windows,T1547.010,medium
678,Add Potential Suspicious New Download Source To Winget,windows,T1059,medium
679,Add SafeBoot Keys Via Reg Utility,windows,T1685,high
680,Add Windows Capability Via PowerShell Cmdlet,windows,,medium
681,Add Windows Capability Via PowerShell Script,windows,,medium
682,AddinUtil.EXE Execution From Uncommon Directory,windows,T1218,medium
683,Addition of SID History to Active Directory Object,windows,T1134.005,medium
684,ADExplorer Writing Complete AD Snapshot Into .dat File,windows,"T1087.002, T1069.002, T1482",medium
685,ADFS Database Named Pipe Connection By Uncommon Tool,windows,T1005,medium
686,Admin User Remote Logon,windows,"T1078.001, T1078.002, T1078.003",low
687,ADS Zone.Identifier Deleted By Uncommon Application,windows,T1070.004,medium
688,ADSI-Cache File Creation By Uncommon Tool,windows,T1001.003,medium
689,Advanced IP Scanner - File Event,windows,T1046,medium
690,Adwind RAT / JRAT File Artifact,windows,"T1059.005, T1059.007",high
691,AgentExecutor PowerShell Execution,windows,T1218,medium
692,All Backups Deleted Via Wbadmin.EXE,windows,T1490,high
693,All Rules Have Been Deleted From The Windows Firewall Configuration,windows,T1686.003,high
694,Allow RDP Remote Assistance Feature,windows,T1112,medium
695,Allow Service Access Using Security Descriptor Tampering Via Sc.EXE,windows,T1543.003,high
696,Alternate PowerShell Hosts - PowerShell Module,windows,T1059.001,medium
697,Alternate PowerShell Hosts Pipe,windows,T1059.001,medium
698,Always Install Elevated MSI Spawned Cmd And Powershell,windows,T1548.002,medium
699,Always Install Elevated Windows Installer,windows,T1548.002,medium
700,AMSI Bypass Pattern Assembly GetType,windows,T1685,high
701,AMSI Disabled via Registry Modification,windows,T1685,high
702,Amsi.DLL Loaded Via LOLBIN Process,windows,,medium
703,Antivirus Filter Driver Disallowed On Dev Drive - Registry,windows,T1685,high
704,Anydesk Remote Access Software Service Installation,windows,,medium
705,Anydesk Temporary Artefact,windows,T1219.002,medium
706,Application Removed Via Wmic.EXE,windows,T1047,medium
707,Application Termination Attempt via Wmic.EXE,windows,T1047,medium
708,Application Uninstalled,windows,T1489,low
709,AppLocker Application Would Have Been Blocked,windows,"T1204.002, T1059.001, T1059.003, T1059.005, T1059.006, T1059.007",medium
710,AppLocker Prevented Application or Script from Running,windows,"T1204.002, T1059.001, T1059.003, T1059.005, T1059.006, T1059.007",medium
711,AppX Located in Known Staging Directory Added to Deployment Pipeline,windows,,high
712,AppX Located in Uncommon Directory Added to Deployment Pipeline,windows,,medium
713,AppX Package Deployment Failed Due to Signing Requirements,windows,,medium
714,AppX Package Installation Attempts Via AppInstaller.EXE,windows,T1105,medium
715,Arbitrary Binary Execution Using GUP Utility,windows,,medium
716,Arbitrary DLL or Csproj Code Execution Via Dotnet.EXE,windows,T1218,medium
717,Arbitrary File Download Via ConfigSecurityPolicy.EXE,windows,T1567,medium
718,Arbitrary File Download Via GfxDownloadWrapper.EXE,windows,T1105,medium
719,Arbitrary File Download Via IMEWDBLD.EXE,windows,T1218,high
720,Arbitrary File Download Via MSEDGE_PROXY.EXE,windows,T1218,medium
721,Arbitrary File Download Via MSOHTMED.EXE,windows,T1218,medium
722,Arbitrary File Download Via MSPUB.EXE,windows,T1218,medium
723,Arbitrary File Download Via PresentationHost.EXE,windows,T1218,medium
724,Arbitrary File Download Via Squirrel.EXE,windows,T1218,medium
725,Arbitrary MSI Download Via Devinit.EXE,windows,T1218,medium
726,Arbitrary Shell Command Execution Via Settingcontent-Ms,windows,"T1204, T1566.001",medium
727,Aruba Network Service Potential DLL Sideloading,windows,T1574.001,high
728,AspNetCompiler Execution,windows,T1127,medium
729,Assembly DLL Creation Via AspNetCompiler,windows,,medium
730,Assembly Loading Via CL_LoadAssembly.ps1,windows,T1216,medium
731,Atbroker Registry Change,windows,"T1218, T1547",medium
732,Atera Agent Installation,windows,T1219.002,high
733,Attempts of Kerberos Coercion Via DNS SPN Spoofing,windows,"T1557.001, T1187",high
734,Audio Capture via PowerShell,windows,T1123,medium
735,Audio Capture via SoundRecorder,windows,T1123,medium
736,Audit CVE Event,windows,"T1203, T1068, T1211, T1212, T1210, T1499.004",critical
737,Audit Policy Tampering Via Auditpol,windows,T1685.001,high
738,Audit Policy Tampering Via NT Resource Kit Auditpol,windows,T1685.001,high
739,Automated Collection Bookmarks Using Get-ChildItem PowerShell,windows,T1217,low
740,Automated Collection Command PowerShell,windows,T1119,medium
741,Automated Collection Command Prompt,windows,"T1119, T1552.001",medium
742,AWL Bypass with Winrm.vbs and Malicious WsmPty.xsl/WsmTxt.xsl,windows,T1216,medium
743,AWL Bypass with Winrm.vbs and Malicious WsmPty.xsl/WsmTxt.xsl - File,windows,T1216,medium
744,Azure AD Health Monitoring Agent Registry Keys Access,windows,T1012,medium
745,Azure AD Health Service Agents Registry Keys Access,windows,T1012,medium
746,BaaUpdate.exe Suspicious DLL Load,windows,"T1218, T1021.003",high
747,Backup Catalog Deleted,windows,T1070.004,medium
748,Backup Files Deleted,windows,T1490,medium
749,Bad Opsec Defaults Sacrificial Processes With Improper Arguments,windows,T1218.011,high
750,Bad Opsec Powershell Code Artifacts,windows,T1059.001,critical
751,Base64 Encoded PowerShell Command Detected,windows,"T1027, T1140, T1059.001",high
752,Base64 MZ Header In CommandLine,windows,,high
753,Binary Proxy Execution Via Dotnet-Trace.EXE,windows,T1218,medium
754,BitLockerTogo.EXE Execution,windows,T1218,low
755,BITS Transfer Job Download From Direct IP,windows,T1197,high
756,BITS Transfer Job Download From File Sharing Domains,windows,T1197,high
757,BITS Transfer Job Download To Potential Suspicious Folder,windows,T1197,high
758,BITS Transfer Job Downloading File Potential Suspicious Extension,windows,T1197,medium
759,BITS Transfer Job With Uncommon Or Suspicious Remote TLD,windows,T1197,medium
760,BloodHound Collection Files,windows,"T1087.001, T1087.002, T1482, T1069.001, T1069.002, T1059.001",high
761,Boot Configuration Tampering Via Bcdedit.EXE,windows,T1490,high
762,Browser Execution In Headless Mode,windows,"T1105, T1564.003",low
763,Browser Started with Remote Debugging,windows,T1185,medium
764,Bypass UAC Using DelegateExecute,windows,T1548.002,high
765,Bypass UAC Using Event Viewer,windows,T1547.010,high
766,Bypass UAC Using SilentCleanup Task,windows,T1548.002,high
767,Bypass UAC via CMSTP,windows,"T1548.002, T1218.003",high
768,Bypass UAC via Fodhelper.exe,windows,T1548.002,high
769,Bypass UAC via WSReset.exe,windows,T1548.002,high
770,C# IL Code Compilation Via Ilasm.EXE,windows,T1127,medium
771,Cab File Extraction Via Wusa.EXE From Potentially Suspicious Paths,windows,,high
772,Capture Credentials with Rpcping.exe,windows,T1003,medium
773,Certificate Exported From Local Certificate Store,windows,T1649,medium
774,Certificate Exported Via Certutil.EXE,windows,T1027,medium
775,Certificate Exported Via PowerShell,windows,"T1552.004, T1059.001",medium
776,Certificate Exported Via PowerShell - ScriptBlock,windows,T1552.004,medium
777,Certificate Private Key Acquired,windows,T1649,medium
778,Certificate Request Export to Exchange Webserver,windows,T1505.003,critical
779,Certificate Use With No Strong Mapping,windows,,medium
780,Change Default File Association To Executable Via Assoc,windows,T1546.001,high
781,Change Default File Association Via Assoc,windows,T1546.001,low
782,Change PowerShell Policies to an Insecure Level,windows,T1059.001,medium
783,Change PowerShell Policies to an Insecure Level - PowerShell,windows,T1059.001,medium
784,Change the Fax Dll,windows,T1112,high
785,Change User Account Associated with the FAX Service,windows,T1112,high
786,Change User Agents with WebRequest,windows,T1071.001,medium
787,Change Winevt Channel Access Permission Via Registry,windows,T1685.001,high
788,Changing Existing Service ImagePath Value Via Reg.EXE,windows,T1574.011,medium
789,Chopper Webshell Process Pattern,windows,"T1505.003, T1018, T1033, T1087",high
790,Chromium Browser Headless Execution To Mockbin Like Site,windows,,high
791,Chromium Browser Instance Executed With Custom Extension,windows,T1176.001,medium
792,Classes Autorun Keys Modification,windows,T1547.001,medium
793,Clear PowerShell History - PowerShell,windows,T1070.003,medium
794,Clear PowerShell History - PowerShell Module,windows,T1070.003,medium
795,Clearing Windows Console History,windows,"T1070, T1070.003",high
796,Clfs.SYS Loaded By Process Located In a Potential Suspicious Location,windows,T1059,medium
797,ClickOnce Trust Prompt Tampering,windows,T1112,medium
798,Cloudflared Portable Execution,windows,T1090.001,medium
799,Cloudflared Quick Tunnel Execution,windows,T1090.001,medium
800,Cloudflared Tunnel Connections Cleanup,windows,"T1102, T1090, T1572",medium
801,Cloudflared Tunnel Execution,windows,"T1102, T1090, T1572",medium
802,Cloudflared Tunnels Related DNS Requests,windows,"T1071.001, T1572",medium
803,CLR DLL Loaded Via Office Applications,windows,T1204.002,medium
804,Cmd Launched with Hidden Start Flags to Suspicious Targets,windows,T1564.003,medium
805,Cmd.EXE Missing Space Characters Execution Anomaly,windows,T1059.001,high
806,CMSTP App Paths Registry Key Modification,windows,T1218.003,high
807,CMSTP Execution Process Access,windows,"T1218.003, T1559.001",high
808,CMSTP Execution Process Creation,windows,T1218.003,high
809,CMSTP UAC Bypass via COM Object Access,windows,"T1548.002, T1218.003",high
810,CobaltStrike Load by Rundll32,windows,T1218.011,high
811,CobaltStrike Named Pipe,windows,T1055,critical
812,CobaltStrike Named Pipe Pattern Regex,windows,T1055,critical
813,CobaltStrike Named Pipe Patterns,windows,T1055,high
814,CobaltStrike Service Installations - Security,windows,"T1021.002, T1543.003, T1569.002",high
815,CobaltStrike Service Installations - System,windows,"T1021.002, T1543.003, T1569.002",critical
816,Code Executed Via Office Add-in XLL File,windows,T1137.006,high
817,Code Execution via Pcwutl.dll,windows,T1218.011,medium
818,CodeIntegrity - Blocked Driver Load With Revoked Certificate,windows,T1543,high
819,CodeIntegrity - Blocked Image Load With Revoked Certificate,windows,,high
820,CodeIntegrity - Blocked Image/Driver Load For Policy Violation,windows,T1543,high
821,CodeIntegrity - Disallowed File For Protected Processes Has Been Blocked,windows,,high
822,CodeIntegrity - Revoked Image Loaded,windows,,high
823,CodeIntegrity - Revoked Kernel Driver Loaded,windows,,high
824,CodeIntegrity - Unmet Signing Level Requirements By File Under Validation,windows,,low
825,CodeIntegrity - Unmet WHQL Requirements For Loaded Kernel Module,windows,,high
826,CodeIntegrity - Unsigned Image Loaded,windows,,high
827,CodeIntegrity - Unsigned Kernel Module Loaded,windows,,high
828,CodePage Modification Via MODE.COM To Russian Language,windows,T1036,medium
829,COM Hijack via Sdclt,windows,"T1546, T1548",high
830,COM Hijacking via TreatAs,windows,T1546.015,medium
831,COM Object Execution via Xwizard.EXE,windows,T1218,medium
832,COM Object Hijacking Via Modification Of Default System CLSID Default Value,windows,T1546.015,high
833,Command Line Execution with Suspicious URL and AppData Strings,windows,"T1059.003, T1059.001, T1105",medium
834,Common Autorun Keys Modification,windows,T1547.001,medium
835,Communication To LocaltoNet Tunneling Service Initiated,windows,"T1572, T1090, T1102",high
836,Communication To Ngrok Tunneling Service Initiated,windows,"T1567, T1568.002, T1572, T1090, T1102",high
837,Communication To Uncommon Destination Ports,windows,T1571,medium
838,Compress Data and Lock With Password for Exfiltration With 7-ZIP,windows,T1560.001,medium
839,Compress Data and Lock With Password for Exfiltration With WINZIP,windows,T1560.001,medium
840,Compressed File Creation Via Tar.EXE,windows,"T1560, T1560.001",low
841,Compressed File Extraction Via Tar.EXE,windows,"T1560, T1560.001",low
842,Computer Discovery And Export Via Get-ADComputer Cmdlet,windows,T1033,medium
843,Computer Discovery And Export Via Get-ADComputer Cmdlet - PowerShell,windows,T1033,medium
844,Computer Password Change Via Ksetup.EXE,windows,,medium
845,Computer System Reconnaissance Via Wmic.EXE,windows,T1047,medium
846,Conhost Spawned By Uncommon Parent Process,windows,T1059,medium
847,Conhost.exe CommandLine Path Traversal,windows,T1059.003,high
848,Console CodePage Lookup Via CHCP,windows,T1614.001,medium
849,Control Panel Items,windows,"T1218.002, T1546",high
850,ConvertTo-SecureString Cmdlet Usage Via CommandLine,windows,"T1027, T1059.001",medium
851,Copy .DMP/.DUMP Files From Remote Share Via Cmd.EXE,windows,,high
852,Copy From Or To Admin Share Or Sysvol Folder,windows,"T1039, T1048, T1021.002",medium
853,Copy From VolumeShadowCopy Via Cmd.EXE,windows,T1490,high
854,Copying Sensitive Files with Credential Data,windows,"T1003.002, T1003.003",high
855,Crash Dump Created By Operating System,windows,"T1003.002, T1005",medium
856,CrashControl CrashDump Disabled,windows,"T1564, T1112",medium
857,Create Volume Shadow Copy with Powershell,windows,T1003.003,high
858,Created Files by Microsoft Sync Center,windows,"T1055, T1218",medium
859,CreateDump Process Dump,windows,"T1036, T1003.001",high
860,Creation Exe for Service with Unquoted Path,windows,T1547.009,high
861,Creation of a Diagcab,windows,,medium
862,Creation of a Local Hidden User Account by Registry,windows,T1136.001,high
863,Creation Of a Suspicious ADS File Outside a Browser Download,windows,,medium
864,Creation Of Non-Existent System DLL,windows,T1574.001,medium
865,Creation of WerFault.exe/Wer.dll in Unusual Folder,windows,T1574.001,medium
866,Cred Dump Tools Dropped Files,windows,"T1003.001, T1003.002, T1003.003, T1003.004, T1003.005",high
867,Credential Dumping Activity By Python Based Tool,windows,T1003.001,high
868,Credential Dumping Attempt Via Svchost,windows,T1548,high
869,Credential Dumping Attempt Via WerFault,windows,T1003.001,high
870,Credential Dumping Tools Service Execution - Security,windows,"T1003.001, T1003.002, T1003.004, T1003.005, T1003.006, T1569.002",high
871,Credential Dumping Tools Service Execution - System,windows,"T1003.001, T1003.002, T1003.004, T1003.005, T1003.006, T1569.002",high
872,Credential Manager Access By Uncommon Applications,windows,T1003,medium
873,CredUI.DLL Loaded By Uncommon Process,windows,T1056.002,medium
874,Critical Hive In Suspicious Location Access Bits Cleared,windows,T1003.002,high
875,Csc.EXE Execution Form Potentially Suspicious Parent,windows,"T1059.005, T1059.007, T1218.005, T1027.004",high
876,Cscript/Wscript Potentially Suspicious Child Process,windows,,medium
877,Cscript/Wscript Uncommon Script Extension Execution,windows,"T1059.005, T1059.007",high
878,CSExec Service File Creation,windows,T1569.002,medium
879,CSExec Service Installation,windows,T1569.002,medium
880,Curl Download And Execute Combination,windows,"T1218, T1105",high
881,Curl File Upload To File Sharing Websites,windows,T1567.002,high
882,Curl Web Request With Potential Custom User-Agent,windows,,medium
883,CurrentControlSet Autorun Keys Modification,windows,T1547.001,medium
884,CurrentVersion Autorun Keys Modification,windows,T1547.001,medium
885,CurrentVersion NT Autorun Keys Modification,windows,T1547.001,medium
886,Custom File Open Handler Executes PowerShell,windows,T1202,high
887,Data Copied To Clipboard Via Clip.EXE,windows,T1115,low
888,Data Export From MSSQL Table Via BCP.EXE,windows,T1048,medium
889,DCERPC SMB Spoolss Named Pipe,windows,T1021.002,medium
890,DCOM InternetExplorer.Application Iertutil DLL Hijack - Security,windows,"T1021.002, T1021.003",high
891,Default RDP Port Changed to Non Standard Port,windows,T1547.010,high
892,Delete All Scheduled Tasks,windows,T1489,high
893,Delete Defender Scan ShellEx Context Menu Registry Key,windows,,medium
894,Delete Important Scheduled Task,windows,T1489,high
895,Delete Volume Shadow Copies Via WMI With PowerShell,windows,T1490,high
896,Deleted Data Overwritten Via Cipher.EXE,windows,T1485,medium
897,Deletion of Volume Shadow Copies via WMI with PowerShell,windows,T1490,high
898,Deletion of Volume Shadow Copies via WMI with PowerShell - PS Script,windows,T1490,high
899,Denied Access To Remote Desktop,windows,T1021.001,medium
900,Deny Service Access Using Security Descriptor Tampering Via Sc.EXE,windows,T1543.003,high
901,Deployment AppX Package Was Blocked By AppLocker,windows,,medium
902,Deployment Of The AppX Package Was Blocked By The Policy,windows,,medium
903,Desktop.INI Created by Uncommon Process,windows,T1547.009,medium
904,Detected Windows Software Discovery,windows,T1518,medium
905,Detected Windows Software Discovery - PowerShell,windows,T1518,medium
906,Detection of PowerShell Execution via Sqlps.exe,windows,"T1059.001, T1127",medium
907,Devcon Execution Disabling VMware VMCI Device,windows,"T1543.003, T1685",high
908,Device Installation Blocked,windows,T1200,medium
909,DeviceCredentialDeployment Execution,windows,T1218,medium
910,Devtoolslauncher.exe Executes Specified Binary,windows,T1218,high
911,DHCP Callout DLL Installation,windows,"T1574.001, T1112",high
912,DHCP Server Error Failed Loading the CallOut DLL,windows,T1574.001,high
913,DHCP Server Loaded the CallOut DLL,windows,T1574.001,high
914,Diagnostic Library Sdiageng.DLL Loaded By Msdt.EXE,windows,T1202,high
915,DiagTrackEoP Default Login Username,windows,,critical
916,Direct Autorun Keys Modification,windows,T1547.001,medium
917,Directory Removal Via Rmdir,windows,T1070.004,low
918,Directory Service Restore Mode(DSRM) Registry Value Tampering,windows,T1556,high
919,DirectorySearcher Powershell Exploitation,windows,T1018,medium
920,DirLister Execution,windows,T1083,low
921,Disable Administrative Share Creation at Startup,windows,T1070.005,medium
922,Disable Exploit Guard Network Protection on Windows Defender,windows,T1685,medium
923,Disable Important Scheduled Task,windows,T1489,high
924,Disable Internal Tools or Feature in Registry,windows,T1112,medium
925,Disable Macro Runtime Scan Scope,windows,,high
926,Disable Microsoft Defender Firewall via Registry,windows,T1686.003,medium
927,Disable of ETW Trace - Powershell,windows,"T1070, T1685",high
928,Disable Powershell Command History,windows,T1070.003,high
929,Disable Privacy Settings Experience in Registry,windows,T1685,medium
930,Disable PUA Protection on Windows Defender,windows,T1685,high
931,Disable Security Events Logging Adding Reg Key MiniNt,windows,"T1685.001, T1112",high
932,Disable Tamper Protection on Windows Defender,windows,T1685,medium
933,Disable Windows Defender AV Security Monitoring,windows,T1685,high
934,Disable Windows Defender Functionalities Via Registry Keys,windows,T1685,high
935,Disable Windows Event Logging Via Registry,windows,T1685.001,high
936,Disable Windows Firewall by Registry,windows,T1686.003,medium
937,Disable Windows IIS HTTP Logging,windows,T1685.001,high
938,Disable Windows Security Center Notifications,windows,T1112,medium
939,Disable-WindowsOptionalFeature Command PowerShell,windows,T1685,high
940,Disabled IE Security Features,windows,T1685,high
941,Disabled Volume Snapshots,windows,T1685,high
942,Disabled Windows Defender Eventlog,windows,T1685,high
943,Disabling Windows Defender WMI Autologger Session via Reg.exe,windows,T1685,high
944,Discovery of a System Time,windows,T1124,low
945,Diskshadow Script Mode - Execution From Potential Suspicious Location,windows,T1218,medium
946,Diskshadow Script Mode - Uncommon Script Extension Execution,windows,T1218,medium
947,Dism Remove Online Package,windows,T1685,medium
948,Displaying Hidden Files Feature Disabled,windows,T1564.001,medium
949,DLL Execution via Rasautou.exe,windows,T1218,medium
950,DLL Execution Via Register-cimprovider.exe,windows,T1574,medium
951,DLL Load By System Process From Suspicious Locations,windows,T1070,medium
952,DLL Load via LSASS,windows,T1547.008,high
953,DLL Loaded From Suspicious Location Via Cmspt.EXE,windows,T1218.003,high
954,DLL Loaded via CertOC.EXE,windows,T1218,medium
955,DLL Search Order Hijackig Via Additional Space in Path,windows,T1574.001,high
956,DLL Sideloading by VMware Xfer Utility,windows,T1574.001,high
957,DLL Sideloading Of ShellChromeAPI.DLL,windows,T1574.001,high
958,Dllhost.EXE Execution Anomaly,windows,T1055,high
959,DllUnregisterServer Function Call Via Msiexec.EXE,windows,T1218.007,medium
960,DMSA Link Attributes Modified,windows,"T1078.002, T1098",low
961,DMSA Service Account Created in Specific OUs - PowerShell,windows,"T1078.002, T1098",medium
962,DNS Exfiltration and Tunneling Tools Execution,windows,"T1048.001, T1071.004, T1132.001",high
963,DNS HybridConnectionManager Service Bus,windows,T1554,high
964,DNS Query by Finger Utility,windows,"T1071.004, T1059.003",high
965,DNS Query for Anonfiles.com Domain - DNS Client,windows,T1567.002,high
966,DNS Query for Anonfiles.com Domain - Sysmon,windows,T1567.002,high
967,DNS Query Request By QuickAssist.EXE,windows,"T1071.001, T1210",low
968,DNS Query Request By Regsvr32.EXE,windows,"T1559.001, T1218.010",medium
969,DNS Query Request To OneLaunch Update Service,windows,T1056,low
970,DNS Query To AzureWebsites.NET By Non-Browser Process,windows,T1219.002,medium
971,DNS Query To Common Malware Hosting and Shortener Services,windows,T1071.004,medium
972,DNS Query To Devtunnels Domain,windows,"T1071.001, T1572",medium
973,DNS Query To MEGA Hosting Website,windows,T1567.002,medium
974,DNS Query To MEGA Hosting Website - DNS Client,windows,T1567.002,medium
975,DNS Query To Put.io - DNS Client,windows,,medium
976,DNS Query To Remote Access Software Domain From Non-Browser App,windows,T1219.002,medium
977,DNS Query To Ufile.io,windows,T1567.002,low
978,DNS Query To Ufile.io - DNS Client,windows,T1567.002,low
979,DNS Query To Visual Studio Code Tunnels Domain,windows,T1071.001,medium
980,DNS Query Tor .Onion Address - Sysmon,windows,T1090.003,high
981,DNS Server Discovery Via LDAP Query,windows,T1482,low
982,DNS Server Error Failed Loading the ServerLevelPluginDLL,windows,T1574.001,high
983,DNS-over-HTTPS Enabled by Registry,windows,"T1140, T1112",medium
984,Domain Trust Discovery Via Dsquery,windows,T1482,medium
985,DotNET Assembly DLL Loaded Via Office Application,windows,T1204.002,medium
986,DotNet CLR DLL Loaded By Scripting Applications,windows,T1055,high
987,DPAPI Backup Keys And Certificate Export Activity IOC,windows,"T1555, T1552.004",high
988,DPAPI Domain Backup Key Extraction,windows,T1003.004,high
989,DPAPI Domain Master Key Backup Attempt,windows,T1003.004,medium
990,Driver Added To Disallowed Images In HVCI - Registry,windows,,high
991,Driver Load From A Temporary Directory,windows,T1543.003,high
992,Driver/DLL Installation Via Odbcconf.EXE,windows,T1218.008,medium
993,DriverQuery.EXE Execution,windows,,medium
994,Drop Binaries Into Spool Drivers Color Folder,windows,,medium
995,Dropping Of Password Filter DLL,windows,T1556.002,medium
996,DSInternals Suspicious PowerShell Cmdlets,windows,T1059.001,high
997,DSInternals Suspicious PowerShell Cmdlets - ScriptBlock,windows,T1059.001,high
998,Dump Credentials from Windows Credential Manager With PowerShell,windows,T1555,medium
999,Dump Ntds.dit To Suspicious Location,windows,,medium
1000,Dumping of Sensitive Hives Via Reg.EXE,windows,"T1003.002, T1003.004, T1003.005",high
1001,Dumping Process via Sqldumper.exe,windows,T1003.001,medium
1002,DumpMinitool Execution,windows,"T1036, T1003.001",medium
1003,DumpStack.log Defender Evasion,windows,,critical
1004,Dynamic .NET Compilation Via Csc.EXE,windows,T1027.004,medium
1005,Dynamic CSharp Compile Artefact,windows,T1027.004,low
1006,Elevated System Shell Spawned From Uncommon Parent Location,windows,T1059,medium
1007,Email Exifiltration Via Powershell,windows,,high
1008,Enable LM Hash Storage,windows,T1112,high
1009,Enable LM Hash Storage - ProcCreation,windows,T1112,high
1010,Enable Local Manifest Installation With Winget,windows,,medium
1011,Enable Microsoft Dynamic Data Exchange,windows,T1559.002,medium
1012,Enable Remote Connection Between Anonymous Computer - AllowAnonymousCallback,windows,T1685,medium
1013,Enable Windows Remote Management,windows,T1021.006,medium
1014,Enabled User Right in AD to Control User Objects,windows,T1098,high
1015,Enabling COR Profiler Environment Variables,windows,T1574.012,medium
1016,Enumerate All Information With Whoami.EXE,windows,T1033,medium
1017,Enumerate Credentials from Windows Credential Manager With PowerShell,windows,T1555,medium
1018,Enumeration for 3rd Party Creds From CLI,windows,T1552.002,medium
1019,Enumeration for Credentials in Registry,windows,T1552.002,medium
1020,Esentutl Gather Credentials,windows,"T1003, T1003.003",medium
1021,Esentutl Steals Browser Information,windows,T1005,medium
1022,Esentutl Volume Shadow Copy Service Keys,windows,T1003.002,high
1023,ETW Logging Disabled For rpcrt4.dll,windows,"T1112, T1685",low
1024,ETW Logging Disabled For SCM,windows,"T1112, T1685",low
1025,ETW Logging Disabled In .NET Processes - Registry,windows,"T1112, T1685",high
1026,ETW Logging Disabled In .NET Processes - Sysmon Registry,windows,"T1112, T1685",high
1027,ETW Logging Tamper In .NET Processes Via CommandLine,windows,T1685,high
1028,ETW Logging/Processing Option Disabled On IIS Server,windows,"T1685.001, T1505.004",medium
1029,ETW Trace Evasion Activity,windows,"T1070, T1685",high
1030,Eventlog Cleared,windows,T1685.005,medium
1031,EventLog EVTX File Deleted,windows,T1070,medium
1032,EVTX Created In Uncommon Location,windows,T1685.001,medium
1033,Exchange PowerShell Cmdlet History Deleted,windows,T1070,high
1034,Exchange PowerShell Snap-Ins Usage,windows,"T1059.001, T1114",high
1035,Exchange Set OabVirtualDirectory ExternalUrl Property,windows,T1505.003,high
1036,Execute Code with Pester.bat,windows,"T1059.001, T1216",medium
1037,Execute Code with Pester.bat as Parent,windows,"T1059.001, T1216",medium
1038,Execute Files with Msdeploy.exe,windows,T1218,medium
1039,Execute From Alternate Data Streams,windows,T1564.004,medium
1040,Execute Invoke-command on Remote Host,windows,T1021.006,medium
1041,Execute Pcwrun.EXE To Leverage Follina,windows,T1218,high
1042,Execution DLL of Choice Using WAB.EXE,windows,T1218,high
1043,Execution Of Non-Existing File,windows,T1055,high
1044,Execution of Powershell Script in Public Folder,windows,T1059.001,high
1045,Execution of Suspicious File Type Extension,windows,,medium
1046,Execution via stordiag.exe,windows,T1218,high
1047,Execution via WorkFolders.exe,windows,T1218,high
1048,Explorer NOUACCHECK Flag,windows,T1548.002,high
1049,Explorer Process Tree Break,windows,T1036,medium
1050,Exports Critical Registry Keys To a File,windows,T1012,high
1051,Exports Registry Key To a File,windows,T1012,low
1052,Exports Registry Key To an Alternate Data Stream,windows,T1564.004,high
1053,External Disk Drive Or USB Storage Device Was Recognized By The System,windows,"T1091, T1200",low
1054,External Remote RDP Logon from Public IP,windows,"T1133, T1078, T1110",medium
1055,External Remote SMB Logon from Public IP,windows,"T1133, T1078, T1110",high
1056,Extracting Information with PowerShell,windows,T1552.001,medium
1057,Failed Code Integrity Checks,windows,T1027.001,informational
1058,Failed DNS Zone Transfer,windows,T1590.002,medium
1059,Failed Event Log Clear Via WMI NTEventLogFile ClearEventLog,windows,T1685.005,medium
1060,Failed Logon From Public IP,windows,"T1078, T1190, T1133",medium
1061,Failed MSExchange Transport Agent Installation,windows,T1505.002,high
1062,Fax Service DLL Search Order Hijack,windows,T1574.001,high
1063,File Access Of Signal Desktop Sensitive Data,windows,T1003,medium
1064,File And SubFolder Enumeration Via Dir Command,windows,T1217,low
1065,File Creation In Suspicious Directory By Msdt.EXE,windows,T1547.001,high
1066,File Decoded From Base64/Hex Via Certutil.EXE,windows,T1027,high
1067,File Decryption Using Gpg4win,windows,,medium
1068,File Deleted Via Sysinternals SDelete,windows,T1070.004,medium
1069,File Deletion Via Del,windows,T1070.004,low
1070,File Download And Execution Via IEExec.EXE,windows,T1105,high
1071,File Download From Browser Process Via Inline URL,windows,T1105,medium
1072,File Download From IP Based URL Via CertOC.EXE,windows,T1105,high
1073,File Download From IP URL Via Curl.EXE,windows,,medium
1074,File Download Using Notepad++ GUP Utility,windows,T1105,high
1075,File Download Using ProtocolHandler.exe,windows,T1218,medium
1076,File Download Via Bitsadmin,windows,"T1197, T1036.003, T1105",medium
1077,File Download Via Bitsadmin To A Suspicious Target Folder,windows,"T1197, T1036.003, T1105",high
1078,File Download via CertOC.EXE,windows,T1105,medium
1079,File Download Via InstallUtil.EXE,windows,T1218,medium
1080,File Download Via Windows Defender MpCmpRun.EXE,windows,"T1218, T1105",high
1081,File Download with Headless Browser,windows,"T1105, T1564.003",high
1082,File Encoded To Base64 Via Certutil.EXE,windows,T1027,medium
1083,File Encryption Using Gpg4win,windows,,medium
1084,File Encryption/Decryption Via Gpg4win From Suspicious Locations,windows,,high
1085,File Explorer Folder Opened Using Explorer Folder Shortcut Via Shell,windows,T1135,high
1086,File In Suspicious Location Encoded To Base64 Via Certutil.EXE,windows,T1027,high
1087,File Recovery From Backup Via Wbadmin.EXE,windows,T1490,medium
1088,File With Suspicious Extension Downloaded Via Bitsadmin,windows,"T1197, T1036.003, T1105",high
1089,File With Uncommon Extension Created By An Office Application,windows,T1204.002,high
1090,FileFix - Command Evidence in TypedPaths,windows,T1204.004,high
1091,Files Added To An Archive Using Rar.EXE,windows,T1560.001,low
1092,Files With System DLL Name In Unsuspected Locations,windows,T1036.005,medium
1093,Files With System Process Name In Unsuspected Locations,windows,T1036.005,medium
1094,Filter Driver Unloaded Via Fltmc.EXE,windows,"T1070, T1685, T1685.001",medium
1095,Findstr GPP Passwords,windows,T1552.006,high
1096,Findstr Launching .lnk File,windows,"T1036, T1202, T1027.003",medium
1097,Finger.EXE Execution,windows,T1105,high
1098,Firewall Configuration Discovery Via Netsh.EXE,windows,T1016,low
1099,Firewall Disabled via Netsh.EXE,windows,T1686.003,medium
1100,Firewall Rule Deleted Via Netsh.EXE,windows,T1686.003,medium
1101,Firewall Rule Update Via Netsh.EXE,windows,,medium
1102,First Time Seen Remote Named Pipe,windows,T1021.002,high
1103,Folder Compress To Potentially Suspicious Output Via Compress-Archive Cmdlet,windows,T1074.001,medium
1104,Folder Removed From Exploit Guard ProtectedFolders List - Registry,windows,T1685,high
1105,Forfiles Command Execution,windows,T1059,medium
1106,Forfiles.EXE Child Process Masquerading,windows,T1036,high
1107,Fsutil Drive Enumeration,windows,T1120,low
1108,Fsutil Suspicious Invocation,windows,"T1070, T1485",high
1109,Function Call From Undocumented COM Interface EditionUpgradeManager,windows,T1548.002,medium
1110,GAC DLL Loaded Via Office Applications,windows,T1204.002,high
1111,GatherNetworkInfo.VBS Reconnaissance Script Output,windows,,medium
1112,Get-ADUser Enumeration Using UserAccountControl Flags,windows,T1033,medium
1113,Github Self-Hosted Runner Execution,windows,"T1102.002, T1071",medium
1114,GoToAssist Temporary Installation Artefact,windows,T1219.002,medium
1115,Gpresult Display Group Policy Information,windows,T1615,medium
1116,Gpscript Execution,windows,T1218,medium
1117,Greedy File Deletion Using Del,windows,T1070.004,medium
1118,Group Membership Reconnaissance Via Whoami.EXE,windows,T1033,medium
1119,Group Policy Abuse for Privilege Addition,windows,T1484.001,medium
1120,Gzip Archive Decode Via PowerShell,windows,T1132.001,medium
1121,HackTool - ADCSPwn Execution,windows,T1557.001,high
1122,HackTool - Bloodhound/Sharphound Execution,windows,"T1087.001, T1087.002, T1482, T1069.001, T1069.002, T1059.001",high
1123,HackTool - CACTUSTORCH Remote Thread Creation,windows,"T1055.012, T1059.005, T1059.007, T1218.005",high
1124,HackTool - Certify Execution,windows,T1649,high
1125,HackTool - Certipy Execution,windows,T1649,high
1126,HackTool - CobaltStrike BOF Injection Pattern,windows,"T1106, T1685",high
1127,HackTool - CoercedPotato Execution,windows,T1055,high
1128,HackTool - CoercedPotato Named Pipe Creation,windows,T1055,high
1129,HackTool - Covenant PowerShell Launcher,windows,"T1059.001, T1564.003",high
1130,HackTool - CrackMapExec Execution,windows,"T1047, T1053, T1059.003, T1059.001, T1110, T1201",high
1131,HackTool - CrackMapExec Execution Patterns,windows,"T1047, T1053, T1059.003, T1059.001",high
1132,HackTool - CrackMapExec File Indicators,windows,T1003.001,high
1133,HackTool - CrackMapExec PowerShell Obfuscation,windows,"T1059.001, T1027.005",high
1134,HackTool - CrackMapExec Process Patterns,windows,T1003.001,high
1135,HackTool - CreateMiniDump Execution,windows,T1003.001,high
1136,HackTool - Credential Dumping Tools Named Pipe Created,windows,"T1003.001, T1003.002, T1003.004, T1003.005",critical
1137,HackTool - Default PowerSploit/Empire Scheduled Task Creation,windows,"T1053.005, T1059.001",high
1138,HackTool - DiagTrackEoP Default Named Pipe,windows,,critical
1139,HackTool - DInjector PowerShell Cradle Execution,windows,T1055,critical
1140,HackTool - Doppelanger LSASS Dumper Execution,windows,T1003.001,high
1141,HackTool - Dumpert Process Dumper Default File,windows,T1003.001,critical
1142,HackTool - Dumpert Process Dumper Execution,windows,T1003.001,critical
1143,Hacktool - EDR-Freeze Execution,windows,T1685,high
1144,HackTool - EDRSilencer Execution,windows,T1685,high
1145,HackTool - EDRSilencer Execution - Filter Added,windows,T1685,high
1146,HackTool - EfsPotato Named Pipe Creation,windows,T1055,high
1147,HackTool - Empire PowerShell Launch Parameters,windows,T1059.001,high
1148,HackTool - Empire PowerShell UAC Bypass,windows,T1548.002,critical
1149,HackTool - Evil-WinRm Execution - PowerShell Module,windows,,high
1150,HackTool - F-Secure C3 Load by Rundll32,windows,T1218.011,critical
1151,HackTool - Generic Process Access,windows,T1003.001,high
1152,HackTool - GMER Rootkit Detector and Remover Execution,windows,,high
1153,HackTool - HandleKatz Duplicating LSASS Handle,windows,"T1106, T1003.001",high
1154,HackTool - HandleKatz LSASS Dumper Execution,windows,T1003.001,high
1155,HackTool - Hashcat Password Cracker Execution,windows,T1110.002,high
1156,HackTool - HollowReaper Execution,windows,T1055.012,high
1157,HackTool - Htran/NATBypass Execution,windows,T1090,high
1158,HackTool - Hydra Password Bruteforce Execution,windows,"T1110, T1110.001",high
1159,HackTool - Impacket File Indicators,windows,T1003.001,high
1160,HackTool - Impacket Tools Execution,windows,T1557.001,high
1161,HackTool - Impersonate Execution,windows,"T1134.001, T1134.003",medium
1162,HackTool - Inveigh Execution,windows,T1003.001,critical
1163,HackTool - Inveigh Execution Artefacts,windows,T1219.002,critical
1164,HackTool - Jlaive In-Memory Assembly Execution,windows,T1059.003,medium
1165,HackTool - Koadic Execution,windows,"T1059.003, T1059.005, T1059.007",high
1166,HackTool - Koh Default Named Pipe,windows,"T1528, T1134.001",critical
1167,HackTool - KrbRelay Execution,windows,T1558.003,high
1168,HackTool - KrbRelayUp Execution,windows,"T1558.003, T1550.003",high
1169,HackTool - LaZagne Execution,windows,,medium
1170,HackTool - LittleCorporal Generated Maldoc Injection,windows,"T1204.002, T1055.003",high
1171,HackTool - LocalPotato Execution,windows,,high
1172,HackTool - Mimikatz Execution,windows,"T1003.001, T1003.002, T1003.004, T1003.005, T1003.006",high
1173,HackTool - Mimikatz Kirbi File Creation,windows,T1558,critical
1174,HackTool - NetExec Execution,windows,"T1018, T1021",high
1175,HackTool - NetExec File Indicators,windows,"T1021.002, T1059.005",high
1176,HackTool - NoFilter Execution,windows,"T1134, T1134.001",high
1177,HackTool - NPPSpy Hacktool Usage,windows,,high
1178,HackTool - PCHunter Execution,windows,"T1082, T1057, T1012, T1083, T1007",high
1179,HackTool - Potential CobaltStrike Process Injection,windows,T1055.001,high
1180,HackTool - Potential Impacket Lateral Movement Activity,windows,"T1047, T1021.003",high
1181,HackTool - Potential Remote Credential Dumping Activity Via CrackMapExec Or Impacket-Secretsdump,windows,T1003,high
1182,HackTool - PowerTool Execution,windows,T1685,high
1183,HackTool - Powerup Write Hijack DLL,windows,T1574.001,high
1184,HackTool - PPID Spoofing SelectMyParent Tool Execution,windows,T1134.004,high
1185,HackTool - PurpleSharp Execution,windows,T1587,critical
1186,HackTool - Pypykatz Credentials Dumping Activity,windows,T1003.002,high
1187,HackTool - Quarks PwDump Execution,windows,T1003.002,high
1188,HackTool - QuarksPwDump Dump File,windows,T1003.002,critical
1189,HackTool - RedMimicry Winnti Playbook Execution,windows,"T1106, T1059.003, T1218.011",high
1190,HackTool - RemoteKrbRelay Execution,windows,T1558.003,high
1191,HackTool - RemoteKrbRelay SMB Relay Secrets Dump Module Indicators,windows,T1219.002,high
1192,HackTool - Rubeus Execution,windows,"T1003, T1558.003, T1550.003",critical
1193,HackTool - Rubeus Execution - ScriptBlock,windows,"T1003, T1558.003, T1550.003",high
1194,HackTool - SafetyKatz Dump Indicator,windows,T1003.001,high
1195,HackTool - SafetyKatz Execution,windows,T1003.001,critical
1196,HackTool - SecurityXploded Execution,windows,T1555,critical
1197,HackTool - SharpChisel Execution,windows,T1090.001,high
1198,HackTool - SharpDPAPI Execution,windows,"T1134.001, T1134.003",high
1199,HackTool - SharPersist Execution,windows,T1053,high
1200,HackTool - SharpEvtMute DLL Load,windows,T1685.001,high
1201,HackTool - SharpEvtMute Execution,windows,T1685.001,high
1202,HackTool - SharpImpersonation Execution,windows,"T1134.001, T1134.003",high
1203,HackTool - SharpLDAPmonitor Execution,windows,,medium
1204,HackTool - SharpLdapWhoami Execution,windows,T1033,high
1205,HackTool - SharpMove Tool Execution,windows,T1021.002,high
1206,HackTool - SharpUp PrivEsc Tool Execution,windows,"T1615, T1569.002, T1574.005",critical
1207,HackTool - SharpView Execution,windows,"T1049, T1069.002, T1482, T1135, T1033",high
1208,HackTool - SharpWSUS/WSUSpendu Execution,windows,T1210,high
1209,HackTool - SILENTTRINITY Stager DLL Load,windows,T1071,high
1210,HackTool - SILENTTRINITY Stager Execution,windows,T1071,high
1211,HackTool - Sliver C2 Implant Activity Pattern,windows,T1059,critical
1212,HackTool - SOAPHound Execution,windows,T1087,high
1213,HackTool - Stracciatella Execution,windows,"T1059, T1685",high
1214,HackTool - SysmonEnte Execution,windows,T1685.001,high
1215,HackTool - SysmonEOP Execution,windows,T1068,critical
1216,HackTool - TruffleSnout Execution,windows,T1482,high
1217,HackTool - Typical HiveNightmare SAM File Export,windows,T1552.001,high
1218,HackTool - UACMe Akagi Execution,windows,T1548.002,high
1219,HackTool - Windows Credential Editor (WCE) Execution,windows,T1003.001,critical
1220,HackTool - winPEAS Execution,windows,"T1082, T1087, T1046",high
1221,HackTool - WinPwn Execution,windows,"T1046, T1082, T1106, T1518, T1548.002, T1552.001, T1555, T1555.003",high
1222,HackTool - WinPwn Execution - ScriptBlock,windows,"T1046, T1082, T1106, T1518, T1548.002, T1552.001, T1555, T1555.003",high
1223,HackTool - WinRM Access Via Evil-WinRM,windows,T1021.006,medium
1224,HackTool - Wmiexec Default Powershell Command,windows,,high
1225,HackTool - WSASS Execution,windows,T1003.001,high
1226,HackTool - XORDump Execution,windows,"T1036, T1003.001",high
1227,Hacktool Execution - Imphash,windows,"T1588.002, T1003",critical
1228,Hacktool Execution - PE Metadata,windows,"T1588.002, T1003",high
1229,HackTool Named File Stream Created,windows,T1564.004,high
1230,Hacktool Ruler,windows,"T1087, T1114, T1059, T1550.002",high
1231,HackTool Service Registration or Execution,windows,T1569.002,high
1232,Hardware Model Reconnaissance Via Wmic.EXE,windows,T1047,medium
1233,Harvesting Of Wifi Credentials Via Netsh.EXE,windows,T1040,medium
1234,HH.EXE Execution,windows,T1218.001,low
1235,Hidden Executable In NTFS Alternate Data Stream,windows,T1564.004,medium
1236,Hidden Local User Creation,windows,T1136.001,high
1237,Hidden Powershell in Link File Pattern,windows,T1059.001,medium
1238,Hide Schedule Task Via Index Value Tamper,windows,T1685,high
1239,Hiding Files with Attrib.exe,windows,T1564.001,medium
1240,Hiding User Account Via SpecialAccounts Registry Key,windows,T1564.002,high
1241,Hiding User Account Via SpecialAccounts Registry Key - CommandLine,windows,T1564.002,medium
1242,Hijack Legit RDP Session to Move Laterally,windows,T1219.002,high
1243,HKTL - SharpSuccessor Privilege Escalation Tool Execution,windows,T1068,high
1244,HTML Help HH.EXE Suspicious Child Process,windows,"T1047, T1059.001, T1059.003, T1059.005, T1059.007, T1218, T1218.001, T1218.010, T1218.011, T1566, T1566.001",high
1245,HTTP Logging Disabled On IIS Server,windows,"T1685.001, T1505.004",high
1246,HybridConnectionManager Service Installation,windows,T1554,high
1247,HybridConnectionManager Service Installation - Registry,windows,T1608,high
1248,HybridConnectionManager Service Running,windows,T1554,high
1249,Hypervisor Enforced Paging Translation Disabled,windows,T1685,high
1250,Hypervisor-protected Code Integrity (HVCI) Related Registry Tampering Via CommandLine,windows,T1685,high
1251,IE Change Domain Zone,windows,T1137,medium
1252,IE ZoneMap Setting Downgraded To MyComputer Zone For HTTP Protocols,windows,,high
1253,IE ZoneMap Setting Downgraded To MyComputer Zone For HTTP Protocols Via CLI,windows,,high
1254,Ie4uinit Lolbin Use From Invalid Path,windows,T1218,medium
1255,IIS Native-Code Module Command Line Installation,windows,T1505.003,medium
1256,IIS WebServer Access Logs Deleted,windows,T1070,medium
1257,IIS WebServer Log Deletion via CommandLine Utilities,windows,T1070,medium
1258,ImagingDevices Unusual Parent/Child Processes,windows,,high
1259,Impacket PsExec Execution,windows,T1021.002,high
1260,Import LDAP Data Interchange Format File Via Ldifde.EXE,windows,"T1218, T1105",medium
1261,Import PowerShell Modules From Suspicious Directories,windows,T1059.001,medium
1262,Import PowerShell Modules From Suspicious Directories - ProcCreation,windows,T1059.001,medium
1263,Important Scheduled Task Deleted or Disabled,windows,T1489,high
1264,Important Scheduled Task Deleted/Disabled,windows,T1053.005,high
1265,Important Windows Event Auditing Disabled,windows,T1685.001,high
1266,Important Windows Eventlog Cleared,windows,T1685.005,high
1267,Important Windows Service Terminated Unexpectedly,windows,,high
1268,Important Windows Service Terminated With Error,windows,,high
1269,Imports Registry Key From a File,windows,T1112,medium
1270,Imports Registry Key From an ADS,windows,T1112,high
1271,Indirect Command Execution By Program Compatibility Wizard,windows,T1218,low
1272,Indirect Command Execution From Script File Via Bash.EXE,windows,T1202,medium
1273,Indirect Command Execution via SFTP ProxyCommand,windows,T1202,medium
1274,Indirect Inline Command Execution Via Bash.EXE,windows,T1202,medium
1275,InfDefaultInstall.exe .inf Execution,windows,T1218,medium
1276,Insecure Proxy/DOH Transfer Via Curl.EXE,windows,,medium
1277,Insecure Transfer Via Curl.EXE,windows,,medium
1278,Insensitive Subfolder Search Via Findstr.EXE,windows,"T1218, T1564.004, T1552.001, T1105",low
1279,Install New Package Via Winget Local Manifest,windows,T1059,medium
1280,Installation of TeamViewer Desktop,windows,T1219.002,medium
1281,Installation of WSL Kali-Linux,windows,T1059,high
1282,Interactive AT Job,windows,T1053.002,high
1283,Interesting Service Enumeration Via Sc.EXE,windows,T1003,low
1284,Internet Explorer Autorun Keys Modification,windows,T1547.001,medium
1285,Internet Explorer DisableFirstRunCustomize Enabled,windows,,medium
1286,Invocation of Active Directory Diagnostic Tool (ntdsutil.exe),windows,T1003.003,medium
1287,Invoke-Obfuscation CLIP+ Launcher,windows,"T1027, T1059.001",high
1288,Invoke-Obfuscation CLIP+ Launcher - PowerShell,windows,"T1027, T1059.001",high
1289,Invoke-Obfuscation CLIP+ Launcher - PowerShell Module,windows,"T1027, T1059.001",high
1290,Invoke-Obfuscation CLIP+ Launcher - Security,windows,"T1027, T1059.001",high
1291,Invoke-Obfuscation CLIP+ Launcher - System,windows,"T1027, T1059.001",high
1292,Invoke-Obfuscation COMPRESS OBFUSCATION,windows,"T1027, T1059.001",medium
1293,Invoke-Obfuscation COMPRESS OBFUSCATION - PowerShell,windows,"T1027, T1059.001",medium
1294,Invoke-Obfuscation COMPRESS OBFUSCATION - PowerShell Module,windows,"T1027, T1059.001",medium
1295,Invoke-Obfuscation COMPRESS OBFUSCATION - Security,windows,"T1027, T1059.001",medium
1296,Invoke-Obfuscation COMPRESS OBFUSCATION - System,windows,"T1027, T1059.001",medium
1297,Invoke-Obfuscation Obfuscated IEX Invocation,windows,"T1027, T1059.001",high
1298,Invoke-Obfuscation Obfuscated IEX Invocation - PowerShell,windows,"T1027, T1059.001",high
1299,Invoke-Obfuscation Obfuscated IEX Invocation - PowerShell Module,windows,"T1027, T1059.001",high
1300,Invoke-Obfuscation Obfuscated IEX Invocation - Security,windows,T1027,high
1301,Invoke-Obfuscation Obfuscated IEX Invocation - System,windows,T1027,high
1302,Invoke-Obfuscation RUNDLL LAUNCHER - PowerShell,windows,"T1027, T1059.001",medium
1303,Invoke-Obfuscation RUNDLL LAUNCHER - PowerShell Module,windows,"T1027, T1059.001",medium
1304,Invoke-Obfuscation RUNDLL LAUNCHER - Security,windows,"T1027, T1059.001",medium
1305,Invoke-Obfuscation RUNDLL LAUNCHER - System,windows,"T1027, T1059.001",medium
1306,Invoke-Obfuscation STDIN+ Launcher,windows,"T1027, T1059.001",high
1307,Invoke-Obfuscation STDIN+ Launcher - Powershell,windows,"T1027, T1059.001",high
1308,Invoke-Obfuscation STDIN+ Launcher - PowerShell Module,windows,"T1027, T1059.001",high
1309,Invoke-Obfuscation STDIN+ Launcher - Security,windows,"T1027, T1059.001",high
1310,Invoke-Obfuscation STDIN+ Launcher - System,windows,"T1027, T1059.001",high
1311,Invoke-Obfuscation VAR+ Launcher,windows,"T1027, T1059.001",high
1312,Invoke-Obfuscation VAR+ Launcher - PowerShell,windows,"T1027, T1059.001",high
1313,Invoke-Obfuscation VAR+ Launcher - PowerShell Module,windows,"T1027, T1059.001",high
1314,Invoke-Obfuscation VAR+ Launcher - Security,windows,"T1027, T1059.001",high
1315,Invoke-Obfuscation VAR+ Launcher - System,windows,"T1027, T1059.001",high
1316,Invoke-Obfuscation VAR++ LAUNCHER OBFUSCATION,windows,"T1027, T1059.001",high
1317,Invoke-Obfuscation VAR++ LAUNCHER OBFUSCATION - PowerShell,windows,"T1027, T1059.001",high
1318,Invoke-Obfuscation VAR++ LAUNCHER OBFUSCATION - PowerShell Module,windows,"T1027, T1059.001",high
1319,Invoke-Obfuscation VAR++ LAUNCHER OBFUSCATION - Security,windows,"T1027, T1059.001",high
1320,Invoke-Obfuscation VAR++ LAUNCHER OBFUSCATION - System,windows,"T1027, T1059.001",high
1321,Invoke-Obfuscation Via Stdin,windows,"T1027, T1059.001",high
1322,Invoke-Obfuscation Via Stdin - Powershell,windows,"T1027, T1059.001",high
1323,Invoke-Obfuscation Via Stdin - PowerShell Module,windows,"T1027, T1059.001",high
1324,Invoke-Obfuscation Via Stdin - Security,windows,"T1027, T1059.001",high
1325,Invoke-Obfuscation Via Stdin - System,windows,"T1027, T1059.001",high
1326,Invoke-Obfuscation Via Use Clip,windows,"T1027, T1059.001",high
1327,Invoke-Obfuscation Via Use Clip - Powershell,windows,"T1027, T1059.001",high
1328,Invoke-Obfuscation Via Use Clip - PowerShell Module,windows,"T1027, T1059.001",high
1329,Invoke-Obfuscation Via Use Clip - Security,windows,"T1027, T1059.001",high
1330,Invoke-Obfuscation Via Use Clip - System,windows,"T1027, T1059.001",high
1331,Invoke-Obfuscation Via Use MSHTA,windows,"T1027, T1059.001",high
1332,Invoke-Obfuscation Via Use MSHTA - PowerShell,windows,"T1027, T1059.001",high
1333,Invoke-Obfuscation Via Use MSHTA - PowerShell Module,windows,"T1027, T1059.001",high
1334,Invoke-Obfuscation Via Use MSHTA - Security,windows,"T1027, T1059.001",high
1335,Invoke-Obfuscation Via Use MSHTA - System,windows,"T1027, T1059.001",high
1336,Invoke-Obfuscation Via Use Rundll32 - PowerShell,windows,"T1027, T1059.001",high
1337,Invoke-Obfuscation Via Use Rundll32 - PowerShell Module,windows,"T1027, T1059.001",high
1338,Invoke-Obfuscation Via Use Rundll32 - Security,windows,"T1027, T1059.001",high
1339,Invoke-Obfuscation Via Use Rundll32 - System,windows,"T1027, T1059.001",high
1340,ISATAP Router Address Was Set,windows,"T1557, T1565.002",medium
1341,ISO File Created Within Temp Folders,windows,T1566.001,high
1342,ISO Image Mounted,windows,T1566.001,medium
1343,ISO or Image Mount Indicator in Recent Files,windows,T1566.001,medium
1344,Java Running with Remote Debugging,windows,T1203,medium
1345,JScript Compiler Execution,windows,T1127,low
1346,Kavremover Dropped Binary LOLBIN Usage,windows,T1127,high
1347,Kerberoasting Activity - Initial Query,windows,T1558.003,medium
1348,Kerberos Manipulation,windows,T1212,high
1349,Kernel Memory Dump Via LiveKD,windows,,high
1350,KrbRelayUp Service Installation,windows,T1543,high
1351,Launch-VsDevShell.PS1 Proxy Execution,windows,T1216.001,medium
1352,Legitimate Application Dropped Archive,windows,T1218,high
1353,Legitimate Application Dropped Executable,windows,T1218,high
1354,Legitimate Application Dropped Script,windows,T1218,high
1355,Legitimate Application Writing Files In Uncommon Location,windows,"T1218, T1105",high
1356,Live Memory Dump Using Powershell,windows,T1003,high
1357,LiveKD Driver Creation,windows,,medium
1358,LiveKD Driver Creation By Uncommon Process,windows,,high
1359,LiveKD Kernel Memory Dump File Created,windows,,high
1360,Load Of RstrtMgr.DLL By A Suspicious Process,windows,"T1486, T1685",high
1361,Load Of RstrtMgr.DLL By An Uncommon Process,windows,"T1486, T1685",low
1362,Loaded Module Enumeration Via Tasklist.EXE,windows,T1003,medium
1363,Loading Diagcab Package From Remote Path,windows,,high
1364,Local Accounts Discovery,windows,"T1033, T1087.001",low
1365,Local File Read Using Curl.EXE,windows,,medium
1366,Local Groups Reconnaissance Via Wmic.EXE,windows,T1069.001,low
1367,Local Network Connection Initiated By Script Interpreter,windows,T1105,medium
1368,Local Privilege Escalation Indicator TabTip,windows,T1557.001,high
1369,Local User Creation,windows,T1136.001,low
1370,Locked Workstation,windows,,informational
1371,Logged-On User Password Change Via Ksetup.EXE,windows,,medium
1372,LOL-Binary Copied From System Directory,windows,T1036.003,high
1373,LOLBAS Data Exfiltration by DataSvcUtil.exe,windows,T1567,medium
1374,Lolbas OneDriveStandaloneUpdater.exe Proxy Download,windows,T1105,high
1375,LOLBIN Execution From Abnormal Drive,windows,,medium
1376,Lolbin Runexehelper Use As Proxy,windows,T1218,medium
1377,Lolbin Unregmp2.exe Use As Proxy,windows,T1218,medium
1378,LSA PPL Protection Setting Modification via CommandLine,windows,T1689,medium
1379,LSASS Access Detected via Attack Surface Reduction,windows,T1003.001,high
1380,LSASS Access From Non System Account,windows,T1003.001,medium
1381,LSASS Access From Potentially White-Listed Processes,windows,T1003.001,high
1382,LSASS Dump Keyword In CommandLine,windows,T1003.001,high
1383,Lsass Full Dump Request Via DumpType Registry Settings,windows,T1003.001,high
1384,LSASS Memory Access by Tool With Dump Keyword In Name,windows,T1003.001,high
1385,Lsass Memory Dump via Comsvcs DLL,windows,T1003.001,high
1386,LSASS Process Crashed - Application,windows,T1003.001,high
1387,LSASS Process Dump Artefact In CrashDumps Folder,windows,T1003.001,high
1388,LSASS Process Memory Dump Creation Via Taskmgr.EXE,windows,T1003.001,high
1389,LSASS Process Memory Dump Files,windows,T1003.001,high
1390,LSASS Process Reconnaissance Via Findstr.EXE,windows,T1552.006,high
1391,Macro Enabled In A Potentially Suspicious Document,windows,T1112,high
1392,Mailbox Export to Exchange Webserver,windows,T1505.003,critical
1393,Malicious Base64 Encoded PowerShell Keywords in Command Lines,windows,T1059.001,high
1394,Malicious DLL File Dropped in the Teams or OneDrive Folder,windows,T1574.001,high
1395,Malicious Driver Load,windows,"T1543.003, T1068",high
1396,Malicious Driver Load By Name,windows,"T1543.003, T1068",medium
1397,Malicious Named Pipe Created,windows,T1055,critical
1398,Malicious Nishang PowerShell Commandlets,windows,T1059.001,high
1399,Malicious PE Execution by Microsoft Visual Studio Debugger,windows,T1218,medium
1400,Malicious PowerShell Commandlets - PoshModule,windows,"T1482, T1087, T1087.001, T1087.002, T1069.001, T1069.002, T1069, T1059.001",high
1401,Malicious PowerShell Commandlets - ProcessCreation,windows,"T1482, T1087, T1087.001, T1087.002, T1069.001, T1069.002, T1069, T1059.001",high
1402,Malicious PowerShell Commandlets - ScriptBlock,windows,"T1482, T1087, T1087.001, T1087.002, T1069.001, T1069.002, T1069, T1059.001",high
1403,Malicious PowerShell Keywords,windows,T1059.001,medium
1404,Malicious PowerShell Scripts - FileCreation,windows,T1059.001,high
1405,Malicious PowerShell Scripts - PoshModule,windows,T1059.001,high
1406,Malicious ShellIntel PowerShell Commandlets,windows,T1059.001,high
1407,Malicious Windows Script Components File Execution by TAEF Detection,windows,T1218,low
1408,ManageEngine Endpoint Central Dctask64.EXE Potential Abuse,windows,T1055.001,high
1409,Manipulation of User Computer or Group Security Principals Across AD,windows,T1136.002,medium
1410,Mavinject Inject DLL Into Running Process,windows,"T1055.001, T1218.013",high
1411,MaxMpxCt Registry Value Changed,windows,T1070.005,low
1412,Mesh Agent Service Installation,windows,T1219.002,medium
1413,Metasploit Or Impacket Service Installation Via SMB PsExec,windows,"T1021.002, T1570, T1569.002",high
1414,Metasploit SMB Authentication,windows,T1021.002,high
1415,Meterpreter or Cobalt Strike Getsystem Service Installation - Security,windows,"T1134.001, T1134.002",high
1416,Meterpreter or Cobalt Strike Getsystem Service Installation - System,windows,"T1134.001, T1134.002",high
1417,Microsoft Defender Blocked from Loading Unsigned DLL,windows,T1574.001,high
1418,Microsoft Defender Tamper Protection Trigger,windows,T1685,high
1419,Microsoft Excel Add-In Loaded From Uncommon Location,windows,T1204.002,medium
1420,Microsoft IIS Connection Strings Decryption,windows,T1003,high
1421,Microsoft IIS Service Account Password Dumped,windows,T1003,high
1422,Microsoft Malware Protection Engine Crash,windows,"T1211, T1685",high
1423,Microsoft Malware Protection Engine Crash - WER,windows,"T1211, T1685",high
1424,Microsoft Office DLL Sideload,windows,T1574.001,high
1425,Microsoft Office Protected View Disabled,windows,T1685,high
1426,Microsoft Sync Center Suspicious Network Connections,windows,"T1055, T1218",medium
1427,Microsoft Teams Sensitive File Access By Uncommon Applications,windows,T1528,medium
1428,Microsoft VBA For Outlook Addin Loaded Via Outlook,windows,T1204.002,medium
1429,Mimikatz Use,windows,"T1003.002, T1003.004, T1003.001, T1003.006",high
1430,MMC Executing Files with Reversed Extensions Using RTLO Abuse,windows,"T1204.002, T1218.014, T1036.002",high
1431,MMC Loading Script Engines DLLs,windows,"T1059.005, T1218.014",medium
1432,MMC Spawning Windows Shell,windows,T1021.003,high
1433,MMC20 Lateral Movement,windows,T1021.003,high
1434,Modification of IE Registry Settings,windows,T1112,low
1435,Modify Group Policy Settings,windows,T1484.001,medium
1436,Modify Group Policy Settings - ScriptBlockLogging,windows,T1484.001,medium
1437,Modify User Shell Folders Startup Value,windows,T1547.001,high
1438,Monitoring For Persistence Via BITS,windows,T1197,medium
1439,Moriya Rootkit - System,windows,T1543.003,critical
1440,MpiExec Lolbin,windows,T1218,high
1441,MSDT Execution Via Answer File,windows,T1218,high
1442,MSExchange Transport Agent Installation,windows,T1505.002,medium
1443,MSExchange Transport Agent Installation - Builtin,windows,T1505.002,medium
1444,MSHTA Execution with Suspicious File Extensions,windows,"T1140, T1218.005, T1059.007",high
1445,Mshtml.DLL RunHTMLApplication Suspicious Usage,windows,,high
1446,MSI Installation From Suspicious Locations,windows,,medium
1447,MSI Installation From Web,windows,"T1218, T1218.007",medium
1448,Msiexec Quiet Installation,windows,T1218.007,medium
1449,MsiExec Web Install,windows,"T1218.007, T1105",medium
1450,MSSQL Add Account To Sysadmin Role,windows,,high
1451,MSSQL Destructive Query,windows,T1485,medium
1452,MSSQL Disable Audit Settings,windows,,high
1453,MSSQL Server Failed Logon,windows,T1110,low
1454,MSSQL Server Failed Logon From External Network,windows,T1110,medium
1455,MSSQL SPProcoption Set,windows,,high
1456,MSSQL XPCmdshell Option Change,windows,,high
1457,MSSQL XPCmdshell Suspicious Execution,windows,,high
1458,Mstsc.EXE Execution From Uncommon Parent,windows,,high
1459,Mstsc.EXE Execution With Local RDP File,windows,T1219.002,low
1460,Msxsl.EXE Execution,windows,T1220,medium
1461,Narrator's Feedback-Hub Persistence,windows,T1547.001,high
1462,NET NGenAssemblyUsageLog Registry Key Tamper,windows,T1112,high
1463,Net WebClient Casing Anomalies,windows,T1059.001,high
1464,Netcat The Powershell Version,windows,"T1095, T1059.001",medium
1465,NetNTLM Downgrade Attack,windows,"T1685, T1112",high
1466,NetNTLM Downgrade Attack - Registry,windows,"T1685, T1112",high
1467,Netsh Allow Group Policy on Microsoft Defender Firewall,windows,T1686.003,medium
1468,NetSupport Manager Service Install,windows,,medium
1469,Network Communication Initiated To File Sharing Domains From Process Located In Suspicious Folder,windows,T1105,high
1470,Network Communication Initiated To Portmap.IO Domain,windows,"T1041, T1090.002",medium
1471,Network Communication With Crypto Mining Pool,windows,T1496,high
1472,Network Connection Initiated By AddinUtil.EXE,windows,T1218,high
1473,Network Connection Initiated By Eqnedt32.EXE,windows,T1203,high
1474,Network Connection Initiated By IMEWDBLD.EXE,windows,T1105,high
1475,Network Connection Initiated By Regsvr32.EXE,windows,"T1559.001, T1218.010",medium
1476,Network Connection Initiated From Process Located In Potentially Suspicious Or Uncommon Location,windows,T1105,high
1477,Network Connection Initiated To AzureWebsites.NET By Non-Browser Process,windows,"T1102, T1102.001",medium
1478,Network Connection Initiated To BTunnels Domains,windows,"T1567, T1572",medium
1479,Network Connection Initiated To Cloudflared Tunnels Domains,windows,"T1567, T1572",medium
1480,Network Connection Initiated To DevTunnels Domain,windows,"T1567.001, T1572",medium
1481,Network Connection Initiated To Mega.nz,windows,T1567.002,low
1482,Network Connection Initiated To Visual Studio Code Tunnels Domain,windows,"T1567, T1572",medium
1483,Network Connection Initiated via Finger.EXE,windows,"T1071.004, T1059.003",high
1484,Network Connection Initiated Via Notepad.EXE,windows,T1055,high
1485,Network Reconnaissance Activity,windows,"T1087, T1082",high
1486,New Agent Skills Installation Attempt Via Node.EXE,windows,T1059.007,medium
1487,New Application in AppCompat,windows,T1204.002,informational
1488,New BgInfo.EXE Custom DB Path Registry Configuration,windows,T1112,medium
1489,New BgInfo.EXE Custom VBScript Registry Configuration,windows,T1112,medium
1490,New BgInfo.EXE Custom WMI Query Registry Configuration,windows,T1112,medium
1491,New BITS Job Created Via Bitsadmin,windows,T1197,low
1492,New BITS Job Created Via PowerShell,windows,T1197,low
1493,New Capture Session Launched Via DXCap.EXE,windows,T1218,medium
1494,New Connection Initiated To Potential Dead Drop Resolver Domain,windows,"T1102, T1102.001",high
1495,New Custom Shim Database Created,windows,T1547.009,medium
1496,New DLL Added to AppCertDlls Registry Key,windows,T1546.009,medium
1497,New DLL Added to AppInit_DLLs Registry Key,windows,T1546.010,medium
1498,New DLL Registered Via Odbcconf.EXE,windows,T1218.008,medium
1499,New DMSA Service Account Created in Specific OUs,windows,"T1078.002, T1098",medium
1500,New DNS ServerLevelPluginDll Installed,windows,"T1574.001, T1112",high
1501,New DNS ServerLevelPluginDll Installed Via Dnscmd.EXE,windows,"T1574.001, T1112",high
1502,New File Association Using Exefile,windows,,high
1503,New Firewall Rule Added In Windows Firewall Exception List For Potential Suspicious Application,windows,T1686.003,high
1504,New Firewall Rule Added In Windows Firewall Exception List Via WmiPrvSE.EXE,windows,T1686.003,medium
1505,New Firewall Rule Added Via Netsh.EXE,windows,T1686.003,medium
1506,New Generic Credentials Added Via Cmdkey.EXE,windows,T1003.005,medium
1507,New Kernel Driver Via SC.EXE,windows,T1543.003,medium
1508,New Module Module Added To IIS Server,windows,"T1685.001, T1505.004",medium
1509,New Netsh Helper DLL Registered From A Suspicious Location,windows,T1546.007,high
1510,New Network Trace Capture Started Via Netsh.EXE,windows,T1040,medium
1511,New ODBC Driver Registered,windows,,low
1512,New or Renamed User Account with '$' Character,windows,T1036,medium
1513,New Outlook Macro Created,windows,"T1137, T1008, T1546",medium
1514,New PDQDeploy Service - Client Side,windows,T1543.003,medium
1515,New PDQDeploy Service - Server Side,windows,T1543.003,medium
1516,New Port Forwarding Rule Added Via Netsh.EXE,windows,T1090,medium
1517,New PortProxy Registry Entry Added,windows,T1090,medium
1518,New PowerShell Instance Created,windows,T1059.001,informational
1519,New Process Created Via Taskmgr.EXE,windows,T1036,low
1520,New Remote Desktop Connection Initiated Via Mstsc.EXE,windows,T1021.001,medium
1521,New Root Certificate Installed Via CertMgr.EXE,windows,T1553.004,medium
1522,New Root Certificate Installed Via Certutil.EXE,windows,T1553.004,medium
1523,New Root or CA or AuthRoot Certificate to Store,windows,T1490,medium
1524,New RUN Key Pointing to Suspicious Folder,windows,T1547.001,high
1525,New Service Creation Using PowerShell,windows,T1543.003,low
1526,New Service Creation Using Sc.EXE,windows,T1543.003,low
1527,New TimeProviders Registered With Uncommon DLL Name,windows,T1547.003,high
1528,New User Account Creation Attempt Via ADSI,windows,"T1136.001, T1136.002",medium
1529,New User Account Creation Attempt Via ADSI in CommandLine,windows,"T1136.001, T1136.002",medium
1530,New User Created Via Net.EXE,windows,T1136.001,medium
1531,New User Created Via Net.EXE With Never Expire Option,windows,T1136.001,high
1532,New Virtual Smart Card Created Via TpmVscMgr.EXE,windows,,medium
1533,NewActiveScriptEventConsumer Creation Attempt via Wmic.EXE,windows,T1546.003,high
1534,Ngrok Usage with Remote Desktop Service,windows,T1090,high
1535,Nltest.EXE Execution,windows,"T1016, T1018, T1482",low
1536,No Suitable Encryption Key Found For Generating Kerberos Ticket,windows,T1558.003,low
1537,Node Process Executions,windows,"T1127, T1059.007",medium
1538,NodeJS Execution of JavaScript File,windows,T1059.007,low
1539,Non Interactive PowerShell Process Spawned,windows,T1059.001,low
1540,Non-privileged Usage of Reg or Powershell,windows,T1112,high
1541,Notepad Password Files Discovery,windows,T1083,low
1542,Notepad++ Updater DNS Query to Uncommon Domains,windows,"T1195.002, T1557",medium
1543,Nslookup PowerShell Download Cradle,windows,T1059.001,medium
1544,Nslookup PowerShell Download Cradle - ProcessCreation,windows,,medium
1545,NtdllPipe Like Activity Execution,windows,,high
1546,NTDS Exfiltration Filename Patterns,windows,T1003.003,high
1547,NTDS.DIT Created,windows,T1003.003,low
1548,NTDS.DIT Creation By Uncommon Parent Process,windows,T1003.003,high
1549,NTDS.DIT Creation By Uncommon Process,windows,"T1003.002, T1003.003",high
1550,Ntdsutil Abuse,windows,T1003.003,medium
1551,NTFS Alternate Data Stream,windows,"T1564.004, T1059.001",high
1552,NTFS Vulnerability Exploitation,windows,T1499.001,high
1553,NTLM Brute Force,windows,T1110,medium
1554,NTLM Hash Leak Via Curl NTLM Authentication,windows,T1187,high
1555,NTLM Logon,windows,T1550.002,low
1556,NTLMv1 Logon Between Client and Server,windows,T1550.002,medium
1557,Obfuscated IP Download Activity,windows,,medium
1558,Obfuscated IP Via CLI,windows,,medium
1559,Obfuscated PowerShell MSI Install via WindowsInstaller COM,windows,"T1027.010, T1218.007, T1059.001",high
1560,Obfuscated PowerShell OneLiner Execution,windows,"T1059.001, T1685",high
1561,Octopus Scanner Malware,windows,"T1195, T1195.001",high
1562,Odbcconf.EXE Suspicious DLL Location,windows,T1218.008,high
1563,Office Application Initiated Network Connection Over Uncommon Ports,windows,,medium
1564,Office Application Initiated Network Connection To Non-Local IP,windows,T1203,medium
1565,Office Application Startup - Office Test,windows,T1137.002,medium
1566,Office Autorun Keys Modification,windows,T1547.001,medium
1567,Office Macro File Creation,windows,T1566.001,low
1568,Office Macro File Creation From Suspicious Process,windows,T1566.001,high
1569,Office Macro File Download,windows,T1566.001,low
1570,Office Macros Warning Disabled,windows,T1112,high
1571,Old TLS1.0/TLS1.1 Protocol Version Enabled,windows,,medium
1572,OneNote Attachment File Dropped In Suspicious Location,windows,,medium
1573,OneNote.EXE Execution of Malicious Embedded Scripts,windows,T1218.001,high
1574,OpenEDR Spawning Command Shell,windows,"T1059.003, T1021.004, T1219",medium
1575,OpenSSH Server Listening On Socket,windows,T1021.004,medium
1576,OpenWith.exe Executes Specified Binary,windows,T1218,high
1577,Operator Bloopers Cobalt Strike Commands,windows,T1059.003,high
1578,Operator Bloopers Cobalt Strike Modules,windows,T1059.003,high
1579,Outbound Network Connection Initiated By Cmstp.EXE,windows,T1218.003,high
1580,Outbound Network Connection Initiated By Microsoft Dialer,windows,T1071.001,high
1581,Outbound Network Connection Initiated By Script Interpreter,windows,T1105,high
1582,Outbound Network Connection To Public IP Via Winlogon,windows,T1218.011,medium
1583,Outbound RDP Connections Over Non-Standard Tools,windows,T1021.001,high
1584,Outgoing Logon with New Credentials,windows,T1550,low
1585,Outlook EnableUnsafeClientMailRules Setting Enabled,windows,"T1059, T1202",high
1586,Outlook EnableUnsafeClientMailRules Setting Enabled - Registry,windows,T1112,high
1587,Outlook Macro Execution Without Warning Setting Enabled,windows,"T1137, T1008, T1546",high
1588,Outlook Security Settings Updated - Registry,windows,T1137,medium
1589,PAExec Service Installation,windows,T1569.002,medium
1590,Pass the Hash Activity 2,windows,T1550.002,medium
1591,Password Change on Directory Service Restore Mode (DSRM) Account,windows,T1098,high
1592,Password Dumper Activity on LSASS,windows,T1003.001,high
1593,Password Dumper Remote Thread in LSASS,windows,T1003.001,high
1594,Password Policy Discovery With Get-AdDefaultDomainPasswordPolicy,windows,T1201,low
1595,Password Policy Enumerated,windows,T1201,medium
1596,Password Protected ZIP File Opened,windows,T1027,medium
1597,Password Protected ZIP File Opened (Email Attachment),windows,"T1027, T1566.001",high
1598,Password Protected ZIP File Opened (Suspicious Filenames),windows,"T1027, T1105, T1036",high
1599,Password Provided In Command Line Of Net.EXE,windows,"T1021.002, T1078",medium
1600,Password Set to Never Expire via WMI,windows,"T1047, T1098",medium
1601,Path To Screensaver Binary Modified,windows,T1546.002,medium
1602,PCRE.NET Package Image Load,windows,T1059,high
1603,PCRE.NET Package Temp Files,windows,T1059,high
1604,PDF File Created By RegEdit.EXE,windows,,high
1605,PDQ Deploy Remote Adminstartion Tool Execution,windows,T1072,medium
1606,Periodic Backup For System Registry Hives Enabled,windows,T1113,medium
1607,Perl Inline Command Execution,windows,T1059,medium
1608,Permission Check Via Accesschk.EXE,windows,T1069.001,medium
1609,Permission Misconfiguration Reconnaissance Via Findstr.EXE,windows,T1552.006,medium
1610,Persistence and Execution at Scale via GPO Scheduled Task,windows,T1053.005,high
1611,Persistence Via Disk Cleanup Handler - Autorun,windows,,medium
1612,Persistence Via Hhctrl.ocx,windows,,high
1613,Persistence Via New SIP Provider,windows,T1553.003,medium
1614,Persistence Via Sticky Key Backdoor,windows,T1546.008,critical
1615,Persistence Via TypedPaths - CommandLine,windows,,medium
1616,PetitPotam Suspicious Kerberos TGT Request,windows,T1187,high
1617,Phishing Pattern ISO in Archive,windows,T1566,high
1618,Php Inline Command Execution,windows,T1059,medium
1619,Ping Hex IP,windows,"T1140, T1027",high
1620,PktMon.EXE Execution,windows,T1040,medium
1621,Port Forwarding Activity Via SSH.EXE,windows,"T1572, T1021.001, T1021.004",medium
1622,Portable Gpg.EXE Execution,windows,T1486,medium
1623,Possible DC Shadow Attack,windows,T1207,medium
1624,Possible Impacket SecretDump Remote Activity,windows,"T1003.002, T1003.004, T1003.003",high
1625,Possible PetitPotam Coerce Authentication Attempt,windows,T1187,high
1626,Possible Privilege Escalation via Weak Service Permissions,windows,T1574.011,high
1627,Possible Shadow Credentials Added,windows,T1556,high
1628,Potential 7za.DLL Sideloading,windows,T1574.001,low
1629,Potential Access Token Abuse,windows,T1134.001,medium
1630,Potential Active Directory Enumeration Using AD Module - ProcCreation,windows,,medium
1631,Potential Active Directory Enumeration Using AD Module - PsModule,windows,,medium
1632,Potential Active Directory Enumeration Using AD Module - PsScript,windows,,medium
1633,Potential Active Directory Reconnaissance/Enumeration Via LDAP,windows,"T1069.002, T1087.002, T1482",medium
1634,Potential AD User Enumeration From Non-Machine Account,windows,T1087.002,medium
1635,Potential Adplus.EXE Abuse,windows,T1003.001,high
1636,Potential Amazon SSM Agent Hijacking,windows,T1219.002,medium
1637,Potential AMSI Bypass Script Using NULL Bits,windows,T1685,medium
1638,Potential AMSI Bypass Using NULL Bits,windows,T1685,medium
1639,Potential AMSI Bypass Via .NET Reflection,windows,T1685,high
1640,Potential AMSI COM Server Hijacking,windows,T1685,high
1641,Potential Antivirus Software DLL Sideloading,windows,T1574.001,medium
1642,Potential Application Whitelisting Bypass via Dnx.EXE,windows,"T1218, T1027.004",medium
1643,Potential appverifUI.DLL Sideloading,windows,T1574.001,high
1644,Potential Arbitrary Code Execution Via Node.EXE,windows,T1127,high
1645,Potential Arbitrary Command Execution Using Msdt.EXE,windows,T1202,high
1646,Potential Arbitrary Command Execution Via FTP.EXE,windows,"T1059, T1202",medium
1647,Potential Arbitrary DLL Load Using Winword,windows,T1202,medium
1648,Potential Arbitrary File Download Using Office Application,windows,T1202,high
1649,Potential Arbitrary File Download Via Cmdl32.EXE,windows,"T1218, T1202",medium
1650,Potential AS-REP Roasting via Kerberos TGT Requests,windows,,medium
1651,Potential Attachment Manager Settings Associations Tamper,windows,,high
1652,Potential Attachment Manager Settings Attachments Tamper,windows,,high
1653,Potential AutoLogger Sessions Tampering,windows,T1685.001,high
1654,Potential AVKkid.DLL Sideloading,windows,T1574.001,medium
1655,Potential Azure Browser SSO Abuse,windows,T1574.001,low
1656,Potential Binary Impersonating Sysinternals Tools,windows,"T1218, T1202, T1036.005",medium
1657,Potential Binary Or Script Dropper Via PowerShell,windows,,medium
1658,Potential Binary Proxy Execution Via Cdb.EXE,windows,"T1106, T1218, T1127",medium
1659,Potential Binary Proxy Execution Via VSDiagnostics.EXE,windows,T1218,medium
1660,Potential Browser Data Stealing,windows,T1555.003,medium
1661,Potential CCleanerDU.DLL Sideloading,windows,T1574.001,medium
1662,Potential CCleanerReactivator.DLL Sideloading,windows,T1574.001,medium
1663,Potential Chrome Frame Helper DLL Sideloading,windows,T1574.001,medium
1664,Potential ClickFix Execution Pattern - Registry,windows,T1204.001,high
1665,Potential CobaltStrike Process Patterns,windows,T1059,high
1666,Potential CobaltStrike Service Installations - Registry,windows,"T1021.002, T1543.003, T1569.002",high
1667,Potential COM Object Hijacking Via TreatAs Subkey - Registry,windows,T1546.015,medium
1668,Potential COM Objects Download Cradles Usage - Process Creation,windows,T1105,medium
1669,Potential COM Objects Download Cradles Usage - PS Script,windows,T1105,medium
1670,Potential Command Line Path Traversal Evasion Attempt,windows,T1036,medium
1671,Potential Commandline Obfuscation Using Escape Characters,windows,T1140,medium
1672,Potential CommandLine Obfuscation Using Unicode Characters From Suspicious Image,windows,T1027,high
1673,Potential CommandLine Path Traversal Via Cmd.EXE,windows,T1059.003,high
1674,Potential Configuration And Service Reconnaissance Via Reg.EXE,windows,"T1012, T1007",medium
1675,Potential Cookies Session Hijacking,windows,,medium
1676,Potential Credential Dumping Activity Via LSASS,windows,T1003.001,medium
1677,Potential Credential Dumping Attempt Using New NetworkProvider - CLI,windows,T1003,high
1678,Potential Credential Dumping Attempt Using New NetworkProvider - REG,windows,T1003,medium
1679,Potential Credential Dumping Attempt Via PowerShell Remote Thread,windows,T1003.001,high
1680,Potential Credential Dumping Via LSASS Process Clone,windows,"T1003, T1003.001",critical
1681,Potential Credential Dumping Via LSASS SilentProcessExit Technique,windows,T1003.001,critical
1682,Potential Credential Dumping Via WER,windows,T1003.001,high
1683,Potential Crypto Mining Activity,windows,T1496,high
1684,Potential Data Exfiltration Activity Via CommandLine Tools,windows,T1059.001,high
1685,Potential Data Exfiltration Via Audio File,windows,,medium
1686,Potential Data Stealing Via Chromium Headless Debugging,windows,"T1185, T1564.003",high
1687,Potential DCOM InternetExplorer.Application DLL Hijack,windows,"T1021.002, T1021.003",critical
1688,Potential DCOM InternetExplorer.Application DLL Hijack - Image Load,windows,"T1021.002, T1021.003",critical
1689,Potential Defense Evasion Activity Via Emoji Usage In CommandLine - 1,windows,,high
1690,Potential Defense Evasion Activity Via Emoji Usage In CommandLine - 2,windows,,high
1691,Potential Defense Evasion Activity Via Emoji Usage In CommandLine - 3,windows,,high
1692,Potential Defense Evasion Activity Via Emoji Usage In CommandLine - 4,windows,,high
1693,Potential Defense Evasion Via Binary Rename,windows,T1036.003,medium
1694,Potential Defense Evasion Via Raw Disk Access By Uncommon Tools,windows,T1006,low
1695,Potential Defense Evasion Via Rename Of Highly Relevant Binaries,windows,T1036.003,high
1696,Potential Defense Evasion Via Right-to-Left Override,windows,T1036.002,high
1697,Potential Direct Syscall of NtOpenProcess,windows,T1106,medium
1698,Potential Discovery Activity Via Dnscmd.EXE,windows,,medium
1699,Potential DLL File Download Via PowerShell Invoke-WebRequest,windows,"T1059.001, T1105",medium
1700,Potential DLL Injection Or Execution Using Tracker.exe,windows,T1055.001,medium
1701,Potential DLL Injection Via AccCheckConsole,windows,,medium
1702,Potential DLL Sideloading Of DBGCORE.DLL,windows,T1574.001,medium
1703,Potential DLL Sideloading Of DBGHELP.DLL,windows,T1574.001,medium
1704,Potential DLL Sideloading Of DbgModel.DLL,windows,T1574.001,medium
1705,Potential DLL Sideloading Of KeyScramblerIE.DLL Via KeyScrambler.EXE,windows,T1574.001,high
1706,Potential DLL Sideloading Of Libcurl.DLL Via GUP.EXE,windows,T1574.001,medium
1707,Potential DLL Sideloading Of MpSvc.DLL,windows,T1574.001,medium
1708,Potential DLL Sideloading Of MsCorSvc.DLL,windows,T1574.001,medium
1709,Potential DLL Sideloading Of Non-Existent DLLs From System Folders,windows,T1574.001,high
1710,Potential DLL Sideloading Using Coregen.exe,windows,"T1218, T1055",medium
1711,Potential DLL Sideloading Via ClassicExplorer32.dll,windows,T1574.001,medium
1712,Potential DLL Sideloading Via comctl32.dll,windows,T1574.001,high
1713,Potential DLL Sideloading Via DeviceEnroller.EXE,windows,T1574.001,medium
1714,Potential DLL Sideloading Via JsSchHlp,windows,T1574.001,medium
1715,Potential DLL Sideloading Via VMware Xfer,windows,T1574.001,high
1716,Potential Dosfuscation Activity,windows,T1059,medium
1717,Potential Download/Upload Activity Using Type Command,windows,T1105,medium
1718,Potential Dropper Script Execution Via WScript/CScript/MSHTA,windows,"T1059.005, T1059.007",medium
1719,Potential EACore.DLL Sideloading,windows,T1574.001,high
1720,Potential Edputil.DLL Sideloading,windows,T1574.001,high
1721,Potential Encoded PowerShell Patterns In CommandLine,windows,"T1027, T1059.001",low
1722,Potential EventLog File Location Tampering,windows,T1685.001,high
1723,Potential Excel.EXE DCOM Lateral Movement Via ActivateMicrosoftApp,windows,T1021.003,high
1724,Potential Execution of Sysinternals Tools,windows,T1588.002,low
1725,Potential Fake Instance Of Hxtsr.EXE Executed,windows,T1036,medium
1726,Potential File Download Via MS-AppInstaller Protocol Handler,windows,T1218,medium
1727,Potential File Extension Spoofing Using Right-to-Left Override,windows,T1036.002,high
1728,Potential File Overwrite Via Sysinternals SDelete,windows,T1485,high
1729,Potential Goopdate.DLL Sideloading,windows,T1574.001,medium
1730,Potential Hidden Directory Creation Via NTFS INDEX_ALLOCATION Stream,windows,T1564.004,medium
1731,Potential Hidden Directory Creation Via NTFS INDEX_ALLOCATION Stream - CLI,windows,T1564.004,medium
1732,Potential Homoglyph Attack Using Lookalike Characters,windows,"T1036, T1036.003",medium
1733,Potential Homoglyph Attack Using Lookalike Characters in Filename,windows,"T1036, T1036.003",medium
1734,Potential In-Memory Execution Using Reflection.Assembly,windows,T1620,medium
1735,Potential Initial Access via DLL Search Order Hijacking,windows,"T1566, T1566.001, T1574, T1574.001",medium
1736,Potential Invoke-Mimikatz PowerShell Script,windows,T1003,high
1737,Potential Iviewers.DLL Sideloading,windows,T1574.001,high
1738,Potential JLI.dll Side-Loading,windows,T1574.001,high
1739,Potential Kerberos Coercion by Spoofing SPNs via DNS Manipulation,windows,T1557.003,high
1740,Potential Keylogger Activity,windows,T1056.001,medium
1741,Potential Lateral Movement via Windows Remote Shell,windows,T1021.006,medium
1742,Potential LethalHTA Technique Execution,windows,T1218.005,high
1743,Potential Libvlc.DLL Sideloading,windows,T1574.001,medium
1744,Potential LSASS Process Dump Via Procdump,windows,"T1036, T1003.001",high
1745,Potential Malicious AppX Package Installation Attempts,windows,,medium
1746,Potential Manage-bde.wsf Abuse To Proxy Execution,windows,T1216,high
1747,Potential Memory Dumping Activity Via LiveKD,windows,,medium
1748,Potential Meterpreter/CobaltStrike Activity,windows,"T1134.001, T1134.002",high
1749,Potential Mfdetours.DLL Sideloading,windows,T1574.001,medium
1750,Potential Mftrace.EXE Abuse,windows,T1127,medium
1751,Potential Mpclient.DLL Sideloading,windows,T1574.001,high
1752,Potential Mpclient.DLL Sideloading Via Defender Binaries,windows,T1574.001,high
1753,Potential Mpclient.DLL Sideloading Via OfflineScannerShell.EXE Execution,windows,T1218,medium
1754,Potential MsiExec Masquerading,windows,T1036.005,high
1755,Potential MSTSC Shadowing Activity,windows,T1563.002,high
1756,Potential Network Sniffing Activity Using Network Tools,windows,T1040,medium
1757,Potential NTLM Coercion Via Certutil.EXE,windows,T1218,high
1758,Potential Obfuscated Ordinal Call Via Rundll32,windows,T1027.010,medium
1759,Potential Packet Capture Activity Via Start-NetEventSession - ScriptBlock,windows,T1040,medium
1760,Potential Password Spraying Attempt Using Dsacls.EXE,windows,T1218,medium
1761,Potential PendingFileRenameOperations Tampering,windows,T1036.003,medium
1762,Potential Persistence Attempt Via ErrorHandler.Cmd,windows,,medium
1763,Potential Persistence Attempt Via Existing Service Tampering,windows,"T1543.003, T1574.011",medium
1764,Potential Persistence Attempt Via Run Keys Using Reg.EXE,windows,T1547.001,medium
1765,Potential Persistence Using DebugPath,windows,T1546.015,medium
1766,Potential Persistence Via App Paths Default Property,windows,T1546.012,high
1767,Potential Persistence Via AppCompat RegisterAppRestart Layer,windows,T1546.011,medium
1768,Potential Persistence Via AutodialDLL,windows,,high
1769,Potential Persistence Via CHM Helper DLL,windows,,high
1770,Potential Persistence Via Custom Protocol Handler,windows,T1112,medium
1771,Potential Persistence Via Disk Cleanup Handler - Registry,windows,,medium
1772,Potential Persistence Via DLLPathOverride,windows,,high
1773,Potential Persistence Via Event Viewer Events.asp,windows,T1112,medium
1774,Potential Persistence Via Excel Add-in - Registry,windows,T1137.006,high
1775,Potential Persistence Via GlobalFlags,windows,T1546.012,high
1776,Potential Persistence Via Logon Scripts - CommandLine,windows,T1037.001,high
1777,Potential Persistence Via Logon Scripts - Registry,windows,T1037.001,medium
1778,Potential Persistence Via LSA Extensions,windows,,high
1779,Potential Persistence Via Microsoft Compatibility Appraiser,windows,T1053.005,medium
1780,Potential Persistence Via Microsoft Office Add-In,windows,T1137.006,high
1781,Potential Persistence Via Microsoft Office Startup Folder,windows,T1137,high
1782,Potential Persistence Via Mpnotify,windows,,high
1783,Potential Persistence Via MyComputer Registry Keys,windows,,high
1784,Potential Persistence Via Netsh Helper DLL,windows,T1546.007,medium
1785,Potential Persistence Via Netsh Helper DLL - Registry,windows,T1546.007,medium
1786,Potential Persistence Via New AMSI Providers - Registry,windows,,medium
1787,Potential Persistence Via Notepad++ Plugins,windows,,medium
1788,Potential Persistence Via Outlook Form,windows,T1137.003,high
1789,Potential Persistence Via Outlook Home Page,windows,T1112,high
1790,Potential Persistence Via Outlook LoadMacroProviderOnBoot Setting,windows,"T1137, T1008, T1546",high
1791,Potential Persistence Via Outlook Today Page,windows,T1112,high
1792,Potential Persistence Via Powershell Search Order Hijacking - Task,windows,"T1053.005, T1059.001",high
1793,Potential Persistence Via PowerShell User Profile Using Add-Content,windows,T1546.013,medium
1794,Potential Persistence Via Scrobj.dll COM Hijacking,windows,T1546.015,medium
1795,Potential Persistence Via Security Descriptors - ScriptBlock,windows,,high
1796,Potential Persistence Via Shim Database In Uncommon Location,windows,T1546.011,high
1797,Potential Persistence Via Shim Database Modification,windows,T1546.011,medium
1798,Potential Persistence Via TypedPaths,windows,,high
1799,Potential Persistence Via Visual Studio Tools for Office,windows,T1137.006,medium
1800,Potential Persistence Via VMwareToolBoxCmd.EXE VM State Change Script,windows,T1059,medium
1801,Potential PowerShell Command Line Obfuscation,windows,"T1027, T1059.001",high
1802,Potential PowerShell Console History Access Attempt via History File,windows,T1552.001,medium
1803,Potential PowerShell Downgrade Attack,windows,T1059.001,medium
1804,Potential PowerShell Execution Policy Tampering,windows,,medium
1805,Potential PowerShell Execution Policy Tampering - ProcCreation,windows,,high
1806,Potential PowerShell Execution Via DLL,windows,T1218.011,high
1807,Potential PowerShell Obfuscation Using Alias Cmdlets,windows,"T1027, T1059.001",low
1808,Potential PowerShell Obfuscation Using Character Join,windows,"T1027, T1059.001",low
1809,Potential PowerShell Obfuscation Via Reversed Commands,windows,"T1027, T1059.001",high
1810,Potential PowerShell Obfuscation Via WCHAR/CHAR,windows,"T1059.001, T1027",high
1811,Potential Powershell ReverseShell Connection,windows,T1059.001,high
1812,Potential Privilege Escalation Attempt Via .Exe.Local Technique,windows,,high
1813,Potential Privilege Escalation To LOCAL SYSTEM,windows,T1587.001,high
1814,Potential Privilege Escalation Using Symlink Between Osk and Cmd,windows,T1546.008,high
1815,Potential Privilege Escalation via Local Kerberos Relay over LDAP,windows,T1548,high
1816,Potential Privilege Escalation via Service Permissions Weakness,windows,T1574.011,high
1817,Potential Privileged System Service Operation - SeLoadDriverPrivilege,windows,T1685,medium
1818,Potential Process Execution Proxy Via CL_Invocation.ps1,windows,T1216,medium
1819,Potential Process Hollowing Activity,windows,T1055.012,medium
1820,Potential Process Injection Via Msra.EXE,windows,T1055,high
1821,Potential Process Reconnaissance via Wmic.EXE,windows,"T1047, T1057",medium
1822,Potential Product Class Reconnaissance Via Wmic.EXE,windows,"T1047, T1082",medium
1823,Potential Product Reconnaissance Via Wmic.EXE,windows,T1047,medium
1824,Potential Provisioning Registry Key Abuse For Binary Proxy Execution,windows,T1218,high
1825,Potential Provisioning Registry Key Abuse For Binary Proxy Execution - REG,windows,T1218,high
1826,Potential Provlaunch.EXE Binary Proxy Execution Abuse,windows,T1218,medium
1827,Potential PsExec Remote Execution,windows,T1587.001,high
1828,Potential PSFactoryBuffer COM Hijacking,windows,T1546.015,high
1829,Potential Python DLL SideLoading,windows,T1574.001,medium
1830,Potential Qakbot Registry Activity,windows,T1112,high
1831,Potential Ransomware Activity Using LegalNotice Message,windows,T1491.001,high
1832,Potential Ransomware or Unauthorized MBR Tampering Via Bcdedit.EXE,windows,"T1070, T1542.003",medium
1833,Potential Rcdll.DLL Sideloading,windows,T1574.001,high
1834,Potential RDP Session Hijacking Activity,windows,,medium
1835,Potential RDP Tunneling Via Plink,windows,T1572,high
1836,Potential RDP Tunneling Via SSH,windows,T1572,high
1837,Potential Recon Activity Using DriverQuery.EXE,windows,,high
1838,Potential Recon Activity Via Nltest.EXE,windows,"T1016, T1482",medium
1839,Potential Reconnaissance Activity Via GatherNetworkInfo.VBS,windows,"T1615, T1059.005",medium
1840,Potential Reconnaissance For Cached Credentials Via Cmdkey.EXE,windows,T1003.005,high
1841,Potential ReflectDebugger Content Execution Via WerFault.EXE,windows,T1036,medium
1842,Potential Register_App.Vbs LOLScript Abuse,windows,T1218,medium
1843,Potential Registry Persistence Attempt Via DbgManagedDebugger,windows,T1574,medium
1844,Potential Registry Persistence Attempt Via Windows Telemetry,windows,T1053.005,high
1845,Potential Regsvr32 Commandline Flag Anomaly,windows,T1218.010,medium
1846,Potential Remote Desktop Connection to Non-Domain Host,windows,T1219.002,medium
1847,Potential Remote Desktop Tunneling,windows,T1021,medium
1848,Potential Remote PowerShell Session Initiated,windows,"T1059.001, T1021.006",high
1849,Potential Remote SquiblyTwo Technique Execution,windows,"T1047, T1220, T1059.005, T1059.007",high
1850,Potential RemoteFXvGPUDisablement.EXE Abuse,windows,T1218,high
1851,Potential RemoteFXvGPUDisablement.EXE Abuse - PowerShell Module,windows,T1218,high
1852,Potential RemoteFXvGPUDisablement.EXE Abuse - PowerShell ScriptBlock,windows,T1218,high
1853,Potential Renamed Rundll32 Execution,windows,,high
1854,Potential RipZip Attack on Startup Folder,windows,T1547,high
1855,Potential RjvPlatform.DLL Sideloading From Default Location,windows,T1574.001,medium
1856,Potential RjvPlatform.DLL Sideloading From Non-Default Location,windows,T1574.001,high
1857,Potential RoboForm.DLL Sideloading,windows,T1574.001,medium
1858,Potential Rundll32 Execution With DLL Stored In ADS,windows,T1564.004,high
1859,Potential SAM Database Dump,windows,T1003.002,high
1860,Potential Script Proxy Execution Via CL_Mutexverifiers.ps1,windows,T1216,medium
1861,Potential Secure Deletion with SDelete,windows,"T1070.004, T1027.005, T1485, T1553.002",medium
1862,Potential SentinelOne Shell Context Menu Scan Command Tampering,windows,,medium
1863,Potential ShellDispatch.DLL Functionality Abuse,windows,,medium
1864,Potential ShellDispatch.DLL Sideloading,windows,T1574.001,medium
1865,Potential Shim Database Persistence via Sdbinst.EXE,windows,T1546.011,medium
1866,Potential Signing Bypass Via Windows Developer Features,windows,,high
1867,Potential Signing Bypass Via Windows Developer Features - Registry,windows,,high
1868,Potential SmadHook.DLL Sideloading,windows,T1574.001,high
1869,Potential SMB Relay Attack Tool Execution,windows,T1557.001,critical
1870,Potential SolidPDFCreator.DLL Sideloading,windows,T1574.001,medium
1871,Potential SPN Enumeration Via Setspn.EXE,windows,T1558.003,medium
1872,Potential SSH Tunnel Persistence Install Using A Scheduled Task,windows,T1053.005,high
1873,Potential Startup Shortcut Persistence Via PowerShell.EXE,windows,T1547.001,high
1874,Potential Suspicious Activity Using SeCEdit,windows,"T1685.001, T1547.001, T1505.005, T1556.002, T1685, T1574.007, T1564.002, T1546.008, T1546.007, T1547.014, T1547.010, T1547.002, T1557, T1082",medium
1875,Potential Suspicious Browser Launch From Document Reader Process,windows,T1204.002,medium
1876,Potential Suspicious PowerShell Keywords,windows,T1059.001,medium
1877,Potential Suspicious PowerShell Module File Created,windows,,medium
1878,Potential Suspicious Registry File Imported Via Reg.EXE,windows,T1112,medium
1879,Potential Suspicious Windows Feature Enabled,windows,,medium
1880,Potential Suspicious Windows Feature Enabled - ProcCreation,windows,,medium
1881,Potential Suspicious Winget Package Installation,windows,,high
1882,Potential SysInternals ProcDump Evasion,windows,"T1036, T1003.001",high
1883,Potential System DLL Sideloading From Non System Locations,windows,T1574.001,high
1884,Potential Tampering With RDP Related Registry Keys Via Reg.EXE,windows,"T1021.001, T1112",high
1885,Potential Tampering With Security Products Via WMIC,windows,T1685,high
1886,Potential UAC Bypass Via Sdclt.EXE,windows,T1548.002,medium
1887,Potential Unconstrained Delegation Discovery Via Get-ADComputer - ScriptBlock,windows,"T1018, T1558, T1589.002",medium
1888,Potential Unquoted Service Path Reconnaissance Via Wmic.EXE,windows,T1047,medium
1889,Potential Vcruntime140 DLL Sideloading,windows,T1574.001,high
1890,Potential Vivaldi_elf.DLL Sideloading,windows,T1574.001,medium
1891,Potential Waveedit.DLL Sideloading,windows,T1574.001,high
1892,Potential Wazuh Security Platform DLL Sideloading,windows,T1574.001,medium
1893,Potential Webshell Creation On Static Website,windows,T1505.003,medium
1894,Potential WerFault ReflectDebugger Registry Value Abuse,windows,T1036.003,high
1895,Potential WinAPI Calls Via CommandLine,windows,T1106,high
1896,Potential WinAPI Calls Via PowerShell Scripts,windows,"T1059.001, T1106, T1620",high
1897,Potential Windows Defender AV Bypass Via Dump64.EXE Rename,windows,T1003.001,high
1898,Potential Windows Defender Tampering Via Wmic.EXE,windows,"T1047, T1685",high
1899,Potential Winnti Dropper Activity,windows,T1027,high
1900,Potential WMI Lateral Movement WmiPrvSE Spawned PowerShell,windows,"T1047, T1059.001",medium
1901,Potential WWlib.DLL Sideloading,windows,T1574.001,medium
1902,Potentially Over Permissive Permissions Granted Using Dsacls.EXE,windows,T1218,medium
1903,Potentially Suspicious AccessMask Requested From LSASS,windows,T1003.001,medium
1904,Potentially Suspicious ASP.NET Compilation Via AspNetCompiler,windows,T1127,high
1905,Potentially Suspicious Cabinet File Expansion,windows,T1218,medium
1906,Potentially Suspicious Call To Win32_NTEventlogFile Class,windows,,high
1907,Potentially Suspicious Call To Win32_NTEventlogFile Class - PSScript,windows,,medium
1908,Potentially Suspicious Child Process Of ClickOnce Application,windows,,medium
1909,Potentially Suspicious Child Process Of DiskShadow.EXE,windows,T1218,medium
1910,Potentially Suspicious Child Process of KeyScrambler.exe,windows,"T1203, T1574.001",medium
1911,Potentially Suspicious Child Process Of Regsvr32,windows,T1218.010,high
1912,Potentially Suspicious Child Process Of VsCode,windows,"T1218, T1202",medium
1913,Potentially Suspicious Child Process Of WinRAR.EXE,windows,T1203,medium
1914,Potentially Suspicious Child Processes Spawned by ConHost,windows,"T1202, T1218",high
1915,Potentially Suspicious CMD Shell Output Redirect,windows,T1218,medium
1916,Potentially Suspicious Command Executed Via Run Dialog Box - Registry,windows,T1059.001,high
1917,Potentially Suspicious Command Targeting Teams Sensitive Files,windows,T1528,medium
1918,Potentially Suspicious Desktop Background Change Using Reg.EXE,windows,"T1112, T1491.001",medium
1919,Potentially Suspicious Desktop Background Change Via Registry,windows,"T1112, T1491.001",medium
1920,Potentially Suspicious DLL Registered Via Odbcconf.EXE,windows,T1218.008,high
1921,Potentially Suspicious DMP/HDMP File Creation,windows,,medium
1922,Potentially Suspicious Electron Application CommandLine,windows,,medium
1923,Potentially Suspicious Event Viewer Child Process,windows,T1548.002,high
1924,Potentially Suspicious EventLog Recon Activity Using Log Query Utilities,windows,"T1552, T1087",medium
1925,Potentially Suspicious Execution From Parent Process In Public Folder,windows,"T1564, T1059",high
1926,Potentially Suspicious Execution Of PDQDeployRunner,windows,,medium
1927,Potentially Suspicious Execution Of Regasm/Regsvcs From Uncommon Location,windows,T1218.009,medium
1928,Potentially Suspicious Execution Of Regasm/Regsvcs With Uncommon Extension,windows,T1218.009,medium
1929,Potentially Suspicious Explicit Credential Local Logon,windows,"T1134, T1134.003",medium
1930,Potentially Suspicious File Creation by OpenEDR's ITSMService,windows,"T1105, T1570, T1219",medium
1931,Potentially Suspicious File Download From File Sharing Domain Via PowerShell.EXE,windows,,high
1932,Potentially Suspicious File Download From ZIP TLD,windows,,high
1933,Potentially Suspicious GoogleUpdate Child Process,windows,,high
1934,Potentially Suspicious GrantedAccess Flags On LSASS,windows,T1003.001,medium
1935,Potentially Suspicious Image Load of Offreg.dll,windows,T1112,medium
1936,Potentially Suspicious Inline JavaScript Execution via NodeJS Binary,windows,T1059.007,medium
1937,Potentially Suspicious JWT Token Search Via CLI,windows,"T1528, T1552.001",medium
1938,Potentially Suspicious Malware Callback Communication,windows,T1571,high
1939,Potentially Suspicious Mofcomp Execution,windows,T1218,high
1940,Potentially Suspicious Network Connection To Notion API,windows,T1102,low
1941,Potentially Suspicious NTFS Symlink Behavior Modification,windows,"T1059, T1222.001",medium
1942,Potentially Suspicious ODBC Driver Registered,windows,T1003,high
1943,Potentially Suspicious Office Document Executed From Trusted Location,windows,T1202,high
1944,Potentially Suspicious Ping/Copy Command Combination,windows,T1070.004,medium
1945,Potentially Suspicious Powershell Script Execution From Temp Folder,windows,T1059.001,medium
1946,Potentially Suspicious Regsvr32 HTTP IP Pattern,windows,T1218.010,high
1947,Potentially Suspicious Regsvr32 HTTP/FTP Pattern,windows,T1218.010,medium
1948,Potentially Suspicious Rundll32 Activity,windows,T1218.011,medium
1949,Potentially Suspicious Rundll32.EXE Execution of UDL File,windows,"T1218.011, T1071",medium
1950,Potentially Suspicious Self Extraction Directive File Created,windows,T1218,medium
1951,Potentially Suspicious Usage Of Qemu,windows,"T1090, T1572",medium
1952,Potentially Suspicious Volume Shadow Copy Vsstrace.dll Load,windows,T1490,medium
1953,Potentially Suspicious WDAC Policy File Creation,windows,,medium
1954,Potentially Suspicious WebDAV LNK Execution,windows,"T1059.001, T1204",medium
1955,Potentially Suspicious Windows App Activity,windows,,medium
1956,Potentially Suspicious Wuauclt Network Connection,windows,T1218,medium
1957,Powershell Add Name Resolution Policy Table Rule,windows,T1565,high
1958,PowerShell ADRecon Execution,windows,T1059.001,high
1959,PowerShell AppLocker Policy Discovery Via Get-AppLockerPolicy,windows,T1518.001,low
1960,PowerShell as a Service in Registry,windows,T1569.002,high
1961,PowerShell Base64 Encoded FromBase64String Cmdlet,windows,"T1140, T1059.001",high
1962,PowerShell Base64 Encoded IEX Cmdlet,windows,T1059.001,high
1963,PowerShell Base64 Encoded Invoke Keyword,windows,"T1059.001, T1027",high
1964,Powershell Base64 Encoded MpPreference Cmdlet,windows,T1685,high
1965,PowerShell Base64 Encoded Reflective Assembly Load,windows,"T1059.001, T1027, T1620",high
1966,PowerShell Base64 Encoded WMI Classes,windows,"T1059.001, T1027",high
1967,PowerShell Called from an Executable Version Mismatch,windows,T1059.001,high
1968,PowerShell Console History Logs Deleted,windows,T1070,medium
1969,PowerShell Core DLL Loaded By Non PowerShell Process,windows,T1059.001,medium
1970,PowerShell Core DLL Loaded Via Office Application,windows,,medium
1971,PowerShell Create Local User,windows,"T1059.001, T1136.001",medium
1972,Powershell Create Scheduled Task,windows,T1053.005,medium
1973,PowerShell Credential Prompt,windows,T1059.001,high
1974,PowerShell Decompress Commands,windows,T1140,informational
1975,Powershell Defender Disable Scan Feature,windows,T1685,high
1976,Powershell Defender Exclusion,windows,T1685,medium
1977,PowerShell Defender Threat Severity Default Action Set to 'Allow' or 'NoAction',windows,T1685,high
1978,PowerShell Deleted Mounted Share,windows,T1070.005,medium
1979,Powershell Detect Virtualization Environment,windows,T1497.001,medium
1980,Powershell Directory Enumeration,windows,T1083,medium
1981,Powershell DNSExfiltration,windows,T1048,high
1982,PowerShell Downgrade Attack - PowerShell,windows,T1059.001,medium
1983,PowerShell Download and Execution Cradles,windows,T1059,high
1984,PowerShell Download Pattern,windows,T1059.001,medium
1985,PowerShell Download Via Net.WebClient - PowerShell Classic,windows,"T1059.001, T1105",low
1986,Powershell Execute Batch Script,windows,T1059.003,medium
1987,Powershell Executed From Headless ConHost Process,windows,"T1059.001, T1059.003, T1564.003",medium
1988,PowerShell Execution With Potential Decryption Capabilities,windows,,high
1989,PowerShell Get Clipboard,windows,T1115,medium
1990,PowerShell Get-Clipboard Cmdlet Via CLI,windows,T1115,medium
1991,PowerShell Get-Process LSASS,windows,T1552.004,high
1992,PowerShell Get-Process LSASS in ScriptBlock,windows,T1003.001,high
1993,PowerShell Hotfix Enumeration,windows,,medium
1994,PowerShell ICMP Exfiltration,windows,T1048.003,medium
1995,Powershell Inline Execution From A File,windows,T1059.001,medium
1996,Powershell Install a DLL in System Directory,windows,T1556.002,high
1997,Powershell Keylogging,windows,T1056.001,medium
1998,Powershell Local Email Collection,windows,T1114.001,medium
1999,Powershell LocalAccount Manipulation,windows,T1098,medium
2000,PowerShell Logging Disabled Via Registry Key Tampering,windows,"T1564.001, T1112",high
2001,PowerShell Module File Created,windows,,low
2002,PowerShell Module File Created By Non-PowerShell Process,windows,,medium
2003,PowerShell MSI Install via WindowsInstaller COM From Remote Location,windows,"T1059.001, T1218, T1105",medium
2004,Powershell MsXml COM Object,windows,T1059.001,medium
2005,PowerShell Profile Modification,windows,T1546.013,medium
2006,PowerShell PSAttack,windows,T1059.001,high
2007,PowerShell Remote Session Creation,windows,T1059.001,medium
2008,PowerShell SAM Copy,windows,T1003.002,high
2009,PowerShell Script Change Permission Via Set-Acl,windows,,high
2010,PowerShell Script Change Permission Via Set-Acl - PsScript,windows,T1222,low
2011,PowerShell Script Dropped Via PowerShell.EXE,windows,,low
2012,PowerShell Script Execution Policy Enabled,windows,,low
2013,PowerShell Script Run in AppData,windows,T1059.001,medium
2014,PowerShell Script With File Hostname Resolving Capabilities,windows,T1020,medium
2015,PowerShell Script With File Upload Capabilities,windows,T1020,low
2016,PowerShell Scripts Installed as Services,windows,T1569.002,high
2017,PowerShell Scripts Installed as Services - Security,windows,T1569.002,high
2018,Powershell Sensitive File Discovery,windows,T1083,medium
2019,PowerShell Set-Acl On Windows Folder,windows,,high
2020,PowerShell Set-Acl On Windows Folder - PsScript,windows,T1222,high
2021,PowerShell ShellCode,windows,"T1055, T1059.001",high
2022,Powershell Store File In Alternate Data Stream,windows,T1564.004,medium
2023,Powershell Suspicious Win32_PnPEntity,windows,T1120,low
2024,Powershell Timestomp,windows,T1070.006,medium
2025,Powershell Token Obfuscation - Process Creation,windows,T1027.009,high
2026,PowerShell Web Access Feature Enabled Via DISM,windows,T1548.002,high
2027,PowerShell Web Access Installation - PsScript,windows,T1059.001,high
2028,Powershell WMI Persistence,windows,T1546.003,medium
2029,PowerShell WMI Win32_Product Install MSI,windows,T1218.007,medium
2030,PowerShell Write-EventLog Usage,windows,,medium
2031,Powershell XML Execute Command,windows,T1059.001,medium
2032,Powerview Add-DomainObjectAcl DCSync AD Extend Right,windows,T1098,high
2033,PowerView PowerShell Cmdlets - ScriptBlock,windows,T1059.001,high
2034,PPL Tampering Via WerFaultSecure,windows,"T1685, T1003.001",high
2035,Prefetch File Deleted,windows,T1070.004,high
2036,Previously Installed IIS Module Was Removed,windows,"T1685.001, T1505.004",low
2037,PrintBrm ZIP Creation of Extraction,windows,"T1105, T1564.004",high
2038,Private Keys Reconnaissance Via CommandLine Tools,windows,T1552.004,medium
2039,Privilege Escalation via Named Pipe Impersonation,windows,T1021,high
2040,Procdump Execution,windows,"T1036, T1003.001",medium
2041,Process Access via TrolleyExpress Exclusion,windows,"T1218.011, T1003.001",high
2042,Process Creation Attempt via Wmic.EXE,windows,T1047,medium
2043,Process Creation Using Sysnative Folder,windows,T1055,medium
2044,Process Deletion of Its Own Executable,windows,,medium
2045,Process Execution From A Potentially Suspicious Folder,windows,T1036,high
2046,Process Explorer Driver Creation By Non-Sysinternals Binary,windows,T1068,high
2047,Process Initiated Network Connection To Ngrok Domain,windows,"T1567, T1572, T1102",high
2048,Process Launched Without Image Name,windows,,medium
2049,Process Memory Dump Via Comsvcs.DLL,windows,"T1036, T1003.001",high
2050,Process Memory Dump Via Dotnet-Dump,windows,T1218,medium
2051,Process Memory Dump via RdrLeakDiag.EXE,windows,T1003.001,high
2052,Process Monitor Driver Creation By Non-Sysinternals Binary,windows,T1068,medium
2053,Process Proxy Execution Via Squirrel.EXE,windows,T1218,medium
2054,Processes Accessing the Microphone and Webcam,windows,T1123,medium
2055,ProcessHacker Privilege Elevation,windows,"T1543.003, T1569.002",high
2056,Program Executed Using Proxy/Local Command Via SSH.EXE,windows,T1218,medium
2057,Protected Storage Service Access,windows,T1021.002,high
2058,Proxy Execution via Vshadow,windows,T1202,medium
2059,Proxy Execution Via Wuauclt.EXE,windows,T1218,high
2060,ProxyLogon MSExchange OabVirtualDirectory,windows,T1587.001,critical
2061,PSAsyncShell - Asynchronous TCP Reverse Shell,windows,T1059.001,high
2062,PSExec and WMI Process Creations Block,windows,"T1047, T1569.002",high
2063,Psexec Execution,windows,"T1569, T1021",medium
2064,PSEXEC Remote Execution File Artefact,windows,"T1136.002, T1543.003, T1570",high
2065,PsExec Service Child Process Execution as LOCAL SYSTEM,windows,,high
2066,PsExec Service Execution,windows,,medium
2067,PsExec Service File Creation,windows,T1569.002,low
2068,PsExec Service Installation,windows,T1569.002,medium
2069,PsExec Tool Execution From Suspicious Locations - PipeName,windows,T1569.002,medium
2070,PsExec/PAExec Escalation to LOCAL SYSTEM,windows,T1587.001,high
2071,PSScriptPolicyTest Creation By Uncommon Process,windows,,medium
2072,PUA - 3Proxy Execution,windows,T1572,high
2073,PUA - AdFind Suspicious Execution,windows,"T1018, T1087.002, T1482, T1069.002",high
2074,PUA - AdFind.EXE Execution,windows,T1087.002,medium
2075,PUA - Adidnsdump Execution,windows,T1018,low
2076,PUA - Advanced IP Scanner Execution,windows,"T1046, T1135",medium
2077,PUA - Advanced Port Scanner Execution,windows,"T1046, T1135",medium
2078,PUA - AdvancedRun Execution,windows,"T1564.003, T1134.002, T1059.003",medium
2079,PUA - AdvancedRun Suspicious Execution,windows,T1134.002,high
2080,PUA - Chisel Tunneling Tool Execution,windows,T1090.001,high
2081,PUA - CleanWipe Execution,windows,T1685,high
2082,PUA - Crassus Execution,windows,T1590.001,high
2083,PUA - CSExec Default Named Pipe,windows,"T1021.002, T1569.002",medium
2084,PUA - CsExec Execution,windows,"T1587.001, T1569.002",high
2085,PUA - DefenderCheck Execution,windows,T1027.005,high
2086,PUA - DIT Snapshot Viewer,windows,T1003.003,high
2087,PUA - Fast Reverse Proxy (FRP) Execution,windows,T1090,high
2088,PUA - Kernel Driver Utility (KDU) Execution,windows,T1543.003,high
2089,PUA - Memory Dump Mount Via MemProcFS,windows,"T1003, T1003.001, T1003.004, T1003.002",high
2090,PUA - Mouse Lock Execution,windows,T1056.002,medium
2091,PUA - Netcat Suspicious Execution,windows,T1095,high
2092,PUA - Ngrok Execution,windows,T1572,high
2093,PUA - Nimgrab Execution,windows,T1105,high
2094,PUA - NimScan Execution,windows,T1046,medium
2095,PUA - NirCmd Execution,windows,T1569.002,medium
2096,PUA - NirCmd Execution As LOCAL SYSTEM,windows,T1569.002,high
2097,PUA - Nmap/Zenmap Execution,windows,T1046,medium
2098,PUA - NPS Tunneling Tool Execution,windows,T1090,high
2099,PUA - NSudo Execution,windows,T1569.002,high
2100,PUA - PAExec Default Named Pipe,windows,T1569.002,medium
2101,PUA - PingCastle Execution,windows,T1595,medium
2102,PUA - PingCastle Execution From Potentially Suspicious Parent,windows,T1595,high
2103,PUA - Potential PE Metadata Tamper Using Rcedit,windows,"T1036.003, T1036, T1027.005, T1027",medium
2104,PUA - Process Hacker Driver Load,windows,T1543,high
2105,PUA - Process Hacker Execution,windows,"T1622, T1564, T1543",medium
2106,PUA - Radmin Viewer Utility Execution,windows,T1072,medium
2107,PUA - Rclone Execution,windows,T1567.002,high
2108,PUA - RemCom Default Named Pipe,windows,"T1021.002, T1569.002",medium
2109,PUA - Restic Backup Tool Execution,windows,"T1048, T1567.002",high
2110,PUA - RunXCmd Execution,windows,T1569.002,high
2111,PUA - Seatbelt Execution,windows,"T1526, T1087, T1083",high
2112,PUA - SoftPerfect Netscan Execution,windows,T1046,medium
2113,PUA - Suspicious ActiveDirectory Enumeration Via AdFind.EXE,windows,T1087.002,high
2114,PUA - Sysinternal Tool Execution - Registry,windows,T1588.002,low
2115,PUA - Sysinternals Tools Execution - Registry,windows,T1588.002,medium
2116,PUA - System Informer Driver Load,windows,T1543,medium
2117,PUA - System Informer Execution,windows,"T1082, T1564, T1543",medium
2118,PUA - TruffleHog Execution,windows,"T1083, T1552.001",medium
2119,PUA - WebBrowserPassView Execution,windows,T1555.003,medium
2120,PUA - Wsudo Suspicious Execution,windows,T1059,high
2121,PUA- IOX Tunneling Tool Execution,windows,T1090,high
2122,Publisher Attachment File Dropped In Suspicious Location,windows,,medium
2123,Pubprn.vbs Proxy Execution,windows,T1216.001,medium
2124,Python Function Execution Security Warning Disabled In Excel,windows,T1685,high
2125,Python Function Execution Security Warning Disabled In Excel - Registry,windows,T1685,high
2126,Python Image Load By Non-Python Process,windows,T1027.002,low
2127,Python Initiated Connection,windows,T1046,medium
2128,Python Inline Command Execution,windows,T1059,medium
2129,Python One-Liners with Base64 Decoding,windows,"T1059.006, T1027.010",high
2130,Python Spawning Pretty TTY on Windows,windows,T1059,high
2131,Query Tor Onion Address - DNS Client,windows,T1090.003,high
2132,Query Usage To Exfil Data,windows,,medium
2133,QuickAssist Execution,windows,T1219.002,low
2134,Raccine Uninstall,windows,T1685,high
2135,Rar Usage with Password and Compression Level,windows,T1560.001,high
2136,Rare Remote Thread Creation By Uncommon Source Image,windows,T1055,high
2137,Rclone Config File Creation,windows,T1567.002,medium
2138,RDP Connection Allowed Via Netsh.EXE,windows,T1686.003,high
2139,RDP Enable or Disable via Win32_TerminalServiceSetting WMI Class,windows,"T1021.001, T1047",medium
2140,RDP Login from Localhost,windows,T1021.001,high
2141,RDP Over Reverse SSH Tunnel,windows,"T1572, T1021.001",high
2142,RDP over Reverse SSH Tunnel WFP,windows,"T1090.001, T1090.002, T1021.001",high
2143,RDP Port Forwarding Rule Added Via Netsh.EXE,windows,T1090,high
2144,RDP Sensitive Settings Changed,windows,T1112,high
2145,RDP Sensitive Settings Changed to Zero,windows,T1112,medium
2146,RDP to HTTP or HTTPS Target Ports,windows,"T1572, T1021.001",high
2147,Read Contents From Stdin Via Cmd.EXE,windows,T1059.003,medium
2148,Rebuild Performance Counter Values Via Lodctr.EXE,windows,,medium
2149,Recon Command Output Piped To Findstr.EXE,windows,T1057,medium
2150,Recon Information for Export with Command Prompt,windows,T1119,medium
2151,Recon Information for Export with PowerShell,windows,T1119,medium
2152,Reconnaissance Activity,windows,"T1087.002, T1069.002",high
2153,RedMimicry Winnti Playbook Registry Manipulation,windows,T1112,high
2154,Reg Add Suspicious Paths,windows,"T1112, T1685",high
2155,RegAsm.EXE Execution Without CommandLine Flags or Files,windows,T1218.009,low
2156,RegAsm.EXE Initiating Network Connection To Public IP,windows,T1218.009,medium
2157,Regedit as Trusted Installer,windows,T1548,high
2158,Register New IFiltre For Persistence,windows,,medium
2159,Register new Logon Process by Rubeus,windows,T1558.003,high
2160,REGISTER_APP.VBS Proxy Execution,windows,T1218,medium
2161,Registry Disable System Restore,windows,T1490,high
2162,Registry Entries For Azorult Malware,windows,T1112,critical
2163,Registry Enumeration via WMI Stdregprov,windows,"T1047, T1012",medium
2164,Registry Explorer Policy Modification,windows,T1112,medium
2165,Registry Export of Third-Party Credentials,windows,T1552.002,high
2166,Registry Hide Function from User,windows,T1112,medium
2167,Registry Hive File Staged Outside Standard User Profile Path,windows,"T1548, T1003",high
2168,Registry Manipulation via WMI Stdregprov,windows,"T1047, T1112",medium
2169,Registry Modification Attempt Via VBScript,windows,"T1112, T1059.005",medium
2170,Registry Modification Attempt Via VBScript - PowerShell,windows,"T1112, T1059.005",medium
2171,Registry Modification for OCI DLL Redirection,windows,"T1112, T1574.001",high
2172,Registry Modification of MS-settings Protocol Handler,windows,"T1548.002, T1546.001, T1112",medium
2173,Registry Modification to Hidden File Extension,windows,T1137,medium
2174,Registry Modification Via Regini.EXE,windows,T1112,low
2175,Registry Persistence Mechanisms in Recycle Bin,windows,T1547,high
2176,Registry Persistence via Explorer Run Key,windows,T1547.001,high
2177,Registry Persistence via Service in Safe Mode,windows,T1564.001,high
2178,Registry Tampering by Potentially Suspicious Processes,windows,"T1112, T1059.005",medium
2179,Registry-Free Process Scope COR_PROFILER,windows,T1574.012,medium
2180,Regsvr32 DLL Execution With Suspicious File Extension,windows,T1218.010,high
2181,Regsvr32 DLL Execution With Uncommon Extension,windows,T1574,medium
2182,Regsvr32 Execution From Highly Suspicious Location,windows,T1218.010,high
2183,Regsvr32 Execution From Potential Suspicious Location,windows,T1218.010,medium
2184,Relevant Anti-Virus Signature Keywords In Application Log,windows,T1588,high
2185,RemCom Service File Creation,windows,T1569.002,medium
2186,RemCom Service Installation,windows,T1569.002,medium
2187,Remote Access Tool - AnyDesk Execution,windows,T1219.002,medium
2188,Remote Access Tool - Anydesk Execution From Suspicious Folder,windows,T1219.002,high
2189,Remote Access Tool - AnyDesk Execution With Known Revoked Signing Certificate,windows,,medium
2190,Remote Access Tool - AnyDesk Incoming Connection,windows,T1219.002,medium
2191,Remote Access Tool - AnyDesk Piped Password Via CLI,windows,T1219.002,medium
2192,Remote Access Tool - AnyDesk Silent Installation,windows,T1219.002,high
2193,Remote Access Tool - GoToAssist Execution,windows,T1219.002,medium
2194,Remote Access Tool - LogMeIn Execution,windows,T1219.002,medium
2195,Remote Access Tool - MeshAgent Command Execution via MeshCentral,windows,T1219.002,medium
2196,Remote Access Tool - NetSupport Execution,windows,T1219.002,medium
2197,Remote Access Tool - NetSupport Execution From Unusual Location,windows,,medium
2198,Remote Access Tool - Potential MeshAgent Execution - Windows,windows,T1219.002,medium
2199,Remote Access Tool - Renamed MeshAgent Execution - Windows,windows,"T1219.002, T1036.003",high
2200,Remote Access Tool - RURAT Execution From Unusual Location,windows,,medium
2201,Remote Access Tool - ScreenConnect Command Execution,windows,T1059.003,low
2202,Remote Access Tool - ScreenConnect Execution,windows,T1219.002,medium
2203,Remote Access Tool - ScreenConnect File Transfer,windows,T1059.003,low
2204,Remote Access Tool - ScreenConnect Installation Execution,windows,T1133,medium
2205,Remote Access Tool - ScreenConnect Potential Suspicious Remote Command Execution,windows,T1219.002,medium
2206,Remote Access Tool - ScreenConnect Remote Command Execution,windows,T1059.003,low
2207,Remote Access Tool - ScreenConnect Server Web Shell Execution,windows,T1190,high
2208,Remote Access Tool - ScreenConnect Temporary File,windows,T1059.003,low
2209,Remote Access Tool - Simple Help Execution,windows,T1219.002,medium
2210,Remote Access Tool - TacticalRMM Agent Registration to Potentially Attacker-Controlled Server,windows,"T1219, T1105",medium
2211,Remote Access Tool - Team Viewer Session Started On Windows Host,windows,T1133,low
2212,Remote Access Tool - UltraViewer Execution,windows,T1219.002,medium
2213,Remote Access Tool Services Have Been Installed - Security,windows,"T1543.003, T1569.002",medium
2214,Remote Access Tool Services Have Been Installed - System,windows,"T1543.003, T1569.002",medium
2215,Remote AppX Package Downloaded from File Sharing or CDN Domain,windows,,high
2216,Remote CHM File Download/Execution Via HH.EXE,windows,T1218.001,high
2217,Remote Code Execute via Winrm.vbs,windows,T1216,medium
2218,Remote DLL Load Via Rundll32.EXE,windows,T1204.002,medium
2219,Remote File Download Via Desktopimgdownldr Utility,windows,T1105,medium
2220,Remote File Download Via Findstr.EXE,windows,"T1218, T1564.004, T1552.001, T1105",medium
2221,Remote LSASS Process Access Through Windows Remote Management,windows,"T1003.001, T1059.001, T1021.006",high
2222,Remote PowerShell Session (PS Classic),windows,"T1059.001, T1021.006",low
2223,Remote PowerShell Session (PS Module),windows,"T1059.001, T1021.006",high
2224,Remote PowerShell Session Host Process (WinRM),windows,"T1059.001, T1021.006",medium
2225,Remote PowerShell Sessions Network Connections (WinRM),windows,T1059.001,high
2226,Remote Service Activity via SVCCTL Named Pipe,windows,T1021.002,medium
2227,Remote Task Creation via ATSVC Named Pipe,windows,T1053.002,medium
2228,Remote Thread Created In KeePass.EXE,windows,T1555.005,high
2229,Remote Thread Creation By Uncommon Source Image,windows,T1055,medium
2230,Remote Thread Creation In Mstsc.Exe From Suspicious Location,windows,,high
2231,Remote Thread Creation In Uncommon Target Image,windows,T1055.003,medium
2232,Remote Thread Creation Ttdinject.exe Proxy,windows,T1127,high
2233,Remote Thread Creation Via PowerShell In Uncommon Target,windows,"T1218.011, T1059.001",medium
2234,Remote Utilities Host Service Install,windows,,medium
2235,Remote XSL Execution Via Msxsl.EXE,windows,T1220,high
2236,RemoteFXvGPUDisablement Abuse Via AtomicTestHarnesses,windows,T1218,high
2237,Remotely Hosted HTA File Executed Via Mshta.EXE,windows,T1218.005,high
2238,Removal Of AMSI Provider Registry Keys,windows,T1685,high
2239,Removal Of Index Value to Hide Schedule Task - Registry,windows,T1685,medium
2240,Removal of Potential COM Hijacking Registry Keys,windows,T1112,medium
2241,Removal Of SD Value to Hide Schedule Task - Registry,windows,T1685,medium
2242,Remove Account From Domain Admin Group,windows,T1531,medium
2243,Remove Exported Mailbox from Exchange Webserver,windows,T1070,high
2244,Renamed AdFind Execution,windows,"T1018, T1087.002, T1482, T1069.002",high
2245,Renamed AutoHotkey.EXE Execution,windows,,medium
2246,Renamed AutoIt Execution,windows,T1027,high
2247,Renamed BOINC Client Execution,windows,T1553,medium
2248,Renamed BrowserCore.EXE Execution,windows,"T1528, T1036.003",high
2249,Renamed Cloudflared.EXE Execution,windows,T1090.001,high
2250,Renamed CreateDump Utility Execution,windows,"T1036, T1003.001",high
2251,Renamed CURL.EXE Execution,windows,"T1059, T1202",medium
2252,Renamed FTP.EXE Execution,windows,"T1059, T1202",medium
2253,Renamed Gpg.EXE Execution,windows,T1486,high
2254,Renamed Jusched.EXE Execution,windows,T1036.003,high
2255,Renamed Mavinject.EXE Execution,windows,"T1055.001, T1218.013",high
2256,Renamed MegaSync Execution,windows,T1218,high
2257,Renamed Microsoft Teams Execution,windows,,medium
2258,Renamed Msdt.EXE Execution,windows,T1036.003,high
2259,Renamed NetSupport RAT Execution,windows,,high
2260,Renamed NirCmd.EXE Execution,windows,"T1059, T1202",high
2261,Renamed Office Binary Execution,windows,T1036.003,high
2262,Renamed PAExec Execution,windows,T1202,high
2263,Renamed PingCastle Binary Execution,windows,"T1059, T1202",high
2264,Renamed Plink Execution,windows,T1036,high
2265,Renamed Powershell Under Powershell Channel,windows,"T1059.001, T1036.003",low
2266,Renamed ProcDump Execution,windows,T1036.003,high
2267,Renamed PsExec Service Execution,windows,,high
2268,Renamed Remote Utilities RAT (RURAT) Execution,windows,,medium
2269,Renamed Schtasks Execution,windows,"T1036.003, T1053.005",high
2270,Renamed SysInternals DebugView Execution,windows,T1588.002,high
2271,Renamed Sysinternals Sdelete Execution,windows,T1485,high
2272,Renamed Visual Studio Code Tunnel Execution,windows,"T1071.001, T1219",high
2273,Renamed Vmnat.exe Execution,windows,T1574.001,high
2274,Renamed VsCode Code Tunnel Execution - File Indicator,windows,,high
2275,Renamed Whoami Execution,windows,T1033,critical
2276,Renamed ZOHO Dctask64 Execution,windows,"T1036, T1055.001, T1202, T1218",high
2277,Replace Desktop Wallpaper by Powershell,windows,T1491.001,low
2278,Replace.exe Usage,windows,T1105,medium
2279,Replay Attack Detected,windows,T1558,high
2280,Response File Execution Via Odbcconf.EXE,windows,T1218.008,medium
2281,Restricted Software Access By SRP,windows,T1072,high
2282,RestrictedAdminMode Registry Value Tampering,windows,T1112,high
2283,RestrictedAdminMode Registry Value Tampering - ProcCreation,windows,T1112,high
2284,Root Certificate Installed - PowerShell,windows,T1553.004,medium
2285,Root Certificate Installed From Susp Locations,windows,T1553.004,high
2286,RottenPotato Like Attack Pattern,windows,T1557.001,high
2287,RTCore Suspicious Service Installation,windows,,high
2288,Ruby Inline Command Execution,windows,T1059,medium
2289,Run Once Task Configuration in Registry,windows,T1112,medium
2290,Run Once Task Execution as Configured in Registry,windows,T1112,low
2291,Run PowerShell Script from ADS,windows,T1564.004,high
2292,Run PowerShell Script from Redirected Input Stream,windows,T1059,high
2293,Rundll32 Execution With Uncommon DLL Extension,windows,T1218.011,medium
2294,Rundll32 Execution Without CommandLine Parameters,windows,T1202,high
2295,Rundll32 Execution Without Parameters,windows,"T1021.002, T1570, T1569.002",high
2296,Rundll32 InstallScreenSaver Execution,windows,T1218.011,medium
2297,Rundll32 Internet Connection,windows,T1218.011,medium
2298,Rundll32 Registered COM Objects,windows,T1546.015,high
2299,Rundll32 Spawned Via Explorer.EXE,windows,,medium
2300,RunDLL32 Spawning Explorer,windows,T1218.011,high
2301,Rundll32 UNC Path Execution,windows,"T1021.002, T1218.011",high
2302,RunMRU Registry Key Deletion,windows,T1070.003,high
2303,RunMRU Registry Key Deletion - Registry,windows,T1070.003,high
2304,Running Chrome VPN Extensions via the Registry 2 VPN Extension,windows,T1133,high
2305,SafeBoot Registry Key Deleted Via Reg.EXE,windows,T1685,high
2306,SAM Registry Hive Handle Request,windows,"T1012, T1552.002",high
2307,Schedule Task Creation From Env Variable Or Potentially Suspicious Path Via Schtasks.EXE,windows,T1053.005,medium
2308,Scheduled Task Creation Masquerading as System Processes,windows,"T1053.005, T1036.004, T1036.005",high
2309,Scheduled Task Creation Via Schtasks.EXE,windows,T1053.005,low
2310,Scheduled Task Creation with Curl and PowerShell Execution Combo,windows,"T1053.005, T1218, T1105",medium
2311,Scheduled Task Executed From A Suspicious Location,windows,T1053.005,medium
2312,Scheduled Task Executed Uncommon LOLBIN,windows,T1053.005,medium
2313,Scheduled Task Executing Encoded Payload from Registry,windows,"T1053.005, T1059.001",high
2314,Scheduled Task Executing Payload from Registry,windows,"T1053.005, T1059.001",medium
2315,Scheduled TaskCache Change by Uncommon Program,windows,"T1053, T1053.005",high
2316,Schtasks Creation Or Modification With SYSTEM Privileges,windows,T1053.005,high
2317,Schtasks From Suspicious Folders,windows,T1053.005,high
2318,SCM Database Handle Failure,windows,T1010,medium
2319,SCM Database Privileged Operation,windows,T1548,medium
2320,SCR File Write Event,windows,T1218.011,medium
2321,Screen Capture Activity Via Psr.EXE,windows,T1113,medium
2322,ScreenConnect Temporary Installation Artefact,windows,T1219.002,medium
2323,ScreenSaver Registry Key Set,windows,T1218.011,medium
2324,Script Event Consumer Spawning Process,windows,T1047,high
2325,Script Interpreter Execution From Suspicious Folder,windows,T1059,high
2326,Script Interpreter Spawning Credential Scanner - Windows,windows,"T1552, T1005, T1059.007",high
2327,Scripted Diagnostics Turn Off Check Enabled - Registry,windows,T1685,medium
2328,Scripting/CommandLine Process Spawned Regsvr32,windows,T1218.010,medium
2329,Sdclt Child Processes,windows,T1548.002,medium
2330,Sdiagnhost Calling Suspicious Child Process,windows,"T1036, T1218",high
2331,Security Event Logging Disabled via MiniNt Registry Key - Process,windows,"T1685.001, T1112",high
2332,Security Event Logging Disabled via MiniNt Registry Key - Registry Set,windows,"T1685.001, T1112",high
2333,Security Eventlog Cleared,windows,T1685.005,high
2334,Security Privileges Enumeration Via Whoami.EXE,windows,T1033,high
2335,Security Service Disabled Via Reg.EXE,windows,T1685,high
2336,Security Software Discovery Via Powershell Script,windows,T1518.001,medium
2337,Security Support Provider (SSP) Added to LSA Configuration,windows,T1547.005,high
2338,Security Tools Keyword Lookup Via Findstr.EXE,windows,T1518.001,medium
2339,Self Extracting Package Creation Via Iexpress.EXE From Potentially Suspicious Location,windows,T1218,high
2340,Self Extraction Directive File Created In Potentially Suspicious Location,windows,T1218,medium
2341,Sensitive File Access Via Volume Shadow Copy Backup,windows,T1490,high
2342,Sensitive File Dump Via Print.EXE,windows,"T1003.003, T1003.002, T1218",high
2343,Sensitive File Dump Via Wbadmin.EXE,windows,T1003.003,high
2344,Sensitive File Recovery From Backup Via Wbadmin.EXE,windows,T1003.003,high
2345,Service Binary in Suspicious Folder,windows,T1112,high
2346,Service DACL Abuse To Hide Services Via Sc.EXE,windows,T1574.011,high
2347,Service Installation in Suspicious Folder,windows,T1543.003,medium
2348,Service Installation with Suspicious Folder Pattern,windows,T1543.003,high
2349,Service Installed By Unusual Client - Security,windows,T1543,high
2350,Service Installed By Unusual Client - System,windows,T1543,high
2351,Service Reconnaissance Via Wmic.EXE,windows,T1047,medium
2352,Service Registry Key Deleted Via Reg.EXE,windows,T1685,high
2353,Service Registry Key Read Access Request,windows,T1574.011,low
2354,Service Registry Permissions Weakness Check,windows,T1574.011,medium
2355,Service Security Descriptor Tampering Via Sc.EXE,windows,T1574.011,medium
2356,Service Started/Stopped Via Wmic.EXE,windows,T1047,medium
2357,Service Startup Type Change Via Wmic.EXE,windows,"T1047, T1685",medium
2358,Service StartupType Change Via PowerShell Set-Service,windows,T1685,medium
2359,Service StartupType Change Via Sc.EXE,windows,T1685,medium
2360,ServiceDll Hijack,windows,T1543.003,medium
2361,Session Manager Autorun Keys Modification,windows,"T1547.001, T1546.009",medium
2362,Set Suspicious Files as System Files Using Attrib.EXE,windows,T1564.001,high
2363,Setup16.EXE Execution With Custom .Lst File,windows,T1574.005,medium
2364,Shadow Copies Creation Using Operating Systems Utilities,windows,"T1003, T1003.002, T1003.003",medium
2365,Shadow Copies Deletion Using Operating Systems Utilities,windows,"T1070, T1490",high
2366,Share And Session Enumeration Using Net.EXE,windows,T1018,low
2367,Shell Open Registry Keys Manipulation,windows,"T1548.002, T1546.001",high
2368,Shell Process Spawned by Java.EXE,windows,,medium
2369,Shell32 DLL Execution in Suspicious Directory,windows,T1218.011,high
2370,ShimCache Flush,windows,T1112,high
2371,Silence.EDA Detection,windows,"T1059.001, T1071.004, T1572, T1529",critical
2372,Silenttrinity Stager Msbuild Activity,windows,T1127.001,high
2373,Sliver C2 Default Service Installation,windows,"T1543.003, T1569.002",high
2374,SMB Create Remote File Admin Share,windows,T1021.002,high
2375,smbexec.py Service Installation,windows,"T1021.002, T1569.002",high
2376,SQL Client Tools PowerShell Session Detection,windows,"T1059.001, T1127",medium
2377,SQLite Chromium Profile Data DB Access,windows,"T1539, T1555.003, T1005",high
2378,SQLite Firefox Profile Data DB Access,windows,"T1539, T1005",high
2379,Standard User In High Privileged Group,windows,,medium
2380,Start of NT Virtual DOS Machine,windows,,medium
2381,Start Windows Service Via Net.EXE,windows,T1569.002,low
2382,Startup Folder File Write,windows,T1547.001,medium
2383,Startup/Logon Script Added to Group Policy Object,windows,"T1484.001, T1547",medium
2384,Sticky Key Like Backdoor Execution,windows,T1546.008,critical
2385,Sticky Key Like Backdoor Usage - Registry,windows,T1546.008,critical
2386,Stop Windows Service Via Net.EXE,windows,T1489,low
2387,Stop Windows Service Via PowerShell Stop-Service,windows,T1489,low
2388,Stop Windows Service Via Sc.EXE,windows,T1489,low
2389,Successful Account Login Via WMI,windows,T1047,low
2390,Successful Overpass the Hash Attempt,windows,T1550.002,high
2391,Suspect Svchost Activity,windows,T1055,high
2392,Suspicious Access to Sensitive File Extensions,windows,T1039,medium
2393,Suspicious Active Directory Database Snapshot Via ADExplorer,windows,"T1087.002, T1069.002, T1482",high
2394,Suspicious AddinUtil.EXE CommandLine Execution,windows,T1218,high
2395,Suspicious Advpack Call Via Rundll32.EXE,windows,,high
2396,Suspicious AgentExecutor PowerShell Execution,windows,T1218,high
2397,Suspicious Appended Extension,windows,T1486,medium
2398,Suspicious Application Allowed Through Exploit Guard,windows,T1685,high
2399,Suspicious Application Installed,windows,,medium
2400,Suspicious ArcSOC.exe Child Process,windows,"T1059, T1203",high
2401,Suspicious ASPX File Drop by Exchange,windows,T1505.003,high
2402,Suspicious Autorun Registry Modified via WMI,windows,"T1547.001, T1047",high
2403,Suspicious Binaries and Scripts in Public Folder,windows,T1204,high
2404,Suspicious Binary In User Directory Spawned From Office Application,windows,T1204.002,high
2405,Suspicious Binary Writes Via AnyDesk,windows,T1219.002,high
2406,Suspicious BitLocker Access Agent Update Utility Execution,windows,"T1218, T1021.003",high
2407,Suspicious Cabinet File Execution Via Msdt.EXE,windows,T1202,medium
2408,Suspicious Calculator Usage,windows,T1036,high
2409,Suspicious Camera and Microphone Access,windows,"T1125, T1123",high
2410,Suspicious CertReq Command to Download,windows,T1105,high
2411,Suspicious Child Process Created as System,windows,T1134.002,high
2412,Suspicious Child Process of AspNetCompiler,windows,T1127,high
2413,Suspicious Child Process Of BgInfo.EXE,windows,"T1059.005, T1218, T1202",high
2414,Suspicious Child Process Of Manage Engine ServiceDesk,windows,T1102,high
2415,Suspicious Child Process of Notepad++ Updater - GUP.Exe,windows,"T1195.002, T1557",high
2416,Suspicious Child Process Of SQL Server,windows,"T1505.003, T1190",high
2417,Suspicious Child Process Of Veeam Dabatase,windows,,critical
2418,Suspicious Child Process Of Wermgr.EXE,windows,"T1055, T1036",high
2419,Suspicious Chromium Browser Instance Executed With Custom Extension,windows,T1176.001,high
2420,Suspicious ClickFix/FileFix Execution Pattern,windows,"T1204.001, T1204.004",high
2421,Suspicious Cobalt Strike DNS Beaconing - DNS Client,windows,T1071.004,critical
2422,Suspicious Cobalt Strike DNS Beaconing - Sysmon,windows,T1071.004,critical
2423,Suspicious CodePage Switch Via CHCP,windows,T1036,medium
2424,Suspicious Command Patterns In Scheduled Task Creation,windows,T1053.005,high
2425,Suspicious Computer Machine Password by PowerShell,windows,T1078,medium
2426,Suspicious Connection to Remote Account,windows,T1110.001,low
2427,Suspicious Control Panel DLL Load,windows,T1218.011,high
2428,Suspicious Copy From or To System Directory,windows,T1036.003,medium
2429,Suspicious Creation with Colorcpl,windows,T1564,high
2430,Suspicious Cross-User Process Spawn,windows,"T1055, T1134",medium
2431,Suspicious Csi.exe Usage,windows,"T1072, T1218",medium
2432,Suspicious Curl.EXE Download,windows,T1105,high
2433,Suspicious CustomShellHost Execution,windows,T1216,high
2434,Suspicious Debugger Registration Cmdline,windows,T1546.008,high
2435,Suspicious Deno File Written from Remote Source,windows,"T1204, T1059.007, T1105",low
2436,Suspicious Desktopimgdownldr Command,windows,T1105,high
2437,Suspicious Desktopimgdownldr Target File,windows,T1105,high
2438,Suspicious Diantz Alternate Data Stream Execution,windows,T1564.004,medium
2439,Suspicious Diantz Download and Compress Into a CAB File,windows,T1105,medium
2440,Suspicious Digital Signature Of AppX Package,windows,,medium
2441,Suspicious DLL Loaded via CertOC.EXE,windows,T1218,high
2442,Suspicious DNS Query for IP Lookup Service APIs,windows,T1590,medium
2443,Suspicious DNS Query Indicating Kerberos Coercion via DNS Object SPN Spoofing,windows,"T1557.001, T1187",high
2444,Suspicious DotNET CLR Usage Log Artifact,windows,T1218,high
2445,Suspicious Double Extension File Execution,windows,T1566.001,high
2446,Suspicious Double Extension Files,windows,T1036.007,high
2447,Suspicious Download From Direct IP Via Bitsadmin,windows,"T1197, T1036.003",high
2448,Suspicious Download From File-Sharing Website Via Bitsadmin,windows,"T1197, T1036.003, T1105",high
2449,Suspicious Download from Office Domain,windows,"T1105, T1608",high
2450,Suspicious Download Via Certutil.EXE,windows,"T1027, T1105",medium
2451,Suspicious Driver Install by pnputil.exe,windows,T1547,medium
2452,Suspicious Driver/DLL Installation Via Odbcconf.EXE,windows,T1218.008,high
2453,Suspicious Dropbox API Usage,windows,"T1105, T1567.002",high
2454,Suspicious DumpMinitool Execution,windows,"T1036, T1003.001",high
2455,Suspicious Electron Application Child Processes,windows,,medium
2456,Suspicious Encoded And Obfuscated Reflection Assembly Load Function Call,windows,"T1059.001, T1027",high
2457,Suspicious Encoded PowerShell Command Line,windows,T1059.001,high
2458,Suspicious Encoded Scripts in a WMI Consumer,windows,"T1047, T1546.003",high
2459,Suspicious Environment Variable Has Been Registered,windows,,high
2460,Suspicious Eventlog Clear,windows,T1685.005,medium
2461,Suspicious Eventlog Clearing or Configuration Change Activity,windows,"T1685.005, T1685.001",high
2462,Suspicious Executable File Creation,windows,T1564,high
2463,Suspicious Execution From Outlook Temporary Folder,windows,T1566.001,high
2464,Suspicious Execution Location Of Wermgr.EXE,windows,,high
2465,Suspicious Execution of Hostname,windows,T1082,low
2466,Suspicious Execution of InstallUtil Without Log,windows,,medium
2467,Suspicious Execution of Powershell with Base64,windows,T1059.001,medium
2468,Suspicious Execution Of Renamed Sysinternals Tools - Registry,windows,T1588.002,high
2469,Suspicious Execution of Shutdown,windows,T1529,medium
2470,Suspicious Execution of Shutdown to Log Out,windows,T1529,medium
2471,Suspicious Execution of Systeminfo,windows,T1082,low
2472,Suspicious Explorer Process with Whitespace Padding - ClickFix/FileFix,windows,"T1204.004, T1027.010",high
2473,Suspicious Extrac32 Alternate Data Stream Execution,windows,T1564.004,medium
2474,Suspicious Extrac32 Execution,windows,T1105,medium
2475,Suspicious File Access to Browser Credential Storage,windows,"T1555.003, T1217",low
2476,Suspicious File Characteristics Due to Missing Fields,windows,T1059.006,medium
2477,Suspicious File Created by ArcSOC.exe,windows,"T1127, T1105, T1133",high
2478,Suspicious File Created in Outlook Temporary Directory,windows,T1566.001,high
2479,Suspicious File Created In PerfLogs,windows,T1059,medium
2480,Suspicious File Created Via OneNote Application,windows,,high
2481,Suspicious File Creation Activity From Fake Recycle.Bin Folder,windows,,high
2482,Suspicious File Creation In Uncommon AppData Folder,windows,,high
2483,Suspicious File Download From File Sharing Domain Via Curl.EXE,windows,,high
2484,Suspicious File Download From File Sharing Domain Via Wget.EXE,windows,,high
2485,Suspicious File Download From File Sharing Websites -  File Stream,windows,T1564.004,high
2486,Suspicious File Download From IP Via Curl.EXE,windows,,high
2487,Suspicious File Download From IP Via Wget.EXE,windows,,high
2488,Suspicious File Download From IP Via Wget.EXE - Paths,windows,,high
2489,Suspicious File Downloaded From Direct IP Via Certutil.EXE,windows,"T1027, T1105",high
2490,Suspicious File Downloaded From File-Sharing Website Via Certutil.EXE,windows,"T1027, T1105",high
2491,Suspicious File Drop by Exchange,windows,"T1190, T1505.003",medium
2492,Suspicious File Encoded To Base64 Via Certutil.EXE,windows,T1027,high
2493,Suspicious File Execution From Internet Hosted WebDav Share,windows,T1059.001,high
2494,Suspicious File Write to SharePoint Layouts Directory,windows,"T1190, T1505.003",high
2495,Suspicious File Write to Webapps Root Directory,windows,"T1505.003, T1190",medium
2496,Suspicious FileFix Execution Pattern,windows,T1204.004,high
2497,Suspicious Files in Default GPO Folder,windows,T1036.005,medium
2498,Suspicious FromBase64String Usage On Gzip Archive - Process Creation,windows,T1132.001,medium
2499,Suspicious FromBase64String Usage On Gzip Archive - Ps Script,windows,T1132.001,medium
2500,Suspicious Get Information for SMB Share,windows,T1069.001,low
2501,Suspicious Get Information for SMB Share - PowerShell Module,windows,T1069.001,low
2502,Suspicious Get Local Groups Information,windows,T1069.001,low
2503,Suspicious Get Local Groups Information - PowerShell,windows,T1069.001,low
2504,Suspicious Get-ADDBAccount Usage,windows,T1003.003,high
2505,Suspicious Get-ADReplAccount,windows,T1003.006,medium
2506,Suspicious Get-Variable.exe Creation,windows,"T1546, T1027",high
2507,Suspicious GetTypeFromCLSID ShellExecute,windows,T1546.015,medium
2508,Suspicious Git Clone,windows,T1593.003,medium
2509,Suspicious GPO Discovery With Get-GPO,windows,T1615,low
2510,Suspicious Greedy Compression Using Rar.EXE,windows,T1059,high
2511,Suspicious Group And Account Reconnaissance Activity Using Net.EXE,windows,"T1087.001, T1087.002",medium
2512,Suspicious GrpConv Execution,windows,T1547,high
2513,Suspicious GUP Usage,windows,T1574.001,high
2514,Suspicious HH.EXE Execution,windows,"T1047, T1059.001, T1059.003, T1059.005, T1059.007, T1218, T1218.001, T1218.010, T1218.011, T1566, T1566.001",high
2515,Suspicious High IntegrityLevel Conhost Legacy Option,windows,T1202,informational
2516,Suspicious HWP Sub Processes,windows,"T1566.001, T1203, T1059.003",high
2517,Suspicious Hyper-V Cmdlets,windows,T1564.006,medium
2518,Suspicious IIS Module Registration,windows,T1505.004,high
2519,Suspicious IIS URL GlobalRules Rewrite Via AppCmd,windows,,medium
2520,Suspicious Interactive PowerShell as SYSTEM,windows,T1059.001,high
2521,Suspicious Invoke-Item From Mount-DiskImage,windows,T1553.005,medium
2522,Suspicious Invoke-WebRequest Execution,windows,T1105,high
2523,Suspicious Invoke-WebRequest Execution With DirectIP,windows,T1105,medium
2524,Suspicious IO.FileStream,windows,T1070.003,medium
2525,Suspicious JavaScript Execution Via Mshta.EXE,windows,T1218.005,high
2526,Suspicious Kerberos RC4 Ticket Encryption,windows,T1558.003,medium
2527,Suspicious Kerberos Ticket Request via CLI,windows,T1558.003,high
2528,Suspicious Kerberos Ticket Request via PowerShell Script - ScriptBlock,windows,T1558.003,high
2529,Suspicious Kernel Dump Using Dtrace,windows,T1082,high
2530,Suspicious Key Manager Access,windows,T1555.004,high
2531,Suspicious Keyboard Layout Load,windows,T1588.002,medium
2532,Suspicious LDAP-Attributes Used,windows,T1001.003,high
2533,Suspicious LNK Command-Line Padding with Whitespace Characters,windows,T1204.002,high
2534,Suspicious LNK Double Extension File Created,windows,T1036.007,medium
2535,Suspicious Loading of Dbgcore/Dbghelp DLLs from Uncommon Location,windows,"T1003, T1685",high
2536,Suspicious LSASS Access Via MalSecLogon,windows,T1003.001,high
2537,Suspicious Machine Account Replication - DcSync Indicator,windows,T1003.006,medium
2538,Suspicious Manipulation Of Default Accounts Via Net.EXE,windows,T1560.001,high
2539,Suspicious Microsoft Office Child Process,windows,"T1047, T1204.002, T1218.010",high
2540,Suspicious Microsoft OneNote Child Process,windows,"T1566, T1566.001",high
2541,Suspicious Modification Of Scheduled Tasks,windows,T1053.005,high
2542,Suspicious Mount-DiskImage,windows,T1553.005,low
2543,Suspicious Msbuild Execution By Uncommon Parent Process,windows,,medium
2544,Suspicious MSDT Parent Process,windows,"T1036, T1218",high
2545,Suspicious MSExchangeMailboxReplication ASPX Write,windows,"T1190, T1505.003",high
2546,Suspicious MSHTA Child Process,windows,T1218.005,high
2547,Suspicious Mshta.EXE Execution Patterns,windows,T1106,high
2548,Suspicious MsiExec Embedding Parent,windows,T1218.007,medium
2549,Suspicious Msiexec Execute Arbitrary DLL,windows,T1218.007,medium
2550,Suspicious Msiexec Quiet Install From Remote Location,windows,T1218.007,medium
2551,Suspicious Mstsc.EXE Execution With Local RDP File,windows,T1219.002,high
2552,Suspicious Network Command,windows,T1016,low
2553,Suspicious Network Connection Binary No CommandLine,windows,,high
2554,Suspicious Network Connection to IP Lookup Service APIs,windows,T1016,medium
2555,Suspicious New Service Creation,windows,T1543.003,high
2556,Suspicious New-PSDrive to Admin Share,windows,T1021.002,medium
2557,Suspicious Non PowerShell WSMAN COM Provider,windows,"T1059.001, T1021.003",medium
2558,Suspicious Non-Browser Network Communication With Google API,windows,T1102,medium
2559,Suspicious Non-Browser Network Communication With Telegram API,windows,"T1102, T1567, T1105",medium
2560,Suspicious NTLM Authentication on the Printer Spooler Service,windows,T1212,high
2561,Suspicious Obfuscated PowerShell Code,windows,,high
2562,Suspicious Outbound SMTP Connections,windows,T1048.003,medium
2563,Suspicious Outlook Child Process,windows,T1204.002,high
2564,Suspicious Outlook Macro Created,windows,"T1137, T1008, T1546",high
2565,Suspicious Parent Double Extension File Execution,windows,T1036.007,high
2566,Suspicious Path In Keyboard Layout IME File Registry Value,windows,T1685,high
2567,Suspicious Persistence Via VMwareToolBoxCmd.EXE VM State Change Script,windows,T1059,high
2568,Suspicious Ping/Del Command Combination,windows,T1070.004,high
2569,Suspicious Plink Port Forwarding,windows,"T1572, T1021.001",high
2570,Suspicious Powercfg Execution To Change Lock Screen Timeout,windows,,medium
2571,Suspicious PowerShell Download - PoshModule,windows,T1059.001,medium
2572,Suspicious PowerShell Download - Powershell Script,windows,T1059.001,medium
2573,Suspicious PowerShell Download and Execute Pattern,windows,T1059.001,high
2574,Suspicious PowerShell Encoded Command Patterns,windows,T1059.001,high
2575,Suspicious PowerShell Get Current User,windows,T1033,low
2576,Suspicious PowerShell IEX Execution Patterns,windows,T1059.001,high
2577,Suspicious PowerShell In Registry Run Keys,windows,T1547.001,medium
2578,Suspicious PowerShell Invocation From Script Engines,windows,T1059.001,medium
2579,Suspicious PowerShell Invocations - Generic,windows,T1059.001,high
2580,Suspicious PowerShell Invocations - Generic - PowerShell Module,windows,T1059.001,high
2581,Suspicious PowerShell Invocations - Specific,windows,T1059.001,high
2582,Suspicious PowerShell Invocations - Specific - PowerShell Module,windows,T1059.001,high
2583,Suspicious PowerShell Invocations - Specific - ProcessCreation,windows,,medium
2584,Suspicious PowerShell Mailbox Export to Share,windows,,critical
2585,Suspicious PowerShell Mailbox Export to Share - PS,windows,,critical
2586,Suspicious PowerShell Parameter Substring,windows,T1059.001,high
2587,Suspicious PowerShell Parent Process,windows,T1059.001,high
2588,Suspicious PowerShell WindowStyle Option,windows,T1564.003,medium
2589,Suspicious Printer Driver Empty Manufacturer,windows,T1574,high
2590,Suspicious Process Access of MsMpEng by WerFaultSecure - EDR-Freeze,windows,T1685,high
2591,Suspicious Process Access to LSASS with Dbgcore/Dbghelp DLLs,windows,"T1003.001, T1685",high
2592,Suspicious Process By Web Server Process,windows,"T1505.003, T1190",high
2593,Suspicious Process Created Via Wmic.EXE,windows,T1047,high
2594,Suspicious Process Discovery With Get-Process,windows,T1057,low
2595,Suspicious Process Execution From Fake Recycle.Bin Folder,windows,,high
2596,Suspicious Process Masquerading As SvcHost.EXE,windows,T1036.005,high
2597,Suspicious Process Parents,windows,T1036,high
2598,Suspicious Process Patterns NTDS.DIT Exfil,windows,T1003.003,high
2599,Suspicious Process Start Locations,windows,T1036,medium
2600,Suspicious Processes Spawned by Java.EXE,windows,,high
2601,Suspicious Processes Spawned by WinRM,windows,T1190,high
2602,Suspicious PROCEXP152.sys File Created In TMP,windows,T1685,medium
2603,Suspicious Program Location Whitelisted In Firewall Via Netsh.EXE,windows,T1686.003,high
2604,Suspicious Program Names,windows,T1059,high
2605,Suspicious Provlaunch.EXE Child Process,windows,T1218,high
2606,Suspicious PsExec Execution,windows,T1021.002,high
2607,Suspicious Query of MachineGUID,windows,T1082,low
2608,Suspicious RASdial Activity,windows,T1059,medium
2609,Suspicious RDP Redirect Using TSCON,windows,"T1563.002, T1021.001",high
2610,Suspicious Reconnaissance Activity Using Get-LocalGroupMember Cmdlet,windows,T1087.001,medium
2611,Suspicious Reconnaissance Activity Via GatherNetworkInfo.VBS,windows,"T1615, T1059.005",high
2612,Suspicious Recursive Takeown,windows,T1222.001,medium
2613,Suspicious Redirection to Local Admin Share,windows,T1048,high
2614,Suspicious Reg Add BitLocker,windows,T1486,high
2615,Suspicious Registry Modification From ADS Via Regini.EXE,windows,T1112,high
2616,Suspicious Regsvr32 Execution From Remote Share,windows,T1218.010,high
2617,Suspicious Rejected SMB Guest Logon From IP,windows,T1110.001,medium
2618,Suspicious Remote Child Process From Outlook,windows,"T1059, T1202",high
2619,Suspicious Remote Logon with Explicit Credentials,windows,T1078,medium
2620,Suspicious Renamed Comsvcs DLL Loaded By Rundll32,windows,T1003.001,high
2621,Suspicious Response File Execution Via Odbcconf.EXE,windows,T1218.008,high
2622,Suspicious Run Key from Download,windows,T1547.001,high
2623,Suspicious RunAs-Like Flag Combination,windows,,medium
2624,Suspicious Rundll32 Activity Invoking Sys File,windows,T1218.011,high
2625,Suspicious Rundll32 Execution With Image Extension,windows,T1218.011,high
2626,Suspicious Rundll32 Invoking Inline VBScript,windows,T1055,high
2627,Suspicious Rundll32 Setupapi.dll Activity,windows,T1218.011,medium
2628,Suspicious Runscripthelper.exe,windows,"T1059, T1202",medium
2629,Suspicious Scan Loop Network,windows,"T1059, T1018",medium
2630,Suspicious Scheduled Task Creation,windows,T1053.005,high
2631,Suspicious Scheduled Task Creation Involving Temp Folder,windows,T1053.005,high
2632,Suspicious Scheduled Task Creation via Masqueraded XML File,windows,"T1036.005, T1053.005",medium
2633,Suspicious Scheduled Task Name As GUID,windows,T1053.005,medium
2634,Suspicious Scheduled Task Update,windows,T1053.005,high
2635,Suspicious Scheduled Task Write to System32 Tasks,windows,T1053,high
2636,Suspicious Schtasks Execution AppData Folder,windows,"T1053.005, T1059.001",high
2637,Suspicious Schtasks Schedule Type With High Privileges,windows,T1053.005,medium
2638,Suspicious Schtasks Schedule Types,windows,T1053.005,high
2639,Suspicious ScreenSave Change by Reg.exe,windows,T1546.002,medium
2640,Suspicious Screensaver Binary File Creation,windows,T1546.002,medium
2641,Suspicious Scripting in a WMI Consumer,windows,T1059.005,high
2642,Suspicious Serv-U Process Pattern,windows,T1555,high
2643,Suspicious Service Binary Directory,windows,T1202,high
2644,Suspicious Service DACL Modification Via Set-Service Cmdlet,windows,T1543.003,high
2645,Suspicious Service DACL Modification Via Set-Service Cmdlet - PS,windows,T1574.011,high
2646,Suspicious Service Installation,windows,T1543.003,high
2647,Suspicious Service Installation Script,windows,T1543.003,high
2648,Suspicious Service Installed,windows,T1685,medium
2649,Suspicious Service Path Modification,windows,T1543.003,high
2650,Suspicious Shell Open Command Registry Modification,windows,"T1548.002, T1546.001",medium
2651,Suspicious ShellExec_RunDLL Call Via Ordinal,windows,T1218.011,high
2652,Suspicious Shells Spawn by Java Utility Keytool,windows,,high
2653,Suspicious Shim Database Patching Activity,windows,T1546.011,high
2654,Suspicious Space Characters in RunMRU Registry Path - ClickFix,windows,"T1204.004, T1027.010",high
2655,Suspicious Space Characters in TypedPaths Registry Path - FileFix,windows,"T1204.004, T1027.010",high
2656,Suspicious Speech Runtime Binary Child Process,windows,"T1021.003, T1218",high
2657,Suspicious Splwow64 Without Params,windows,T1202,high
2658,Suspicious Spool Service Child Process,windows,"T1203, T1068",high
2659,Suspicious SSL Connection,windows,T1573,low
2660,Suspicious Start-Process PassThru,windows,T1036.003,medium
2661,Suspicious Startup Folder Persistence,windows,"T1204.002, T1547.001",high
2662,Suspicious Svchost Process Access,windows,T1685.001,high
2663,Suspicious SysAidServer Child,windows,T1210,medium
2664,Suspicious SYSTEM User Process Creation,windows,"T1134, T1003, T1027",high
2665,Suspicious SYSVOL Domain Group Policy Access,windows,T1552.006,medium
2666,Suspicious TCP Tunnel Via PowerShell Script,windows,T1090,medium
2667,Suspicious Teams Application Related ObjectAcess Event,windows,T1528,high
2668,Suspicious TSCON Start as SYSTEM,windows,T1219.002,high
2669,Suspicious UltraVNC Execution,windows,T1021.005,high
2670,Suspicious Unblock-File,windows,T1553.005,medium
2671,Suspicious Uninstall of Windows Defender Feature via PowerShell,windows,T1685,high
2672,Suspicious Unsigned Dbghelp/Dbgcore DLL Loaded,windows,T1003.001,high
2673,Suspicious Unsigned Thor Scanner Execution,windows,T1574.001,high
2674,Suspicious Usage Of Active Directory Diagnostic Tool (ntdsutil.exe),windows,T1003.003,medium
2675,Suspicious Usage of For Loop with Recursive Directory Search in CMD,windows,"T1059.003, T1027.010",medium
2676,Suspicious Usage Of ShellExec_RunDLL,windows,,high
2677,Suspicious Use of CSharp Interactive Console,windows,T1127,high
2678,Suspicious Use of PsLogList,windows,"T1087, T1087.001, T1087.002",medium
2679,Suspicious Userinit Child Process,windows,T1055,medium
2680,Suspicious VBoxDrvInst.exe Parameters,windows,T1112,medium
2681,Suspicious Velociraptor Child Process,windows,T1219,high
2682,Suspicious Volume Shadow Copy VSS_PS.dll Load,windows,T1490,high
2683,Suspicious Volume Shadow Copy Vssapi.dll Load,windows,T1490,high
2684,Suspicious Vsls-Agent Command With AgentExtensionPath Load,windows,T1218,medium
2685,Suspicious WebDav Client Execution Via Rundll32.EXE,windows,T1048.003,high
2686,Suspicious Where Execution,windows,T1217,low
2687,Suspicious Windows ANONYMOUS LOGON Local Account Created,windows,"T1136.001, T1136.002",high
2688,Suspicious Windows Defender Folder Exclusion Added Via Reg.EXE,windows,T1685,medium
2689,Suspicious Windows Defender Registry Key Tampering Via Reg.EXE,windows,T1685,high
2690,Suspicious Windows Service Tampering,windows,"T1489, T1685",high
2691,Suspicious Windows Trace ETW Session Tamper Via Logman.EXE,windows,"T1685, T1685.005",high
2692,Suspicious Windows Update Agent Empty Cmdline,windows,T1036,high
2693,Suspicious WindowsTerminal Child Processes,windows,,medium
2694,Suspicious WMIC Execution Via Office Process,windows,"T1204.002, T1047, T1218.010",high
2695,Suspicious WmiPrvSE Child Process,windows,"T1047, T1204.002, T1218.010",high
2696,Suspicious Wordpad Outbound Connections,windows,,medium
2697,Suspicious Workstation Locking via Rundll32,windows,,medium
2698,Suspicious WSMAN Provider Image Loads,windows,"T1059.001, T1021.003",medium
2699,Suspicious X509Enrollment - Process Creation,windows,T1553.004,medium
2700,Suspicious X509Enrollment - Ps Script,windows,T1553.004,medium
2701,Suspicious XOR Encoded PowerShell Command,windows,"T1059.001, T1140, T1027",medium
2702,Suspicious ZipExec Execution,windows,"T1218, T1202",medium
2703,SyncAppvPublishingServer Bypass Powershell Restriction - PS Module,windows,T1218,medium
2704,SyncAppvPublishingServer Execute Arbitrary PowerShell Code,windows,T1218,medium
2705,SyncAppvPublishingServer Execution to Bypass Powershell Restriction,windows,T1218,medium
2706,SyncAppvPublishingServer VBS Execute Arbitrary PowerShell Code,windows,"T1218, T1216",medium
2707,Sysinternals PsService Execution,windows,T1543.003,medium
2708,Sysinternals PsSuspend Execution,windows,T1543.003,medium
2709,Sysinternals PsSuspend Suspicious Execution,windows,T1685,high
2710,Sysinternals Tools AppX Versions Execution,windows,,low
2711,SysKey Registry Keys Access,windows,T1012,high
2712,Sysmon Application Crashed,windows,T1685,high
2713,Sysmon Blocked Executable,windows,,high
2714,Sysmon Blocked File Shredding,windows,,high
2715,Sysmon Channel Reference Deletion,windows,T1112,high
2716,Sysmon Configuration Change,windows,,medium
2717,Sysmon Configuration Error,windows,T1564,high
2718,Sysmon Configuration Modification,windows,T1564,high
2719,Sysmon Configuration Update,windows,T1685,medium
2720,Sysmon Discovery Via Default Driver Altitude Using Findstr.EXE,windows,T1518.001,high
2721,Sysmon Driver Altitude Change,windows,T1685,high
2722,Sysmon Driver Unloaded Via Fltmc.EXE,windows,"T1070, T1685, T1685.001",high
2723,Sysmon File Executable Creation Detected,windows,,medium
2724,Sysprep on AppData Folder,windows,T1059,medium
2725,System Control Panel Item Loaded From Uncommon Location,windows,T1574.001,high
2726,System Disk And Volume Reconnaissance Via Wmic.EXE,windows,"T1047, T1082",medium
2727,System File Execution Location Anomaly,windows,T1036,high
2728,System Information Discovery via Registry Queries,windows,T1082,low
2729,System Language Discovery via Reg.Exe,windows,T1614.001,medium
2730,System Network Connections Discovery Via Net.EXE,windows,T1049,low
2731,System Restore Registry Modification via CommandLine,windows,T1490,high
2732,System Scripts Autorun Keys Modification,windows,T1547.001,medium
2733,T1047 Wmiprvse Wbemcomn DLL Hijack,windows,"T1047, T1021.002",high
2734,TacticalRMM Service Installation,windows,T1219.002,medium
2735,Tamper Windows Defender - PSClassic,windows,T1685,high
2736,Tamper Windows Defender - ScriptBlockLogging,windows,T1685,high
2737,Tamper Windows Defender Remove-MpPreference,windows,T1685,high
2738,Tamper Windows Defender Remove-MpPreference - ScriptBlockLogging,windows,T1685,high
2739,Tamper With Sophos AV Registry Keys,windows,T1685,high
2740,Tap Driver Installation,windows,T1048,medium
2741,Tap Driver Installation - Security,windows,T1048,low
2742,Tap Installer Execution,windows,T1048,medium
2743,Taskkill Symantec Endpoint Protection,windows,T1685,high
2744,Taskmgr as LOCAL_SYSTEM,windows,T1036,high
2745,Tasks Folder Evasion,windows,T1574.001,high
2746,TeamViewer Domain Query By Non-TeamViewer Application,windows,T1219.002,medium
2747,TeamViewer Log File Deleted,windows,T1070.004,low
2748,TeamViewer Remote Session,windows,T1219.002,medium
2749,Terminal Server Client Connection History Cleared - Registry,windows,"T1070, T1112",high
2750,Terminal Service Process Spawn,windows,"T1190, T1210",high
2751,Testing Usage of Uncommonly Used Port,windows,T1571,medium
2752,The Windows Defender Firewall Service Failed To Load Group Policy,windows,T1686.003,low
2753,Third Party Software DLL Sideloading,windows,T1574.001,medium
2754,Time Travel Debugging Utility Usage,windows,"T1218, T1003.001",high
2755,Time Travel Debugging Utility Usage - Image,windows,"T1218, T1003.001",high
2756,Tomcat WebServer Logs Deleted,windows,T1070,medium
2757,Tor Client/Browser Execution,windows,T1090.003,high
2758,Transferring Files with Credential Data via Network Shares,windows,"T1003.002, T1003.001, T1003.003",medium
2759,Troubleshooting Pack Cmdlet Execution,windows,T1202,medium
2760,Trust Access Disable For VBApplications,windows,T1112,high
2761,Trusted Path Bypass via Windows Directory Spoofing,windows,"T1574.007, T1548.002",high
2762,TrustedPath UAC Bypass Pattern,windows,T1548.002,critical
2763,UAC Bypass Abusing Winsat Path Parsing - File,windows,T1548.002,high
2764,UAC Bypass Abusing Winsat Path Parsing - Process,windows,T1548.002,high
2765,UAC Bypass Abusing Winsat Path Parsing - Registry,windows,T1548.002,high
2766,UAC Bypass Tools Using ComputerDefaults,windows,T1548.002,high
2767,UAC Bypass Using .NET Code Profiler on MMC,windows,T1548.002,high
2768,UAC Bypass Using ChangePK and SLUI,windows,T1548.002,high
2769,UAC Bypass Using Consent and Comctl32 - File,windows,T1548.002,high
2770,UAC Bypass Using Consent and Comctl32 - Process,windows,T1548.002,high
2771,UAC Bypass Using Disk Cleanup,windows,T1548.002,high
2772,UAC Bypass Using DismHost,windows,T1548.002,high
2773,UAC Bypass Using Event Viewer RecentViews,windows,,high
2774,UAC Bypass Using EventVwr,windows,,high
2775,UAC Bypass Using IDiagnostic Profile,windows,T1548.002,high
2776,UAC Bypass Using IDiagnostic Profile - File,windows,T1548.002,high
2777,UAC Bypass Using IEInstal - File,windows,T1548.002,high
2778,UAC Bypass Using IEInstal - Process,windows,T1548.002,high
2779,UAC Bypass Using Iscsicpl - ImageLoad,windows,T1548.002,high
2780,UAC Bypass Using MSConfig Token Modification - File,windows,T1548.002,high
2781,UAC Bypass Using MSConfig Token Modification - Process,windows,T1548.002,high
2782,UAC Bypass Using NTFS Reparse Point - File,windows,T1548.002,high
2783,UAC Bypass Using NTFS Reparse Point - Process,windows,T1548.002,high
2784,UAC Bypass Using PkgMgr and DISM,windows,T1548.002,high
2785,UAC Bypass Using Windows Media Player - File,windows,T1548.002,high
2786,UAC Bypass Using Windows Media Player - Process,windows,T1548.002,high
2787,UAC Bypass Using Windows Media Player - Registry,windows,T1548.002,high
2788,UAC Bypass Using WOW64 Logger DLL Hijack,windows,T1548.002,high
2789,UAC Bypass via Event Viewer,windows,T1548.002,high
2790,UAC Bypass via ICMLuaUtil,windows,T1548.002,high
2791,UAC Bypass via Sdclt,windows,T1548.002,high
2792,UAC Bypass via Windows Firewall Snap-In Hijack,windows,T1548,medium
2793,UAC Bypass Via Wsreset,windows,T1548.002,high
2794,UAC Bypass With Fake DLL,windows,"T1548.002, T1574.001",high
2795,UAC Bypass WSReset,windows,T1548.002,high
2796,UAC Disabled,windows,T1548.002,medium
2797,UAC Notification Disabled,windows,T1548.002,medium
2798,UAC Secure Desktop Prompt Disabled,windows,T1548.002,medium
2799,UEFI Persistence Via Wpbbin - FileCreation,windows,T1542.001,high
2800,UEFI Persistence Via Wpbbin - ProcessCreation,windows,T1542.001,high
2801,Unauthorized System Time Modification,windows,T1070.006,low
2802,Uncommon  Assistive Technology Applications Execution Via AtBroker.EXE,windows,T1218,medium
2803,Uncommon AddinUtil.EXE CommandLine Execution,windows,T1218,medium
2804,Uncommon Child Process Of AddinUtil.EXE,windows,T1218,medium
2805,Uncommon Child Process Of Appvlp.EXE,windows,T1218,medium
2806,Uncommon Child Process Of BgInfo.EXE,windows,"T1059.005, T1218, T1202",medium
2807,Uncommon Child Process Of Conhost.EXE,windows,T1202,medium
2808,Uncommon Child Process Of Defaultpack.EXE,windows,T1218,medium
2809,Uncommon Child Process Of Setres.EXE,windows,"T1218, T1202",high
2810,Uncommon Child Process Spawned By Odbcconf.EXE,windows,T1218.008,medium
2811,Uncommon Child Processes Of SndVol.exe,windows,,medium
2812,Uncommon Connection to Active Directory Web Services,windows,T1087,medium
2813,Uncommon Extension In Keyboard Layout IME File Registry Value,windows,T1685,high
2814,Uncommon Extension Shim Database Installation Via Sdbinst.EXE,windows,T1546.011,medium
2815,Uncommon File Created by Notepad++ Updater Gup.EXE,windows,"T1195.002, T1557",high
2816,Uncommon File Created In Office Startup Folder,windows,T1587.001,high
2817,Uncommon File Creation By Mysql Daemon Process,windows,,high
2818,Uncommon FileSystem Load Attempt By Format.com,windows,,high
2819,Uncommon Link.EXE Parent Process,windows,T1218,medium
2820,Uncommon Microsoft Office Trusted Location Added,windows,T1112,high
2821,Uncommon Network Connection Initiated By Certutil.EXE,windows,T1105,high
2822,Uncommon New Firewall Rule Added In Windows Firewall Exception List,windows,T1686.003,medium
2823,Uncommon One Time Only Scheduled Task At 00:00,windows,T1053.005,high
2824,Uncommon Outbound Kerberos Connection,windows,"T1558, T1550.003",medium
2825,Uncommon Outbound Kerberos Connection - Security,windows,T1558.003,medium
2826,Uncommon Process Access Rights For Target Image,windows,T1055.011,low
2827,Uncommon Service Installation Image Path,windows,T1543.003,medium
2828,Uncommon Sigverif.EXE Child Process,windows,T1216,medium
2829,Uncommon Svchost Command Line Parameter,windows,"T1036.005, T1055, T1055.012",high
2830,Uncommon Svchost Parent Process,windows,T1036.005,medium
2831,Uncommon System Information Discovery Via Wmic.EXE,windows,T1082,medium
2832,Uncommon Userinit Child Process,windows,T1037.001,high
2833,Uninstall Crowdstrike Falcon Sensor,windows,T1685,high
2834,Uninstall Sysinternals Sysmon,windows,T1685,high
2835,Unmount Share Via Net.EXE,windows,T1070.005,low
2836,Unsigned .node File Loaded,windows,"T1129, T1574.001, T1036.005",medium
2837,Unsigned AppX Installation Attempt Using Add-AppxPackage,windows,,medium
2838,Unsigned AppX Installation Attempt Using Add-AppxPackage - PsScript,windows,,medium
2839,Unsigned Binary Loaded From Suspicious Location,windows,T1574.001,high
2840,Unsigned DLL Loaded by Windows Utility,windows,"T1218.011, T1218.010",medium
2841,Unsigned Image Loaded Into LSASS Process,windows,T1003.001,medium
2842,Unsigned Mfdetours.DLL Sideloading,windows,T1574.001,high
2843,Unsigned Module Loaded by ClickOnce Application,windows,T1574.001,medium
2844,Unsigned or Unencrypted SMB Connection to Share Established,windows,T1021.002,medium
2845,Unusual Child Process of dns.exe,windows,T1133,high
2846,Unusual File Deletion by Dns.exe,windows,T1133,high
2847,Unusual File Download from Direct IP Address,windows,T1564.004,high
2848,Unusual File Download From File Sharing Websites - File Stream,windows,T1564.004,medium
2849,Unusual File Modification by dns.exe,windows,T1133,high
2850,Unusual Parent Process For Cmd.EXE,windows,T1059,medium
2851,Usage of Renamed Sysinternals Tools - RegistrySet,windows,T1588.002,high
2852,Usage Of Web Request Commands And Cmdlets,windows,T1059.001,medium
2853,Usage Of Web Request Commands And Cmdlets - ScriptBlock,windows,T1059.001,medium
2854,USB Device Plugged,windows,T1200,low
2855,Use Get-NetTCPConnection,windows,T1049,low
2856,Use Get-NetTCPConnection - PowerShell Module,windows,T1049,low
2857,Use Icacls to Hide File to Everyone,windows,T1564.001,medium
2858,Use NTFS Short Name in Command Line,windows,T1564.004,medium
2859,Use NTFS Short Name in Image,windows,T1564.004,medium
2860,Use of FSharp Interpreters,windows,T1059,medium
2861,Use of OpenConsole,windows,T1059,medium
2862,Use of Pcalua For Execution,windows,T1059,medium
2863,Use of Remote.exe,windows,T1127,medium
2864,Use of Scriptrunner.exe,windows,T1218,medium
2865,Use Of The SFTP.EXE Binary As A LOLBIN,windows,T1218,medium
2866,Use of TTDInject.exe,windows,T1127,medium
2867,Use of UltraVNC Remote Access Software,windows,T1219.002,medium
2868,Use of VisualUiaVerifyNative.exe,windows,T1218,medium
2869,Use of VSIISExeLauncher.exe,windows,T1127,medium
2870,Use of W32tm as Timer,windows,T1124,high
2871,Use of Wfc.exe,windows,T1127,medium
2872,Use Short Name Path in Image,windows,T1564.004,medium
2873,User Added To Highly Privileged Group,windows,T1098,high
2874,User Added to Local Administrator Group,windows,"T1078, T1098",medium
2875,User Added to Local Administrators Group,windows,T1098,medium
2876,User Added to Remote Desktop Users Group,windows,"T1133, T1136.001, T1021.001",high
2877,User Couldn't Call a Privileged Service 'LsaRegisterLogonProcess',windows,T1558.003,high
2878,User Discovery And Export Via Get-ADUser Cmdlet,windows,T1033,medium
2879,User Discovery And Export Via Get-ADUser Cmdlet - PowerShell,windows,T1033,medium
2880,User Logoff Event,windows,T1531,informational
2881,User Shell Folders Registry Modification via CommandLine,windows,"T1547.001, T1112",high
2882,Using SettingSyncHost.exe as LOLBin,windows,T1574.008,high
2883,UtilityFunctions.ps1 Proxy Dll,windows,T1216,medium
2884,VBA DLL Loaded Via Office Application,windows,T1204.002,high
2885,VBScript Payload Stored in Registry,windows,T1547.001,high
2886,Veeam Backup Database Suspicious Query,windows,T1005,medium
2887,Veeam Backup Servers Credential Dumping Script Execution,windows,,high
2888,VeeamBackup Database Credentials Dump Via Sqlcmd.EXE,windows,T1005,high
2889,Verclsid.exe Runs COM Object,windows,T1218,medium
2890,VHD Image Download Via Browser,windows,T1587.001,medium
2891,Virtualbox Driver Installation or Starting of VMs,windows,"T1564.006, T1564",low
2892,Visual Basic Command Line Compiler Usage,windows,T1027.004,high
2893,Visual Studio Code Tunnel Execution,windows,"T1071.001, T1219",medium
2894,Visual Studio Code Tunnel Remote File Creation,windows,,medium
2895,Visual Studio Code Tunnel Service Installation,windows,T1071.001,medium
2896,Visual Studio Code Tunnel Shell Execution,windows,T1071.001,medium
2897,Visual Studio NodejsTools PressAnyKey Arbitrary Binary Execution,windows,T1218,medium
2898,Visual Studio NodejsTools PressAnyKey Renamed Execution,windows,T1218,medium
2899,VMGuestLib DLL Sideload,windows,T1574.001,medium
2900,VMMap Signed Dbghelp.DLL Potential Sideloading,windows,T1574.001,medium
2901,VMMap Unsigned Dbghelp.DLL Potential Sideloading,windows,T1574.001,high
2902,VMToolsd Suspicious Child Process,windows,T1059,high
2903,Volume Shadow Copy Mount,windows,T1003.002,low
2904,VolumeShadowCopy Symlink Creation Via Mklink,windows,"T1003.002, T1003.003",high
2905,VsCode Powershell Profile Modification,windows,T1546.013,medium
2906,VSSAudit Security Event Source Registration,windows,T1003.002,informational
2907,Vulnerable Driver Blocklist Registry Tampering Via CommandLine,windows,T1685,high
2908,Vulnerable Driver Load,windows,"T1543.003, T1068",high
2909,Vulnerable Driver Load By Name,windows,"T1543.003, T1068",low
2910,Vulnerable HackSys Extreme Vulnerable Driver Load,windows,T1543.003,high
2911,Vulnerable Netlogon Secure Channel Connection Allowed,windows,T1548,high
2912,Vulnerable WinRing0 Driver Load,windows,T1543.003,high
2913,Wab Execution From Non Default Location,windows,,high
2914,Wab/Wabmig Unusual Parent Or Child Processes,windows,,high
2915,WCE wceaux.dll Access,windows,T1003,critical
2916,Wdigest CredGuard Registry Modification,windows,T1112,high
2917,Wdigest Enable UseLogonCredential,windows,T1112,high
2918,Weak Encryption Enabled and Kerberoast,windows,T1685,high
2919,Weak or Abused Passwords In CLI,windows,,medium
2920,WebDav Client Execution Via Rundll32.EXE,windows,T1048.003,medium
2921,Webshell Detection With Command Line Keywords,windows,"T1505.003, T1018, T1033, T1087",high
2922,Webshell Hacking Activity Patterns,windows,"T1505.003, T1018, T1033, T1087",high
2923,Webshell Tool Reconnaissance Activity,windows,T1505.003,high
2924,WerFault LSASS Process Memory Dump,windows,T1003.001,high
2925,WFP Filter Added via Registry,windows,"T1685, T1569.002",medium
2926,WhoAmI as Parameter,windows,T1033,high
2927,Whoami.EXE Execution Anomaly,windows,T1033,medium
2928,Whoami.EXE Execution From Privileged Process,windows,T1033,high
2929,Whoami.EXE Execution With Output Option,windows,T1033,medium
2930,Win Defender Restored Quarantine File,windows,T1685,high
2931,Win Susp Computer Name Containing Samtheadmin,windows,T1078,critical
2932,WinDivert Driver Load,windows,"T1599.001, T1557.001",high
2933,Windows Admin Share Mount Via Net.EXE,windows,T1021.002,medium
2934,Windows AMSI Related Registry Tampering Via CommandLine,windows,T1685,high
2935,Windows AppX Deployment Full Trust Package Installation,windows,"T1204.002, T1553.005",medium
2936,Windows AppX Deployment Unsigned Package Installation,windows,"T1204.002, T1553.005",medium
2937,Windows Backup Deleted Via Wbadmin.EXE,windows,T1490,medium
2938,Windows Binaries Write Suspicious Extensions,windows,T1036,high
2939,Windows Binary Executed From WSL,windows,T1202,medium
2940,Windows Credential Editor Registry,windows,T1003.001,critical
2941,Windows Credential Guard Disabled - Registry,windows,T1685,high
2942,Windows Credential Guard Registry Tampering Via CommandLine,windows,T1685,high
2943,Windows Credential Guard Related Registry Value Deleted - Registry,windows,T1685,high
2944,Windows Credential Manager Access via VaultCmd,windows,T1555.004,medium
2945,Windows Default Domain GPO Modification,windows,T1484.001,medium
2946,Windows Default Domain GPO Modification via GPME,windows,T1484.001,medium
2947,Windows Defender AMSI Trigger Detected,windows,T1059,high
2948,Windows Defender Configuration Changes,windows,T1685,high
2949,Windows Defender Context Menu Removed,windows,T1685,high
2950,Windows Defender Definition Files Removed,windows,T1685,high
2951,Windows Defender Disabled Via SystemSettingsAdminFlows.EXE,windows,T1685,high
2952,Windows Defender Exclusion List Modified,windows,T1685,medium
2953,Windows Defender Exclusion Registry Key - Write Access Requested,windows,T1685,medium
2954,Windows Defender Exclusions Added,windows,T1685,medium
2955,Windows Defender Exclusions Added - PowerShell,windows,"T1685, T1059",medium
2956,Windows Defender Exclusions Added - Registry,windows,T1685,medium
2957,Windows Defender Exploit Guard Tamper,windows,T1685,high
2958,Windows Defender Firewall Has Been Reset To Its Default Configuration,windows,T1686.003,low
2959,Windows Defender Grace Period Expired,windows,T1685,high
2960,Windows Defender Malware And PUA Scanning Disabled,windows,T1685,high
2961,Windows Defender Malware Detection History Deletion,windows,,informational
2962,Windows Defender Real-time Protection Disabled,windows,T1685,high
2963,Windows Defender Real-Time Protection Failure/Restart,windows,T1685,medium
2964,Windows Defender Service Disabled - Registry,windows,T1685,high
2965,Windows Defender Submit Sample Feature Disabled,windows,T1685,low
2966,Windows Defender Threat Detected,windows,T1059,high
2967,Windows Defender Threat Detection Service Disabled,windows,T1685,medium
2968,Windows Defender Threat Severity Default Action Modified,windows,T1685,high
2969,Windows Defender Virus Scanning Feature Disabled,windows,T1685,high
2970,Windows Event Auditing Disabled,windows,T1685.001,low
2971,Windows Event Log Access Tampering Via Registry,windows,"T1547.001, T1112",high
2972,Windows EventLog Autologger Session Registry Modification Via CommandLine,windows,T1685.001,high
2973,Windows Filtering Platform Blocked Connection From EDR Agent Binary,windows,T1685,high
2974,Windows Firewall Disabled via PowerShell,windows,T1685,medium
2975,Windows Firewall Profile Disabled,windows,T1686.003,medium
2976,Windows Firewall Settings Have Been Changed,windows,T1686.003,low
2977,Windows Hotfix Updates Reconnaissance Via Wmic.EXE,windows,T1047,medium
2978,Windows Hypervisor Enforced Code Integrity Disabled,windows,T1685,high
2979,Windows Internet Hosted WebDav Share Mount Via Net.EXE,windows,T1021.002,high
2980,Windows Kernel Debugger Execution,windows,,medium
2981,Windows MSIX Package Support Framework AI_STUBS Execution,windows,"T1218, T1553.005, T1204.002",low
2982,Windows Network Access Suspicious desktop.ini Action,windows,T1547.009,medium
2983,Windows Pcap Drivers,windows,T1040,medium
2984,Windows Processes Suspicious Parent Directory,windows,"T1036.003, T1036.005",low
2985,Windows Recall Feature Enabled - DisableAIDataAnalysis Value Deleted,windows,T1113,medium
2986,Windows Recall Feature Enabled - Registry,windows,T1113,medium
2987,Windows Recall Feature Enabled Via Reg.EXE,windows,T1113,medium
2988,Windows Recovery Environment Disabled Via Reagentc,windows,T1490,medium
2989,Windows Registry Trust Record Modification,windows,T1566.001,medium
2990,Windows Screen Capture with CopyFromScreen,windows,T1113,medium
2991,Windows Service Terminated With Error,windows,,low
2992,Windows Share Mount Via Net.EXE,windows,T1021.002,low
2993,Windows Shell/Scripting Application File Write to Suspicious Folder,windows,T1059,high
2994,Windows Shell/Scripting Processes Spawning Suspicious Programs,windows,"T1059.005, T1059.001, T1218",high
2995,Windows Terminal Profile Settings Modification By Uncommon Process,windows,T1547.015,medium
2996,Windows Update Error,windows,T1584,informational
2997,Windows Vulnerable Driver Blocklist Disabled,windows,T1685,high
2998,WINEKEY Registry Modification,windows,T1547,high
2999,Winget Admin Settings Modification,windows,,low
3000,Winlogon AllowMultipleTSSessions Enable,windows,T1112,medium
3001,Winlogon Helper DLL,windows,T1547.004,medium
3002,Winlogon Notify Key Logon Persistence,windows,T1547.004,high
3003,Winrar Compressing Dump Files,windows,T1560.001,medium
3004,WinRAR Creating Files in Startup Locations,windows,T1547.001,high
3005,WinRAR Execution in Non-Standard Folder,windows,T1560.001,medium
3006,Winrs Local Command Execution,windows,"T1021.006, T1218",high
3007,WinSock2 Autorun Keys Modification,windows,T1547.001,medium
3008,WinSxS Executable File Creation By Non-System Process,windows,,medium
3009,Wlrmdr.EXE Uncommon Argument Or Child Process,windows,T1218,medium
3010,WMI ActiveScriptEventConsumers Activity Via Scrcons.EXE DLL Load,windows,T1546.003,medium
3011,WMI Backdoor Exchange Transport Agent,windows,T1546.003,critical
3012,WMI Event Consumer Created Named Pipe,windows,T1047,medium
3013,WMI Event Subscription,windows,T1546.003,medium
3014,WMI Persistence,windows,T1546.003,medium
3015,WMI Persistence - Command Line Event Consumer,windows,T1546.003,high
3016,WMI Persistence - Script Event Consumer,windows,T1546.003,medium
3017,WMI Persistence - Script Event Consumer File Write,windows,T1546.003,high
3018,WMI Persistence - Security,windows,T1546.003,medium
3019,WMIC Loading Scripting Libraries,windows,T1220,medium
3020,WMIC Remote Command Execution,windows,T1047,medium
3021,WMIC Unquoted Services Path Lookup - PowerShell,windows,T1047,medium
3022,Wmiexec Default Output File,windows,T1047,critical
3023,WMImplant Hack Tool,windows,"T1047, T1059.001",high
3024,WmiPrvSE Spawned A Process,windows,T1047,medium
3025,Wmiprvse Wbemcomn DLL Hijack,windows,"T1047, T1021.002",high
3026,Wmiprvse Wbemcomn DLL Hijack - File,windows,"T1047, T1021.002",critical
3027,Wow6432Node Classes Autorun Keys Modification,windows,T1547.001,medium
3028,Wow6432Node CurrentVersion Autorun Keys Modification,windows,T1547.001,medium
3029,Wow6432Node Windows NT CurrentVersion Autorun Keys Modification,windows,T1547.001,medium
3030,Write Protect For Storage Disabled,windows,T1685,medium
3031,Writing Local Admin Share,windows,T1546.002,medium
3032,Writing Of Malicious Files To The Fonts Folder,windows,"T1211, T1059",medium
3033,WScript or CScript Dropper - File,windows,"T1059.005, T1059.007",high
3034,Wscript Shell Run In CommandLine,windows,T1059,medium
3035,WSL Child Process Anomaly,windows,"T1218, T1202",medium
3036,WSL Kali-Linux Usage,windows,T1202,high
3037,Wusa.EXE Executed By Parent Process Located In Suspicious Location,windows,,high
3038,XBAP Execution From Uncommon Locations Via PresentationHost.EXE,windows,T1218,medium
3039,XSL Script Execution Via WMIC.EXE,windows,"T1047, T1220, T1059.005, T1059.007",medium
3040,Xwizard.EXE Execution From Non-Default Location,windows,T1574.001,high
3041,Zerologon Exploitation Using Well-known Tools,windows,T1210,critical
3042,Zip A Folder With PowerShell For Staging In Temp  - PowerShell Module,windows,T1074.001,medium
3043,Zip A Folder With PowerShell For Staging In Temp - PowerShell,windows,T1074.001,medium
3044,Zip A Folder With PowerShell For Staging In Temp - PowerShell Script,windows,T1074.001,medium
