sl no,Detection Name,Category,TTP,Severity
1,Bitbucket Audit Log Configuration Updated,application,T1685,medium
2,Bitbucket Full Data Export Triggered,application,T1213.003,high
3,Bitbucket Global Permission Changed,application,T1098,medium
4,Bitbucket Global Secret Scanning Rule Deleted,application,T1685,medium
5,Bitbucket Global SSH Settings Changed,application,"T1685, T1021.004",medium
6,Bitbucket Project Secret Scanning Allowlist Added,application,T1685,low
7,Bitbucket Secret Scanning Exempt Repository Added,application,T1685,high
8,Bitbucket Secret Scanning Rule Deleted,application,T1685,low
9,Bitbucket Unauthorized Access To A Resource,application,T1586,critical
10,Bitbucket Unauthorized Full Data Export Triggered,application,"T1213.003, T1586",critical
11,Bitbucket User Details Export Attempt Detected,application,"T1213, T1082, T1591.004",medium
12,Bitbucket User Login Failure,application,"T1078.004, T1110",medium
13,Bitbucket User Login Failure Via SSH,application,"T1021.004, T1110",medium
14,Bitbucket User Permissions Export Attempt,application,"T1213, T1082, T1591.004",medium
15,Container With A hostPath Mount Created,application,T1611,low
16,Creation Of Pod In System Namespace,application,T1036.005,medium
17,Deployment Deleted From Kubernetes Cluster,application,T1498,low
18,Django Framework Exceptions,application,T1190,medium
19,Github Delete Action Invoked,application,T1213.003,medium
20,Github Fork Private Repositories Setting Enabled/Cleared,application,"T1020, T1537",medium
21,Github High Risk Configuration Disabled,application,T1556,high
22,Github New Secret Created,application,T1078.004,low
23,Github Outside Collaborator Detected,application,"T1098.001, T1098.003, T1213.003",medium
24,Github Push Protection Bypass Detected,application,T1685,low
25,Github Push Protection Disabled,application,T1685,high
26,GitHub Repository Archive Status Changed,application,,low
27,GitHub Repository Pages Site Changed to Public,application,T1567.001,low
28,Github Repository/Organization Transferred,application,"T1020, T1537",medium
29,Github Secret Scanning Feature Disabled,application,T1685,high
30,Github Self Hosted Runner Changes Detected,application,"T1526, T1213.003, T1078.004",low
31,Github SSH Certificate Configuration Changed,application,T1078.004,medium
32,Kubernetes Admission Controller Modification,application,"T1078, T1552, T1552.007",medium
33,Kubernetes CronJob/Job Modification,application,,medium
34,Kubernetes Events Deleted,application,T1070,medium
35,Kubernetes Potential Enumeration Activity,application,"T1609, T1613",medium
36,Kubernetes Rolebinding Modification,application,,medium
37,Kubernetes Secrets Enumeration,application,T1552.007,low
38,Kubernetes Secrets Modified or Deleted,application,,medium
39,Kubernetes Unauthorized or Unauthenticated Access,application,,low
40,New Github Organization Member Added,application,T1136.003,informational
41,New Kubernetes Service Account Created,application,T1136,low
42,OpenCanary - FTP Login Attempt,application,"T1190, T1021",high
43,OpenCanary - GIT Clone Request,application,T1213,high
44,OpenCanary - Host Port Scan (SYN Scan),application,T1046,high
45,OpenCanary - HTTP GET Request,application,T1190,high
46,OpenCanary - HTTP POST Login Attempt,application,T1190,high
47,OpenCanary - HTTPPROXY Login Attempt,application,T1090,high
48,OpenCanary - MSSQL Login Attempt Via SQLAuth,application,"T1003, T1213",high
49,OpenCanary - MSSQL Login Attempt Via Windows Authentication,application,"T1003, T1213",high
50,OpenCanary - MySQL Login Attempt,application,"T1003, T1213",high
51,OpenCanary - NMAP FIN Scan,application,T1046,high
52,OpenCanary - NMAP NULL Scan,application,T1046,high
53,OpenCanary - NMAP OS Scan,application,T1046,high
54,OpenCanary - NMAP XMAS Scan,application,T1046,high
55,OpenCanary - NTP Monlist Request,application,T1498,high
56,OpenCanary - RDP New Connection Attempt,application,"T1133, T1021.001",high
57,OpenCanary - REDIS Action Command Attempt,application,"T1003, T1213",high
58,OpenCanary - SIP Request,application,T1123,high
59,OpenCanary - SMB File Open Request,application,"T1021, T1005",high
60,OpenCanary - SNMP OID Request,application,"T1016, T1021",high
61,OpenCanary - SSH Login Attempt,application,"T1133, T1021, T1078",high
62,OpenCanary - SSH New Connection Attempt,application,"T1133, T1021, T1078",high
63,OpenCanary - Telnet Login Attempt,application,"T1133, T1078",high
64,OpenCanary - TFTP Request,application,T1041,high
65,OpenCanary - VNC Connection Attempt,application,T1021,high
66,Outdated Dependency Or Vulnerability Alert Disabled,application,T1195.001,high
67,Possible DCSync Attack,application,T1033,high
68,Potential JNDI Injection Exploitation In JVM Based Application,application,T1190,high
69,Potential Local File Read Vulnerability In JVM Based Application,application,T1190,high
70,Potential OGNL Injection Exploitation In JVM Based Application,application,T1190,high
71,Potential RCE Exploitation Attempt In NodeJS,application,T1190,high
72,Potential Remote Command Execution In Pod Container,application,T1609,medium
73,Potential Server Side Template Injection In Velocity,application,T1190,high
74,Potential Sidecar Injection Into Running Deployment,application,T1609,medium
75,Potential SpEL Injection In Spring Framework,application,T1190,high
76,Potential XXE Exploitation Attempt In JVM Based Application,application,T1190,high
77,Privileged Container Deployed,application,T1611,low
78,Process Execution Error In JVM Based Application,application,T1190,high
79,Python SQL Exceptions,application,T1190,medium
80,RBAC Permission Enumeration Attempt,application,"T1069.003, T1087.004",low
81,Recon Activity via SASec,application,,high
82,Remote DCOM/WMI Lateral Movement,application,"T1021.003, T1047",high
83,Remote Encrypting File System Abuse,application,,high
84,Remote Event Log Recon,application,,high
85,Remote Printing Abuse for Lateral Movement,application,,high
86,Remote Registry Lateral Movement,application,T1112,high
87,Remote Registry Recon,application,,high
88,Remote Schedule Task Lateral Movement via ATSvc,application,"T1053, T1053.002",high
89,Remote Schedule Task Lateral Movement via ITaskSchedulerService,application,"T1053, T1053.002",high
90,Remote Schedule Task Lateral Movement via SASec,application,"T1053, T1053.002",high
91,Remote Schedule Task Recon via AtScv,application,,high
92,Remote Schedule Task Recon via ITaskSchedulerService,application,,high
93,Remote Server Service Abuse,application,,high
94,Remote Server Service Abuse for Lateral Movement,application,T1569.002,high
95,Ruby on Rails Framework Exceptions,application,T1190,medium
96,SharpHound Recon Account Discovery,application,T1087,high
97,SharpHound Recon Sessions,application,T1033,high
98,Spring Framework Exceptions,application,T1190,medium
99,Suspicious SQL Error Messages,application,T1190,high
100,Antivirus - APT Malware Signature,category,"T1203, T1219.002",critical
101,Antivirus - Exploitation Framework Signature,category,"T1203, T1219.002",critical
102,Antivirus - Hacktool Signature,category,T1204,high
103,Antivirus - Password Dumper Signature,category,"T1003, T1558, T1003.001, T1003.002",critical
104,Antivirus - Ransomware Signature,category,T1486,critical
105,Antivirus - Relevant File Paths Alerts Signature,category,T1588,high
106,Antivirus - Remote Access Tools Signature,category,"T1203, T1219.002",critical
107,Antivirus - Web Shell Detection Signature,category,T1505.003,high
108,Suspicious SQL Query,category,"T1190, T1505.001",medium
109,Account Created And Deleted Within A Close Time Frame,cloud,T1078,high
110,Account Disabled or Blocked for Sign in Attempts,cloud,T1078.004,medium
111,Account Lockout,cloud,T1110,medium
112,Activity From Anonymous IP Address,cloud,T1078,high
113,Activity from Anonymous IP Addresses,cloud,T1573,medium
114,Activity from Infrequent Country,cloud,T1573,medium
115,Activity from Suspicious IP Addresses,cloud,T1573,medium
116,Activity Performed by Terminated User,cloud,,medium
117,Added Credentials to Existing Application,cloud,T1098.001,high
118,Added Owner To Application,cloud,T1552,medium
119,Anomalous Token,cloud,T1528,high
120,Anomalous User Activity,cloud,T1098,high
121,Anonymous IP Address,cloud,T1528,high
122,App Assigned To Azure RBAC/Microsoft Entra Role,cloud,T1098.003,medium
123,App Granted Microsoft Permissions,cloud,T1528,high
124,App Granted Privileged Delegated Or App Permissions,cloud,T1098.003,high
125,Application AppID Uri Configuration Changes,cloud,"T1552, T1078.004",high
126,Application URI Configuration Changes,cloud,"T1528, T1078.004",high
127,Application Using Device Code Authentication Flow,cloud,T1078,medium
128,Applications That Are Using ROPC Authentication Flow,cloud,T1078,medium
129,Atypical Travel,cloud,T1078,high
130,AWS Bedrock Guardrail Deleted,cloud,T1685,medium
131,AWS Bedrock Guardrail Updated,cloud,T1685,medium
132,AWS Bucket Deleted,cloud,,medium
133,AWS CloudTrail Important Change,cloud,T1685.002,medium
134,AWS Config Disabling Channel/Recorder,cloud,T1685.002,high
135,AWS Console GetSigninToken Potential Abuse,cloud,"T1021.007, T1550.001",medium
136,AWS ConsoleLogin Failed Authentication,cloud,T1110,medium
137,AWS EC2 Disable EBS Encryption,cloud,"T1486, T1565",medium
138,AWS EC2 Startup Shell Script Change,cloud,"T1059.001, T1059.003, T1059.004",high
139,AWS EC2 VM Export Failure,cloud,"T1005, T1537",low
140,AWS ECS Task Definition That Queries The Credential Endpoint,cloud,T1525,medium
141,AWS EFS Fileshare Modified or Deleted,cloud,,medium
142,AWS EFS Fileshare Mount Modified or Deleted,cloud,T1485,medium
143,AWS EKS Cluster Created or Deleted,cloud,T1485,low
144,AWS ElastiCache Security Group Created,cloud,"T1136, T1136.003",low
145,AWS ElastiCache Security Group Modified or Deleted,cloud,T1531,low
146,AWS EnableRegion Command Monitoring,cloud,,medium
147,AWS Glue Development Endpoint Activity,cloud,,low
148,AWS GuardDuty Detector Deleted Or Updated,cloud,"T1685, T1685.002",high
149,AWS GuardDuty Important Change,cloud,T1685,high
150,AWS IAM Backdoor Users Keys,cloud,T1098,medium
151,AWS IAM S3Browser LoginProfile Creation,cloud,"T1059.009, T1078.004",high
152,AWS IAM S3Browser Templated S3 Bucket Policy Creation,cloud,"T1059.009, T1078.004",high
153,AWS IAM S3Browser User or AccessKey Creation,cloud,"T1059.009, T1078.004",high
154,AWS Identity Center Identity Provider Change,cloud,T1556,high
155,AWS Key Pair Import Activity,cloud,T1078,medium
156,AWS KMS Imported Key Material Usage,cloud,"T1486, T1608.003",high
157,AWS New Lambda Layer Attached,cloud,,low
158,AWS RDS Master Password Change,cloud,T1020,medium
159,AWS Root Credentials,cloud,T1078.004,medium
160,AWS Route 53 Domain Transfer Lock Disabled,cloud,T1098,low
161,AWS Route 53 Domain Transferred to Another Account,cloud,T1098,low
162,AWS S3 Bucket Versioning Disable,cloud,T1490,medium
163,AWS S3 Data Management Tampering,cloud,T1537,low
164,AWS SAML Provider Deletion Activity,cloud,"T1078.004, T1531",medium
165,AWS SecurityHub Findings Evasion,cloud,T1685,high
166,AWS Snapshot Backup Exfiltration,cloud,T1537,medium
167,AWS STS AssumeRole Misuse,cloud,"T1548, T1550, T1550.001",low
168,AWS STS GetCallerIdentity Enumeration Via TruffleHog,cloud,T1087.004,medium
169,AWS STS GetSessionToken Misuse,cloud,"T1548, T1550, T1550.001",low
170,AWS Successful Console Login Without MFA,cloud,T1078.004,medium
171,AWS Suspicious SAML Activity,cloud,"T1078, T1548, T1550, T1550.001",medium
172,AWS User Login Profile Was Modified,cloud,T1098,high
173,AWS VPC Flow Logs Deleted,cloud,,high
174,Azure Active Directory Hybrid Health AD FS New Server,cloud,T1578,medium
175,Azure Active Directory Hybrid Health AD FS Service Delete,cloud,T1578.003,medium
176,Azure AD Account Credential Leaked,cloud,T1589,high
177,Azure AD Only Single Factor Authentication Required,cloud,"T1078.004, T1556.006",low
178,Azure AD Threat Intelligence,cloud,T1078,high
179,Azure Application Deleted,cloud,T1489,medium
180,Azure Application Gateway Modified or Deleted,cloud,,medium
181,Azure Application Security Group Modified or Deleted,cloud,,medium
182,Azure Container Registry Created or Deleted,cloud,"T1485, T1496, T1489",low
183,Azure Device No Longer Managed or Compliant,cloud,,medium
184,Azure Device or Configuration Modified or Deleted,cloud,"T1485, T1565.001",medium
185,Azure DNS Zone Modified or Deleted,cloud,T1565.001,medium
186,Azure Domain Federation Settings Modified,cloud,T1078,medium
187,Azure Firewall Modified or Deleted,cloud,T1686.001,medium
188,Azure Firewall Rule Collection Modified or Deleted,cloud,T1686.001,medium
189,Azure Firewall Rule Configuration Modified or Deleted,cloud,,medium
190,Azure Key Vault Modified or Deleted,cloud,"T1552, T1552.001",medium
191,Azure Keyvault Key Modified or Deleted,cloud,"T1552, T1552.001",medium
192,Azure Keyvault Secrets Modified or Deleted,cloud,"T1552, T1552.001",medium
193,Azure Kubernetes Admission Controller,cloud,"T1078, T1552, T1552.007",medium
194,Azure Kubernetes Cluster Created or Deleted,cloud,"T1485, T1496, T1489",low
195,Azure Kubernetes CronJob,cloud,T1053.003,medium
196,Azure Kubernetes Events Deleted,cloud,T1685,medium
197,Azure Kubernetes Network Policy Change,cloud,"T1485, T1496, T1489",medium
198,Azure Kubernetes Pods Deleted,cloud,,medium
199,Azure Kubernetes RoleBinding/ClusterRoleBinding Modified and Deleted,cloud,"T1485, T1496, T1489",medium
200,Azure Kubernetes Secret or Config Object Access,cloud,"T1485, T1496, T1489",medium
201,Azure Kubernetes Sensitive Role Access,cloud,"T1485, T1496, T1489",medium
202,Azure Kubernetes Service Account Modified or Deleted,cloud,"T1531, T1485, T1496, T1489",medium
203,Azure Login Bypassing Conditional Access Policies,cloud,T1078,high
204,Azure Network Firewall Policy Modified or Deleted,cloud,T1686.001,medium
205,Azure Network Security Configuration Modified or Deleted,cloud,,medium
206,Azure New CloudShell Created,cloud,T1059,medium
207,Azure Owner Removed From Application or Service Principal,cloud,,medium
208,Azure Point-to-site VPN Modified or Deleted,cloud,,medium
209,Azure Service Principal Created,cloud,,medium
210,Azure Service Principal Removed,cloud,,medium
211,Azure Subscription Permission Elevation Via ActivityLogs,cloud,T1078.004,high
212,Azure Subscription Permission Elevation Via AuditLogs,cloud,T1078,high
213,Azure Suppression Rule Created,cloud,,medium
214,Azure Unusual Authentication Interruption,cloud,T1078,medium
215,Azure Virtual Network Device Modified or Deleted,cloud,,medium
216,Azure Virtual Network Modified or Deleted,cloud,,medium
217,Azure VPN Connection Modified or Deleted,cloud,,medium
218,Bitlocker Key Retrieval,cloud,T1078.004,medium
219,Bulk Deletion Changes To Privileged Account Permissions,cloud,T1098,high
220,CA Policy Removed by Non Approved Actor,cloud,"T1548, T1556",medium
221,CA Policy Updated by Non Approved Actor,cloud,"T1548, T1556",medium
222,Certificate-Based Authentication Enabled,cloud,T1556,medium
223,Change to Authentication Method,cloud,"T1556, T1098",medium
224,Changes to Device Registration Policy,cloud,T1484,high
225,Changes To PIM Settings,cloud,T1078.004,high
226,Data Exfiltration to Unsanctioned Apps,cloud,T1537,medium
227,Delegated Permissions Granted For All Users,cloud,T1528,high
228,Device Registration or Join Without MFA,cloud,T1078.004,medium
229,Disabled MFA to Bypass Authentication Mechanisms,cloud,T1556,medium
230,Disabling Multi Factor Authentication,cloud,T1556.006,high
231,Discovery Using AzureHound,cloud,"T1087.004, T1526",high
232,End User Consent,cloud,T1528,low
233,End User Consent Blocked,cloud,T1528,medium
234,GCP Access Policy Deleted,cloud,T1098,medium
235,GCP Break-glass Container Workload Deployed,cloud,T1548,medium
236,Google Cloud DNS Zone Modified or Deleted,cloud,,medium
237,Google Cloud Firewall Modified or Deleted,cloud,T1685,medium
238,Google Cloud Kubernetes Admission Controller,cloud,"T1078, T1552, T1552.007",medium
239,Google Cloud Kubernetes CronJob,cloud,,medium
240,Google Cloud Kubernetes RoleBinding,cloud,,medium
241,Google Cloud Kubernetes Secrets Modified or Deleted,cloud,,medium
242,Google Cloud Re-identifies Sensitive Information,cloud,T1565,medium
243,Google Cloud Service Account Disabled or Deleted,cloud,T1531,medium
244,Google Cloud Service Account Modified,cloud,,medium
245,Google Cloud SQL Database Modified or Deleted,cloud,,medium
246,Google Cloud Storage Buckets Enumeration,cloud,,low
247,Google Cloud Storage Buckets Modified or Deleted,cloud,,medium
248,Google Cloud VPN Tunnel Modified or Deleted,cloud,,medium
249,Google Full Network Traffic Packet Capture,cloud,T1074,medium
250,Google Workspace Application Access Level Modified,cloud,T1098.003,medium
251,Google Workspace Application Removed,cloud,,medium
252,Google Workspace Government Attack Warning,cloud,T1078,medium
253,Google Workspace Granted Domain API Access,cloud,T1098,medium
254,Google Workspace MFA Disabled,cloud,,medium
255,Google Workspace Out Of Domain Email Forwarding,cloud,T1114.003,medium
256,Google Workspace Role Modified or Deleted,cloud,,medium
257,Google Workspace Role Privilege Deleted,cloud,,medium
258,Google Workspace User Granted Admin Privileges,cloud,T1098,medium
259,Granting Of Permissions To An Account,cloud,T1098.003,medium
260,Guest User Invited By Non Approved Inviters,cloud,T1078.004,medium
261,Impossible Travel,cloud,T1078,high
262,Ingress/Egress Security Group Modification,cloud,T1190,medium
263,Invalid PIM License,cloud,T1078,high
264,LoadBalancer Security Group Modification,cloud,T1190,medium
265,Login to Disabled Account,cloud,T1078.004,medium
266,Logon from a Risky IP Address,cloud,T1078,medium
267,Malicious IP Address Sign-In Failure Rate,cloud,T1090,high
268,Malicious IP Address Sign-In Suspicious,cloud,T1090,high
269,Malicious Usage Of IMDS Credentials Outside Of AWS Infrastructure,cloud,"T1078, T1078.002",high
270,Microsoft 365 - Impossible Travel Activity,cloud,T1078,medium
271,Microsoft 365 - Potential Ransomware Activity,cloud,T1486,medium
272,Microsoft 365 - Unusual Volume of File Deletion,cloud,T1485,medium
273,Microsoft 365 - User Restricted from Sending Email,cloud,T1199,medium
274,Modification or Deletion of an AWS RDS Cluster,cloud,T1020,high
275,Multi Factor Authentication Disabled For User Account,cloud,,medium
276,Multifactor Authentication Denied,cloud,"T1078.004, T1110, T1621",medium
277,Multifactor Authentication Interrupted,cloud,"T1078.004, T1110, T1621",medium
278,New AWS Lambda Function URL Configuration Created,cloud,,medium
279,New CA Policy by Non-approved Actor,cloud,T1548,medium
280,New Country,cloud,T1078,high
281,New Federated Domain Added,cloud,T1484.002,medium
282,New Federated Domain Added - Exchange,cloud,T1136.003,medium
283,New Network ACL Entry Added,cloud,T1686.001,low
284,New Network Route Added,cloud,T1686.001,medium
285,New Root Certificate Authority Added,cloud,T1556,medium
286,Number Of Resource Creation Or Deployment Activities,cloud,T1098,medium
287,Password Reset By User Account,cloud,T1078.004,medium
288,Password Spray Activity,cloud,T1110,high
289,PIM Alert Setting Changes To Disabled,cloud,T1078,high
290,PIM Approvals And Deny Elevation,cloud,T1078.004,high
291,Potential Bucket Enumeration on AWS,cloud,"T1580, T1619",low
292,Potential Malicious Usage of CloudTrail System Manager,cloud,"T1566, T1566.002",high
293,Potential MFA Bypass Using Legacy Client Authentication,cloud,"T1078.004, T1110",high
294,Primary Refresh Token Access Attempt,cloud,T1528,high
295,Privileged Account Creation,cloud,T1078.004,medium
296,PST Export Alert Using eDiscovery Alert,cloud,T1114,medium
297,PST Export Alert Using New-ComplianceSearchAction,cloud,T1114,medium
298,PUA - AWS TruffleHog Execution,cloud,"T1555, T1003",medium
299,Rare Subscription-level Operations In Azure,cloud,T1003,medium
300,RDS Database Security Group Modification,cloud,T1190,medium
301,Restore Public AWS RDS Instance,cloud,T1020,high
302,Roles Activated Too Frequently,cloud,T1078,high
303,Roles Activation Doesn't Require MFA,cloud,T1078,high
304,Roles Are Not Being Used,cloud,T1078,high
305,Roles Assigned Outside PIM,cloud,T1078,high
306,SAML Token Issuer Anomaly,cloud,T1606,high
307,SES Identity Has Been Deleted,cloud,T1070,medium
308,Sign-in Failure Due to Conditional Access Requirements Not Met,cloud,"T1110, T1078.004",high
309,Sign-In From Malware Infected IP,cloud,T1090,high
310,Sign-ins by Unknown Devices,cloud,T1078.004,low
311,Sign-ins from Non-Compliant Devices,cloud,T1078.004,high
312,Stale Accounts In A Privileged Role,cloud,T1078,high
313,Suspicious Browser Activity,cloud,T1078,high
314,Suspicious Email Delivered In Microsoft 365,cloud,"T1566.001, T1566.002",medium
315,Suspicious Inbox Forwarding,cloud,T1020,low
316,Suspicious Inbox Forwarding Identity Protection,cloud,T1114.003,high
317,Suspicious Inbox Manipulation Rules,cloud,T1140,high
318,Suspicious Login Activity Classified By Google,cloud,T1078.004,medium
319,Suspicious OAuth App File Download Activities,cloud,,medium
320,Suspicious SignIns From A Non Registered Device,cloud,T1078,high
321,Temporary Access Pass Added To An Account,cloud,T1078.004,high
322,Too Many Global Admins,cloud,T1078,high
323,Unfamiliar Sign-In Properties,cloud,T1078,high
324,Use of Legacy Authentication Protocols,cloud,"T1078.004, T1110",high
325,User Access Blocked by Azure Conditional Access,cloud,"T1110, T1078.004",medium
326,User Added to an Administrator's Azure AD Role,cloud,"T1098.003, T1078",medium
327,User Added To Group With CA Policy Modification Access,cloud,"T1548, T1556",medium
328,User Added To Privilege Role,cloud,T1078.004,high
329,User Removed From Group With CA Policy Modification Access,cloud,"T1548, T1556",medium
330,User Risk and MFA Registration Policy Updated,cloud,,high
331,User State Changed From Guest To Member,cloud,T1078.004,medium
332,Users Added to Global or Device Admin Roles,cloud,T1078.004,high
333,Windows LAPS Credential Dump From Entra ID,cloud,T1098.005,high
334,Cisco Duo Successful MFA Authentication Via Bypass Code,identity,,medium
335,New Okta User Created,identity,,informational
336,Okta Admin Functions Access Through Proxy,identity,,medium
337,Okta Admin Role Assigned to an User or Group,identity,T1098.003,medium
338,Okta Admin Role Assignment Created,identity,,medium
339,Okta API Token Created,identity,,medium
340,Okta API Token Revoked,identity,,medium
341,Okta Application Modified or Deleted,identity,,medium
342,Okta Application Sign-On Policy Modified or Deleted,identity,,medium
343,Okta FastPass Phishing Detection,identity,T1566,high
344,Okta Identity Provider Created,identity,T1098.001,medium
345,Okta MFA Reset or Deactivated,identity,T1556.006,medium
346,Okta Network Zone Deactivated or Deleted,identity,,medium
347,Okta New Admin Console Behaviours,identity,T1078.004,high
348,Okta Policy Modified or Deleted,identity,,low
349,Okta Policy Rule Modified or Deleted,identity,,medium
350,Okta Security Threat Detected,identity,,medium
351,Okta Suspicious Activity Reported by End-user,identity,T1586.003,high
352,Okta Unauthorized Access to App,identity,,medium
353,Okta User Account Locked Out,identity,T1531,medium
354,Okta User Session Start Via An Anonymising Proxy Service,identity,T1685,high
355,OneLogin User Account Locked,identity,,low
356,OneLogin User Assumed Another User,identity,,low
357,Potential Okta Password in AlternateID Field,identity,T1552,high
358,Access of Sudoers File Content,linux,T1592.004,medium
359,ASLR Disabled Via Sysctl or Direct Syscall - Linux,linux,"T1685, T1055.009",high
360,Audio Capture,linux,T1123,low
361,Audit Rules Deleted Via Auditctl,linux,T1685.004,high
362,Auditing Configuration Changes on Linux Host,linux,T1685,high
363,Bash Interactive Shell,linux,,low
364,Binary Padding - Linux,linux,T1027.001,high
365,BPFDoor Abnormal Process ID or Lock File Accessed,linux,"T1106, T1059",high
366,Bpfdoor TCP Ports Redirect,linux,T1686,medium
367,BPFtrace Unsafe Option Usage,linux,T1059.004,medium
368,Buffer Overflow Attempts,linux,T1068,high
369,Capabilities Discovery - Linux,linux,T1083,low
370,Capsh Shell Invocation - Linux,linux,T1059,high
371,Chmod Targeting Sensitive Directories,linux,T1222.002,medium
372,Clear or Disable Kernel Ring Buffer Logs via Syslog Syscall,linux,T1685.006,medium
373,Clipboard Collection of Image Data with Xclip Tool,linux,T1115,low
374,Clipboard Collection with Xclip Tool,linux,T1115,low
375,Clipboard Collection with Xclip Tool - Auditd,linux,T1115,low
376,Code Injection by ld.so Preload,linux,T1574.006,high
377,Commands to Clear or Remove the Syslog - Builtin,linux,T1565.001,high
378,Communication To LocaltoNet Tunneling Service Initiated - Linux,linux,"T1572, T1090, T1102",high
379,Communication To Ngrok Tunneling Service - Linux,linux,"T1567, T1568.002, T1572, T1090, T1102",high
380,Connection Proxy,linux,T1090,low
381,Container Residence Discovery Via Proc Virtual FS,linux,T1082,low
382,Copy Passwd Or Shadow From TMP Path,linux,T1552.001,high
383,Creation Of An User Account,linux,T1136.001,medium
384,Credentials In Files - Linux,linux,T1552.001,high
385,Crontab Enumeration,linux,T1007,low
386,Curl Usage on Linux,linux,T1105,low
387,Data Compressed,linux,T1560.001,low
388,Data Exfiltration with Wget,linux,T1048.003,medium
389,DD File Overwrite,linux,T1485,low
390,Decode Base64 Encoded Text,linux,T1027,low
391,Disable Or Stop Services,linux,"T1685, T1489",medium
392,Disable System Firewall,linux,T1686,high
393,Disabling Security Tools,linux,T1686,medium
394,Disabling Security Tools - Builtin,linux,T1686,medium
395,Docker Container Discovery Via Dockerenv Listing,linux,T1082,low
396,Download File To Potentially Suspicious Directory Via Wget,linux,T1105,medium
397,Enable BPF Kprobes Tracing,linux,,medium
398,Equation Group Indicators,linux,T1059.004,high
399,ESXi Account Creation Via ESXCLI,linux,"T1136, T1059.012",medium
400,ESXi Admin Permission Assigned To Account Via ESXCLI,linux,"T1059.012, T1098",high
401,ESXi Network Configuration Discovery Via ESXCLI,linux,"T1033, T1007, T1059.012",medium
402,ESXi Storage Information Discovery Via ESXCLI,linux,"T1033, T1007, T1059.012",medium
403,ESXi Syslog Configuration Change Via ESXCLI,linux,"T1685, T1690, T1059.012",medium
404,ESXi System Information Discovery Via ESXCLI,linux,"T1033, T1007, T1059.012",medium
405,ESXi VM Kill Via ESXCLI,linux,"T1059.012, T1529",medium
406,ESXi VM List Discovery Via ESXCLI,linux,"T1033, T1007, T1059.012",medium
407,ESXi VSAN Information Discovery Via ESXCLI,linux,"T1033, T1007, T1059.012",medium
408,Execution Of Script Located In Potentially Suspicious Directory,linux,,medium
409,File and Directory Discovery - Linux,linux,T1083,informational
410,File Deletion,linux,T1070.004,informational
411,File or Folder Permissions Change,linux,T1222.002,low
412,File Time Attribute Change - Linux,linux,T1070.006,medium
413,Flush Iptables Ufw Chain,linux,T1686,medium
414,Group Has Been Deleted Via Groupdel,linux,T1531,medium
415,Guacamole Two Users Sharing Session Anomaly,linux,T1212,high
416,Hidden Files and Directories,linux,T1564.001,low
417,History File Deletion,linux,T1565.001,high
418,Inline Python Execution - Spawn Shell Via OS System Library,linux,T1059,high
419,Install Root Certificate,linux,T1553.004,low
420,Interactive Bash Suspicious Children,linux,"T1059.004, T1036",medium
421,JexBoss Command Sequence,linux,T1059.004,high
422,Kaspersky Endpoint Security Stopped Via CommandLine - Linux,linux,T1685,high
423,Linux Base64 Encoded Pipe to Shell,linux,T1140,medium
424,Linux Base64 Encoded Shebang In CLI,linux,T1140,medium
425,Linux Capabilities Discovery,linux,"T1083, T1548",low
426,Linux Command History Tampering,linux,T1070.003,high
427,Linux Crypto Mining Indicators,linux,T1496,high
428,Linux Crypto Mining Pool Connections,linux,T1496,high
429,Linux Doas Conf File Creation,linux,T1548,medium
430,Linux Doas Tool Execution,linux,T1548,low
431,Linux HackTool Execution,linux,T1587,high
432,Linux Keylogging with Pam.d,linux,"T1003, T1056.001",high
433,Linux Logs Clearing Attempts,linux,T1685.006,medium
434,Linux Network Service Scanning - Auditd,linux,T1046,low
435,Linux Network Service Scanning Tools Execution,linux,T1046,low
436,Linux Package Uninstall,linux,T1070,low
437,Linux Recon Indicators,linux,"T1592.004, T1552.001",high
438,Linux Remote System Discovery,linux,T1018,low
439,Linux Reverse Shell Indicator,linux,T1059.004,critical
440,Linux Setgid Capability Set on a Binary via Setcap Utility,linux,"T1548, T1554",low
441,Linux Setuid Capability Set on a Binary via Setcap Utility,linux,"T1548, T1554",low
442,Linux Shell Pipe to Shell,linux,T1140,medium
443,Linux Sudo Chroot Execution,linux,T1068,low
444,Linux Webshell Indicators,linux,T1505.003,high
445,Loading of Kernel Module via Insmod,linux,T1547.006,high
446,Local Groups Discovery - Linux,linux,T1069.001,low
447,Local System Accounts Discovery - Linux,linux,T1087.001,low
448,Logging Configuration Changes on Linux Host,linux,T1685,high
449,Mask System Power Settings Via Systemctl,linux,T1653,high
450,Masquerading as Linux Crond Process,linux,T1036.003,medium
451,Modification of ld.so.preload,linux,T1574.006,high
452,Modify System Firewall,linux,T1686,medium
453,Modifying Crontab,linux,T1053.003,medium
454,Mount Execution With Hidepid Parameter,linux,T1564,medium
455,Named Pipe Created Via Mkfifo,linux,,low
456,Network Sniffing - Linux,linux,T1040,low
457,New Cron File Created,linux,T1053.003,low
458,Nohup Execution,linux,T1059.004,medium
459,OMIGOD SCX RunAsProvider ExecuteScript,linux,"T1068, T1190, T1203",high
460,OMIGOD SCX RunAsProvider ExecuteShellCommand,linux,"T1068, T1190, T1203",high
461,OS Architecture Discovery Via Grep,linux,T1082,low
462,Overwriting the File with Dev Zero or Null,linux,T1485,low
463,Password Policy Discovery - Linux,linux,T1201,low
464,Persistence Via Sudoers.d Files,linux,T1548.003,medium
465,Pnscan Binary Data Transmission Activity,linux,T1046,medium
466,Possible Coin Miner CPU Priority Param,linux,T1068,critical
467,Potential Abuse of Linux Magic System Request Key,linux,"T1059.004, T1529, T1489, T1499",medium
468,Potential Container Discovery Via Inodes Listing,linux,T1082,low
469,Potential Discovery Activity Using Find - Linux,linux,T1083,medium
470,Potential GobRAT File Discovery Via Grep,linux,T1082,high
471,Potential Linux Amazon SSM Agent Hijacking,linux,T1219.002,medium
472,Potential Linux Process Code Injection Via DD Utility,linux,T1055.009,medium
473,Potential Netcat Reverse Shell Execution,linux,T1059,high
474,Potential Perl Reverse Shell Execution,linux,,high
475,Potential PHP Reverse Shell,linux,,high
476,Potential Ruby Reverse Shell,linux,,medium
477,Potential Suspicious BPF Activity - Linux,linux,,high
478,Potential Suspicious Change To Sensitive/Critical Files,linux,T1565.001,medium
479,Potential Xterm Reverse Shell,linux,T1059,medium
480,Potentially Suspicious Execution From Tmp Folder,linux,T1036,medium
481,Potentially Suspicious Malware Callback Communication - Linux,linux,T1571,high
482,Potentially Suspicious Named Pipe Created Via Mkfifo,linux,,medium
483,Potentially Suspicious Shell Script Creation in Profile Folder,linux,,low
484,Print History File Contents,linux,T1592.004,medium
485,Privileged User Has Been Created,linux,"T1136.001, T1098",high
486,Process Execution From Shared Memory Directory,linux,T1027.011,high
487,Program Executions in Suspicious Folders,linux,"T1587, T1584",medium
488,PUA - TruffleHog Execution - Linux,linux,"T1083, T1552.001",medium
489,Python One-Liners with Base64 Decoding - Linux,linux,"T1059.006, T1027.010",high
490,Python Reverse Shell Execution Via PTY And Socket Modules,linux,,high
491,Python Spawning Pretty TTY Via PTY Module,linux,T1059,medium
492,Python WebServer Execution - Linux,linux,T1048.003,medium
493,Relevant ClamAV Message,linux,T1588.001,high
494,Remote Access Tool - Team Viewer Session Started On Linux Host,linux,T1133,low
495,Remote File Copy,linux,T1105,low
496,Remove Immutable File Attribute,linux,T1222.002,medium
497,Remove Immutable File Attribute - Auditd,linux,T1222.002,medium
498,Remove Scheduled Cron Task/Job,linux,,medium
499,Scheduled Cron Task/Job - Linux,linux,T1053.003,medium
500,Scheduled Task/Job At,linux,T1053.002,low
501,Screen Capture with Import Tool,linux,T1113,low
502,Screen Capture with Xwd,linux,T1113,low
503,Script Interpreter Spawning Credential Scanner - Linux,linux,"T1552, T1005, T1059.004",high
504,Security Software Discovery - Linux,linux,T1518.001,low
505,Service Reload or Start - Linux,linux,T1543.002,low
506,Setuid and Setgid,linux,T1548.001,low
507,Shell Execution GCC  - Linux,linux,T1083,high
508,Shell Execution Of Process Located In Tmp Directory,linux,,high
509,Shell Execution via Find - Linux,linux,T1083,high
510,Shell Execution via Flock - Linux,linux,T1083,high
511,Shell Execution via Git - Linux,linux,T1059,high
512,Shell Execution via Nice - Linux,linux,T1083,high
513,Shell Execution via Rsync - Linux,linux,T1059,high
514,Shell Invocation via Apt - Linux,linux,T1083,medium
515,Shell Invocation via Env Command - Linux,linux,T1059.004,high
516,Shell Invocation Via Ssh - Linux,linux,T1059,high
517,Shellshock Expression,linux,T1505.003,high
518,Special File Creation via Mknod Syscall,linux,T1543.003,low
519,Split A File Into Pieces - Linux,linux,T1030,low
520,Steganography Extract Files with Steghide,linux,T1027.003,low
521,Steganography Hide Files with Steghide,linux,T1027.003,low
522,Steganography Hide Zip Information in Picture File,linux,T1027.003,low
523,Steganography Unzip Hidden Information From Picture File,linux,T1027.003,low
524,Suspicious Activity in Shell Commands,linux,T1059.004,high
525,Suspicious C2 Activities,linux,,medium
526,Suspicious Commands Linux,linux,T1059.004,medium
527,Suspicious Curl Change User Agents - Linux,linux,T1071.001,medium
528,Suspicious Curl File Upload - Linux,linux,"T1567, T1105",medium
529,Suspicious Download and Execute Pattern via Curl/Wget,linux,"T1059.004, T1203",high
530,Suspicious Filename with Embedded Base64 Commands,linux,"T1059.004, T1027",high
531,Suspicious Git Clone - Linux,linux,T1593.003,medium
532,Suspicious History File Operations - Linux,linux,T1552.003,medium
533,Suspicious Invocation of Shell via AWK - Linux,linux,T1059,high
534,Suspicious Invocation of Shell via Rsync,linux,"T1059, T1203",high
535,Suspicious Java Children Processes,linux,T1059,high
536,Suspicious Log Entries,linux,,medium
537,Suspicious Named Error,linux,T1190,high
538,Suspicious Nohup Execution,linux,,high
539,Suspicious OpenSSH Daemon Error,linux,T1190,medium
540,Suspicious Package Installed - Linux,linux,T1553.004,medium
541,Suspicious Reverse Shell Command Line,linux,T1059.004,high
542,Suspicious Use of /dev/tcp,linux,,medium
543,Suspicious VSFTPD Error Messages,linux,T1190,medium
544,Symlink Etc Passwd,linux,T1204.001,high
545,Syslog Clearing or Removal Via System Utilities,linux,T1685.006,high
546,System and Hardware Information Discovery,linux,T1082,informational
547,System Info Discovery via Sysinfo Syscall,linux,"T1057, T1082",low
548,System Information Discovery,linux,T1082,informational
549,System Information Discovery - Auditd,linux,T1082,low
550,System Network Connections Discovery - Linux,linux,T1049,low
551,System Network Discovery - Linux,linux,T1016,informational
552,System Owner or User Discovery - Linux,linux,T1033,low
553,System Shutdown/Reboot - Linux,linux,T1529,informational
554,Systemd Service Creation,linux,T1543.002,medium
555,Touch Suspicious Service File,linux,T1070.006,medium
556,Triple Cross eBPF Rootkit Default LockFile,linux,,high
557,Triple Cross eBPF Rootkit Default Persistence,linux,T1053.003,high
558,Triple Cross eBPF Rootkit Execve Hijack,linux,,high
559,Triple Cross eBPF Rootkit Install Commands,linux,T1014,high
560,UFW Disable Attempt,linux,T1686,medium
561,Unix Shell Configuration Modification,linux,T1546.004,medium
562,Use Of Hidden Paths Or Files,linux,T1574.001,low
563,User Added To Root/Sudoers Group Using Usermod,linux,,medium
564,User Has Been Deleted Via Userdel,linux,T1531,medium
565,Vim GTFOBin Abuse - Linux,linux,"T1059, T1083",high
566,Webshell Remote Command Execution,linux,T1505.003,critical
567,Wget Creating Files in Tmp Directory,linux,T1105,medium
568,Binary Padding - MacOS,macos,T1027.001,high
569,Clipboard Access Via OSAScript,macos,"T1115, T1059.002",medium
570,Creation Of A Local User Account,macos,T1136.001,low
571,Credentials from Password Stores - Keychain,macos,T1555.001,medium
572,Credentials In Files,macos,T1552.001,high
573,Decode Base64 Encoded Text -MacOs,macos,T1027,low
574,Disable Security Tools,macos,T1685,medium
575,Disk Image Creation Via Hdiutil - MacOS,macos,,medium
576,Disk Image Mounting Via Hdiutil - MacOS,macos,"T1566.001, T1560.001",medium
577,File and Directory Discovery - MacOS,macos,T1083,informational
578,File Download Via Nscurl - MacOS,macos,T1105,medium
579,File Time Attribute Change,macos,T1070.006,medium
580,Gatekeeper Bypass via Xattr,macos,T1553.001,low
581,Guest Account Enabled Via Sysadminctl,macos,"T1078, T1078.001",low
582,GUI Input Capture - macOS,macos,T1056.002,low
583,Hidden Flag Set On File/Directory Via Chflags - MacOS,macos,"T1218, T1564.004, T1552.001, T1105",medium
584,Hidden User Creation,macos,T1564.002,medium
585,Indicator Removal on Host - Clear Mac System Logs,macos,T1685.006,medium
586,JAMF MDM Execution,macos,,low
587,JAMF MDM Potential Suspicious Child Process,macos,,medium
588,JXA In-memory Execution Via OSAScript,macos,"T1059.002, T1059.007",high
589,Launch Agent/Daemon Execution Via Launchctl,macos,"T1569.001, T1543.001, T1543.004",medium
590,Local Groups Discovery - MacOs,macos,T1069.001,informational
591,Local System Accounts Discovery - MacOs,macos,T1087.001,low
592,MacOS Emond Launch Daemon,macos,T1546.014,medium
593,MacOS Network Service Scanning,macos,T1046,low
594,Macos Remote System Discovery,macos,T1018,informational
595,MacOS Scripting Interpreter AppleScript,macos,T1059.002,medium
596,Network Sniffing - MacOs,macos,T1040,informational
597,New File Exclusion Added To Time Machine Via Tmutil - MacOS,macos,T1490,medium
598,Osacompile Execution By Potentially Suspicious Applet/Osascript,macos,T1059.002,medium
599,OSACompile Run-Only Execution,macos,T1059.002,high
600,Payload Decoded and Decrypted via Built-in Utilities,macos,"T1059, T1204, T1140",medium
601,Potential Base64 Decoded From Images,macos,T1140,high
602,Potential Discovery Activity Using Find - MacOS,macos,T1083,medium
603,Potential In-Memory Download And Compile Of Payloads,macos,"T1059.007, T1105",medium
604,Potential Persistence Via PlistBuddy,macos,"T1543.001, T1543.004",high
605,Potential WizardUpdate Malware Infection,macos,,high
606,Potential XCSSET Malware Infection,macos,,medium
607,Remote Access Tool - Potential MeshAgent Execution - MacOS,macos,T1219.002,medium
608,Remote Access Tool - Renamed MeshAgent Execution - MacOS,macos,"T1219.002, T1036.003",high
609,Remote Access Tool - Team Viewer Session Started On MacOS Host,macos,T1133,low
610,Root Account Enable Via Dsenableroot,macos,"T1078, T1078.001, T1078.003",medium
611,Scheduled Cron Task/Job - MacOs,macos,T1053.003,medium
612,Screen Capture - macOS,macos,T1113,low
613,Security Software Discovery - MacOs,macos,T1518.001,medium
614,Space After Filename - macOS,macos,T1036.006,low
615,Split A File Into Pieces,macos,T1030,low
616,Startup Item File Created - MacOS,macos,T1037.005,low
617,Suspicious Browser Child Process - MacOS,macos,"T1189, T1203, T1059",medium
618,Suspicious Execution via macOS Script Editor,macos,"T1566, T1566.002, T1059, T1059.002, T1204, T1204.001, T1553",medium
619,Suspicious History File Operations,macos,T1552.003,medium
620,Suspicious Installer Package Child Process,macos,"T1059, T1059.007, T1071, T1071.001",medium
621,Suspicious MacOS Firmware Activity,macos,,medium
622,Suspicious Microsoft Office Child Process - MacOS,macos,"T1059.002, T1137.002, T1204.002",high
623,System Information Discovery Using Ioreg,macos,T1082,medium
624,System Information Discovery Using sw_vers,macos,T1082,medium
625,System Information Discovery Using System_Profiler,macos,"T1082, T1497.001",medium
626,System Information Discovery Via Sysctl - MacOS,macos,"T1497.001, T1082",medium
627,System Integrity Protection (SIP) Disabled,macos,T1518.001,medium
628,System Integrity Protection (SIP) Enumeration,macos,T1518.001,low
629,System Network Connections Discovery - MacOs,macos,T1049,informational
630,System Network Discovery - macOS,macos,T1016,informational
631,System Shutdown/Reboot - MacOs,macos,T1529,informational
632,Time Machine Backup Deletion Attempt Via Tmutil - MacOS,macos,T1490,medium
633,Time Machine Backup Disabled Via Tmutil - MacOS,macos,T1490,medium
634,User Added To Admin Group Via Dscl,macos,T1078.003,medium
635,User Added To Admin Group Via DseditGroup,macos,T1078.003,medium
636,User Added To Admin Group Via Sysadminctl,macos,T1078.003,medium
637,Cisco BGP Authentication Failures,network,"T1078, T1110, T1557",low
638,Cisco Clear Logs,network,T1070.003,high
639,Cisco Collect Data,network,"T1087.001, T1552.001, T1005",low
640,Cisco Crypto Commands,network,"T1553.004, T1552.004",high
641,Cisco Denial of Service,network,"T1495, T1529, T1565.001",medium
642,Cisco Disabling Logging,network,T1685,high
643,Cisco Discovery,network,"T1083, T1201, T1057, T1018, T1082, T1016, T1049, T1033, T1124",low
644,Cisco Dot1x Disabled,network,"T1685, T1556.004",medium
645,Cisco File Deletion,network,"T1070.004, T1561.001, T1561.002",medium
646,Cisco LDP Authentication Failures,network,"T1078, T1110, T1557",low
647,Cisco Local Accounts,network,"T1136.001, T1098",high
648,Cisco Modify Configuration,network,"T1490, T1505, T1565.002, T1053",medium
649,Cisco Show Commands Input,network,T1552.003,medium
650,Cisco Sniffing,network,T1040,medium
651,Cisco Stage Data,network,"T1074, T1105, T1560.001",low
652,Cleartext Protocol Usage,network,,low
653,Cobalt Strike DNS Beaconing,network,T1071.004,critical
654,Default Cobalt Strike Certificate,network,,high
655,DNS Events Related To Mining Pools,network,"T1569.002, T1496",low
656,DNS Query to External Service Interaction Domains,network,"T1190, T1595.002",high
657,DNS TOR Proxies,network,T1048,medium
658,DNS TXT Answer with Possible Execution Strings,network,T1071.004,high
659,Executable from Webdav,network,T1105,medium
660,First Time Seen Remote Named Pipe - Zeek,network,T1021.002,high
661,FortiGate - Firewall Address Object Added,network,T1686.002,medium
662,FortiGate - New Administrator Account Created,network,T1136.001,medium
663,FortiGate - New Firewall Policy Added,network,T1686.002,medium
664,FortiGate - New Local User Created,network,T1136.001,medium
665,FortiGate - New VPN SSL Web Portal Added,network,T1133,medium
666,FortiGate - User Group Modified,network,,medium
667,FortiGate - VPN SSL Settings Modified,network,T1133,medium
668,HTTP Request to Low Reputation TLD or Suspicious File Extension,network,,medium
669,Huawei BGP Authentication Failures,network,"T1078, T1110, T1557",low
670,Juniper BGP Missing MD5,network,"T1078, T1110, T1557",low
671,Kerberos Network Traffic RC4 Ticket Encryption,network,T1558.003,medium
672,MITRE BZAR Indicators for Execution,network,"T1047, T1053.002, T1569.002",medium
673,MITRE BZAR Indicators for Persistence,network,T1547.004,medium
674,Monero Crypto Coin Mining Pool Lookup,network,"T1496, T1567",high
675,New Kind of Network (NKN) Detection,network,,low
676,Possible Impacket SecretDump Remote Activity - Zeek,network,"T1003.002, T1003.004, T1003.003",high
677,Potential PetitPotam Attack Via EFS RPC Calls,network,"T1557.001, T1187",medium
678,Publicly Accessible RDP Service,network,T1021.001,high
679,Remote Task Creation via ATSVC Named Pipe - Zeek,network,T1053.002,medium
680,SMB Spoolss Name Piped Usage,network,T1021.002,medium
681,Suspicious Access to Sensitive File Extensions - Zeek,network,,medium
682,Suspicious DNS Query Indicating Kerberos Coercion via DNS Object SPN Spoofing - Network,network,"T1557.001, T1187",high
683,Suspicious DNS Query with B64 Encoded String,network,"T1048.003, T1071.004",medium
684,Suspicious DNS Z Flag Bit Set,network,"T1095, T1571",medium
685,Suspicious PsExec Execution - Zeek,network,T1021.002,high
686,Telegram Bot API Request,network,T1102.002,medium
687,Transferring Files with Credential Data via Network Shares - Zeek,network,"T1003.002, T1003.001, T1003.003",medium
688,Wannacry Killswitch Domain,network,T1071.001,high
689,WebDav Put Request,network,T1048.003,low
690,Apache Segmentation Fault,web,T1499.004,high
691,Apache Threading Error,web,"T1190, T1210",medium
692,APT User Agent,web,T1071.001,high
693,Bitsadmin to Uncommon IP Server Address,web,"T1071.001, T1197",high
694,Bitsadmin to Uncommon TLD,web,"T1071.001, T1197",high
695,Cross Site Scripting Strings,web,T1189,high
696,Crypto Miner User Agent,web,T1071.001,high
697,Download from Suspicious Dyndns Hosts,web,"T1105, T1568",medium
698,Download From Suspicious TLD - Blacklist,web,"T1566, T1203, T1204.002",low
699,Download From Suspicious TLD - Whitelist,web,"T1566, T1203, T1204.002",low
700,Exploit Framework User Agent,web,T1071.001,high
701,F5 BIG-IP iControl Rest API Command Execution - Proxy,web,T1190,medium
702,F5 BIG-IP iControl Rest API Command Execution - Webserver,web,T1190,medium
703,Flash Player Update from Suspicious Location,web,"T1189, T1204.002, T1036.005",high
704,Hack Tool User Agent,web,"T1190, T1110",high
705,HackTool - BabyShark Agent Default URL Pattern,web,T1071.001,critical
706,HackTool - CobaltStrike Malleable Profile Patterns - Proxy,web,T1071.001,high
707,HackTool - Empire UserAgent URI Combo,web,T1071.001,high
708,HTTP Request With Empty User Agent,web,T1071.001,medium
709,Java Payload Strings,web,T1190,high
710,JNDIExploit Pattern,web,T1190,high
711,Malware User Agent,web,T1071.001,high
712,Nginx Core Dump,web,T1499.004,high
713,Path Traversal Exploitation Attempts,web,T1190,medium
714,Potential Base64 Encoded User-Agent,web,T1071.001,medium
715,Potential Hello-World Scraper Botnet Activity,web,T1595,medium
716,PUA - Advanced IP/Port Scanner Update Check,web,T1590,medium
717,PwnDrp Access,web,"T1071.001, T1102.001, T1102.003",critical
718,Raw Paste Service Access,web,"T1071.001, T1102.001, T1102.003",high
719,Rclone Activity via Proxy,web,T1567.002,medium
720,Server Side Template Injection Strings,web,T1221,high
721,Source Code Enumeration Detection by Keyword,web,T1083,medium
722,SQL Injection Strings In URI,web,T1190,high
723,Successful IIS Shortname Fuzzing Scan,web,T1190,medium
724,Suspicious Base64 Encoded User-Agent,web,T1071.001,medium
725,Suspicious External WebDAV Execution,web,"T1584, T1566",high
726,Suspicious Network Communication With IPFS,web,T1056,low
727,Suspicious User Agent,web,T1071.001,high
728,Suspicious User-Agents Related To Recon Tools,web,T1190,medium
729,Suspicious Windows Strings In URI,web,T1505.003,high
730,Telegram API Access,web,"T1071.001, T1102.002",medium
731,Webshell ReGeorg Detection Via Web Logs,web,T1505.003,high
732,Windows PowerShell User Agent,web,T1071.001,medium
733,Windows WebDAV User Agent,web,T1071.001,high
734,Windows Webshell Strings,web,T1505.003,high
735,.RDP File Created By Uncommon Application,windows,,high
736,7Zip Compressing Dump Files,windows,T1560.001,medium
737,A Member Was Added to a Security-Enabled Global Group,windows,T1098,low
738,A Member Was Removed From a Security-Enabled Global Group,windows,T1098,low
739,A New Trust Was Created To A Domain,windows,T1098,medium
740,A Rule Has Been Deleted From The Windows Firewall Exception List,windows,T1686.003,medium
741,A Security-Enabled Global Group Was Deleted,windows,T1098,low
742,AADInternals PowerShell Cmdlets Execution - ProccessCreation,windows,,high
743,AADInternals PowerShell Cmdlets Execution - PsScript,windows,,high
744,Abusable DLL Potential Sideloading From Suspicious Location,windows,T1059,high
745,Abuse of Service Permissions to Hide Services Via Set-Service,windows,T1574.011,high
746,Abuse of Service Permissions to Hide Services Via Set-Service - PS,windows,T1574.011,high
747,Abused Debug Privilege by Arbitrary Parent Processes,windows,T1548,high
748,Abusing Print Executable,windows,T1218,medium
749,Access To ADMIN$ Network Share,windows,T1021.002,low
750,Access to Browser Login Data,windows,T1555.003,medium
751,Access To Crypto Currency Wallets By Uncommon Applications,windows,T1003,medium
752,Access To Potentially Sensitive Sysvol Files By Uncommon Applications,windows,T1552.006,medium
753,Access To Windows Credential History File By Uncommon Applications,windows,T1555.004,medium
754,Access To Windows DPAPI Master Keys By Uncommon Applications,windows,T1555.004,medium
755,Account Tampering - Suspicious Failed Logon Reasons,windows,T1078,medium
756,Activate Suppression of Windows Security Center Notifications,windows,T1112,medium
757,Active Directory Certificate Services Denied Certificate Enrollment Request,windows,T1553.004,low
758,Active Directory Computers Enumeration With Get-AdComputer,windows,"T1018, T1087.002",low
759,Active Directory Database Snapshot Via ADExplorer,windows,"T1087.002, T1069.002, T1482",medium
760,Active Directory Group Enumeration With Get-AdGroup,windows,T1069.002,low
761,Active Directory Replication from Non Machine Account - DcSync Indicator,windows,T1003.006,medium
762,Active Directory Structure Export Via Csvde.EXE,windows,T1087.002,medium
763,Active Directory Structure Export Via Ldifde.EXE,windows,,medium
764,Active Directory User Backdoors,windows,T1098,high
765,AD Groups Or Users Enumeration Using PowerShell - PoshModule,windows,T1069.001,low
766,AD Groups Or Users Enumeration Using PowerShell - ScriptBlock,windows,T1069.001,low
767,AD Object WriteDAC Access,windows,T1222.001,critical
768,AD Privileged Users or Groups Reconnaissance,windows,T1087.002,high
769,ADCS Certificate Template Configuration Vulnerability,windows,,low
770,ADCS Certificate Template Configuration Vulnerability with Risky EKU,windows,,high
771,Add Debugger Entry To AeDebug For Persistence,windows,,medium
772,Add Debugger Entry To Hangs Key For Persistence,windows,,high
773,Add DisallowRun Execution to Registry,windows,T1112,medium
774,Add Insecure Download Source To Winget,windows,T1059,high
775,Add New Download Source To Winget,windows,T1059,medium
776,Add or Remove Computer from DC,windows,T1207,low
777,Add Port Monitor Persistence in Registry,windows,T1547.010,medium
778,Add Potential Suspicious New Download Source To Winget,windows,T1059,medium
779,Add SafeBoot Keys Via Reg Utility,windows,T1685,high
780,Add Windows Capability Via PowerShell Cmdlet,windows,,medium
781,Add Windows Capability Via PowerShell Script,windows,,medium
782,AddinUtil.EXE Execution From Uncommon Directory,windows,T1218,medium
783,Addition of SID History to Active Directory Object,windows,T1134.005,medium
784,ADExplorer Writing Complete AD Snapshot Into .dat File,windows,"T1087.002, T1069.002, T1482",medium
785,ADFS Database Named Pipe Connection By Uncommon Tool,windows,T1005,medium
786,Admin User Remote Logon,windows,"T1078.001, T1078.002, T1078.003",low
787,ADS Zone.Identifier Deleted By Uncommon Application,windows,T1070.004,medium
788,ADSI-Cache File Creation By Uncommon Tool,windows,T1001.003,medium
789,Advanced IP Scanner - File Event,windows,T1046,medium
790,Adwind RAT / JRAT File Artifact,windows,"T1059.005, T1059.007",high
791,AgentExecutor PowerShell Execution,windows,T1218,medium
792,All Backups Deleted Via Wbadmin.EXE,windows,T1490,high
793,All Rules Have Been Deleted From The Windows Firewall Configuration,windows,T1686.003,high
794,Allow RDP Remote Assistance Feature,windows,T1112,medium
795,Allow Service Access Using Security Descriptor Tampering Via Sc.EXE,windows,T1543.003,high
796,Alternate PowerShell Hosts - PowerShell Module,windows,T1059.001,medium
797,Alternate PowerShell Hosts Pipe,windows,T1059.001,medium
798,Always Install Elevated MSI Spawned Cmd And Powershell,windows,T1548.002,medium
799,Always Install Elevated Windows Installer,windows,T1548.002,medium
800,AMSI Bypass Pattern Assembly GetType,windows,T1685,high
801,AMSI Disabled via Registry Modification,windows,T1685,high
802,Amsi.DLL Loaded Via LOLBIN Process,windows,,medium
803,Antivirus Filter Driver Disallowed On Dev Drive - Registry,windows,T1685,high
804,Anydesk Remote Access Software Service Installation,windows,,medium
805,Anydesk Temporary Artefact,windows,T1219.002,medium
806,Application Removed Via Wmic.EXE,windows,T1047,medium
807,Application Termination Attempt via Wmic.EXE,windows,T1047,medium
808,Application Uninstalled,windows,T1489,low
809,AppLocker Application Would Have Been Blocked,windows,"T1204.002, T1059.001, T1059.003, T1059.005, T1059.006, T1059.007",medium
810,AppLocker Prevented Application or Script from Running,windows,"T1204.002, T1059.001, T1059.003, T1059.005, T1059.006, T1059.007",medium
811,AppX Located in Known Staging Directory Added to Deployment Pipeline,windows,,high
812,AppX Located in Uncommon Directory Added to Deployment Pipeline,windows,,medium
813,AppX Package Deployment Failed Due to Signing Requirements,windows,,medium
814,AppX Package Installation Attempts Via AppInstaller.EXE,windows,T1105,medium
815,Arbitrary Binary Execution Using GUP Utility,windows,,medium
816,Arbitrary DLL or Csproj Code Execution Via Dotnet.EXE,windows,T1218,medium
817,Arbitrary File Download Via ConfigSecurityPolicy.EXE,windows,T1567,medium
818,Arbitrary File Download Via GfxDownloadWrapper.EXE,windows,T1105,medium
819,Arbitrary File Download Via IMEWDBLD.EXE,windows,T1218,high
820,Arbitrary File Download Via MSEDGE_PROXY.EXE,windows,T1218,medium
821,Arbitrary File Download Via MSOHTMED.EXE,windows,T1218,medium
822,Arbitrary File Download Via MSPUB.EXE,windows,T1218,medium
823,Arbitrary File Download Via PresentationHost.EXE,windows,T1218,medium
824,Arbitrary File Download Via Squirrel.EXE,windows,T1218,medium
825,Arbitrary MSI Download Via Devinit.EXE,windows,T1218,medium
826,Arbitrary Shell Command Execution Via Settingcontent-Ms,windows,"T1204, T1566.001",medium
827,Aruba Network Service Potential DLL Sideloading,windows,T1574.001,high
828,AspNetCompiler Execution,windows,T1127,medium
829,Assembly DLL Creation Via AspNetCompiler,windows,,medium
830,Assembly Loading Via CL_LoadAssembly.ps1,windows,T1216,medium
831,Atbroker Registry Change,windows,"T1218, T1547",medium
832,Atera Agent Installation,windows,T1219.002,high
833,Attempts of Kerberos Coercion Via DNS SPN Spoofing,windows,"T1557.001, T1187",high
834,Audio Capture via PowerShell,windows,T1123,medium
835,Audio Capture via SoundRecorder,windows,T1123,medium
836,Audit CVE Event,windows,"T1203, T1068, T1211, T1212, T1210, T1499.004",critical
837,Audit Policy Tampering Via Auditpol,windows,T1685.001,high
838,Audit Policy Tampering Via NT Resource Kit Auditpol,windows,T1685.001,high
839,Automated Collection Bookmarks Using Get-ChildItem PowerShell,windows,T1217,low
840,Automated Collection Command PowerShell,windows,T1119,medium
841,Automated Collection Command Prompt,windows,"T1119, T1552.001",medium
842,AWL Bypass with Winrm.vbs and Malicious WsmPty.xsl/WsmTxt.xsl,windows,T1216,medium
843,AWL Bypass with Winrm.vbs and Malicious WsmPty.xsl/WsmTxt.xsl - File,windows,T1216,medium
844,Azure AD Health Monitoring Agent Registry Keys Access,windows,T1012,medium
845,Azure AD Health Service Agents Registry Keys Access,windows,T1012,medium
846,BaaUpdate.exe Suspicious DLL Load,windows,"T1218, T1021.003",high
847,Backup Catalog Deleted,windows,T1070.004,medium
848,Backup Files Deleted,windows,T1490,medium
849,Bad Opsec Defaults Sacrificial Processes With Improper Arguments,windows,T1218.011,high
850,Bad Opsec Powershell Code Artifacts,windows,T1059.001,critical
851,Base64 Encoded PowerShell Command Detected,windows,"T1027, T1140, T1059.001",high
852,Base64 MZ Header In CommandLine,windows,,high
853,Binary Proxy Execution Via Dotnet-Trace.EXE,windows,T1218,medium
854,BitLockerTogo.EXE Execution,windows,T1218,low
855,BITS Transfer Job Download From Direct IP,windows,T1197,high
856,BITS Transfer Job Download From File Sharing Domains,windows,T1197,high
857,BITS Transfer Job Download To Potential Suspicious Folder,windows,T1197,high
858,BITS Transfer Job Downloading File Potential Suspicious Extension,windows,T1197,medium
859,BITS Transfer Job With Uncommon Or Suspicious Remote TLD,windows,T1197,medium
860,BloodHound Collection Files,windows,"T1087.001, T1087.002, T1482, T1069.001, T1069.002, T1059.001",high
861,Boot Configuration Tampering Via Bcdedit.EXE,windows,T1490,high
862,Browser Execution In Headless Mode,windows,"T1105, T1564.003",low
863,Browser Started with Remote Debugging,windows,T1185,medium
864,Bypass UAC Using DelegateExecute,windows,T1548.002,high
865,Bypass UAC Using Event Viewer,windows,T1547.010,high
866,Bypass UAC Using SilentCleanup Task,windows,T1548.002,high
867,Bypass UAC via CMSTP,windows,"T1548.002, T1218.003",high
868,Bypass UAC via Fodhelper.exe,windows,T1548.002,high
869,Bypass UAC via WSReset.exe,windows,T1548.002,high
870,C# IL Code Compilation Via Ilasm.EXE,windows,T1127,medium
871,Cab File Extraction Via Wusa.EXE From Potentially Suspicious Paths,windows,,high
872,Capture Credentials with Rpcping.exe,windows,T1003,medium
873,Certificate Exported From Local Certificate Store,windows,T1649,medium
874,Certificate Exported Via Certutil.EXE,windows,T1027,medium
875,Certificate Exported Via PowerShell,windows,"T1552.004, T1059.001",medium
876,Certificate Exported Via PowerShell - ScriptBlock,windows,T1552.004,medium
877,Certificate Private Key Acquired,windows,T1649,medium
878,Certificate Request Export to Exchange Webserver,windows,T1505.003,critical
879,Certificate Use With No Strong Mapping,windows,,medium
880,Change Default File Association To Executable Via Assoc,windows,T1546.001,high
881,Change Default File Association Via Assoc,windows,T1546.001,low
882,Change PowerShell Policies to an Insecure Level,windows,T1059.001,medium
883,Change PowerShell Policies to an Insecure Level - PowerShell,windows,T1059.001,medium
884,Change the Fax Dll,windows,T1112,high
885,Change User Account Associated with the FAX Service,windows,T1112,high
886,Change User Agents with WebRequest,windows,T1071.001,medium
887,Change Winevt Channel Access Permission Via Registry,windows,T1685.001,high
888,Changing Existing Service ImagePath Value Via Reg.EXE,windows,T1574.011,medium
889,Chopper Webshell Process Pattern,windows,"T1505.003, T1018, T1033, T1087",high
890,Chromium Browser Headless Execution To Mockbin Like Site,windows,,high
891,Chromium Browser Instance Executed With Custom Extension,windows,T1176.001,medium
892,Classes Autorun Keys Modification,windows,T1547.001,medium
893,Clear PowerShell History - PowerShell,windows,T1070.003,medium
894,Clear PowerShell History - PowerShell Module,windows,T1070.003,medium
895,Clearing Windows Console History,windows,"T1070, T1070.003",high
896,Clfs.SYS Loaded By Process Located In a Potential Suspicious Location,windows,T1059,medium
897,ClickOnce Trust Prompt Tampering,windows,T1112,medium
898,Cloudflared Portable Execution,windows,T1090.001,medium
899,Cloudflared Quick Tunnel Execution,windows,T1090.001,medium
900,Cloudflared Tunnel Connections Cleanup,windows,"T1102, T1090, T1572",medium
901,Cloudflared Tunnel Execution,windows,"T1102, T1090, T1572",medium
902,Cloudflared Tunnels Related DNS Requests,windows,"T1071.001, T1572",medium
903,CLR DLL Loaded Via Office Applications,windows,T1204.002,medium
904,Cmd Launched with Hidden Start Flags to Suspicious Targets,windows,T1564.003,medium
905,Cmd.EXE Missing Space Characters Execution Anomaly,windows,T1059.001,high
906,CMSTP App Paths Registry Key Modification,windows,T1218.003,high
907,CMSTP Execution Process Access,windows,"T1218.003, T1559.001",high
908,CMSTP Execution Process Creation,windows,T1218.003,high
909,CMSTP UAC Bypass via COM Object Access,windows,"T1548.002, T1218.003",high
910,CobaltStrike Load by Rundll32,windows,T1218.011,high
911,CobaltStrike Named Pipe,windows,T1055,critical
912,CobaltStrike Named Pipe Pattern Regex,windows,T1055,critical
913,CobaltStrike Named Pipe Patterns,windows,T1055,high
914,CobaltStrike Service Installations - Security,windows,"T1021.002, T1543.003, T1569.002",high
915,CobaltStrike Service Installations - System,windows,"T1021.002, T1543.003, T1569.002",critical
916,Code Executed Via Office Add-in XLL File,windows,T1137.006,high
917,Code Execution via Pcwutl.dll,windows,T1218.011,medium
918,CodeIntegrity - Blocked Driver Load With Revoked Certificate,windows,T1543,high
919,CodeIntegrity - Blocked Image Load With Revoked Certificate,windows,,high
920,CodeIntegrity - Blocked Image/Driver Load For Policy Violation,windows,T1543,high
921,CodeIntegrity - Disallowed File For Protected Processes Has Been Blocked,windows,,high
922,CodeIntegrity - Revoked Image Loaded,windows,,high
923,CodeIntegrity - Revoked Kernel Driver Loaded,windows,,high
924,CodeIntegrity - Unmet Signing Level Requirements By File Under Validation,windows,,low
925,CodeIntegrity - Unmet WHQL Requirements For Loaded Kernel Module,windows,,high
926,CodeIntegrity - Unsigned Image Loaded,windows,,high
927,CodeIntegrity - Unsigned Kernel Module Loaded,windows,,high
928,CodePage Modification Via MODE.COM To Russian Language,windows,T1036,medium
929,COM Hijack via Sdclt,windows,"T1546, T1548",high
930,COM Hijacking via TreatAs,windows,T1546.015,medium
931,COM Object Execution via Xwizard.EXE,windows,T1218,medium
932,COM Object Hijacking Via Modification Of Default System CLSID Default Value,windows,T1546.015,high
933,Command Line Execution with Suspicious URL and AppData Strings,windows,"T1059.003, T1059.001, T1105",medium
934,Common Autorun Keys Modification,windows,T1547.001,medium
935,Communication To LocaltoNet Tunneling Service Initiated,windows,"T1572, T1090, T1102",high
936,Communication To Ngrok Tunneling Service Initiated,windows,"T1567, T1568.002, T1572, T1090, T1102",high
937,Communication To Uncommon Destination Ports,windows,T1571,medium
938,Compress Data and Lock With Password for Exfiltration With 7-ZIP,windows,T1560.001,medium
939,Compress Data and Lock With Password for Exfiltration With WINZIP,windows,T1560.001,medium
940,Compressed File Creation Via Tar.EXE,windows,"T1560, T1560.001",low
941,Compressed File Extraction Via Tar.EXE,windows,"T1560, T1560.001",low
942,Computer Discovery And Export Via Get-ADComputer Cmdlet,windows,T1033,medium
943,Computer Discovery And Export Via Get-ADComputer Cmdlet - PowerShell,windows,T1033,medium
944,Computer Password Change Via Ksetup.EXE,windows,,medium
945,Computer System Reconnaissance Via Wmic.EXE,windows,T1047,medium
946,Conhost Spawned By Uncommon Parent Process,windows,T1059,medium
947,Conhost.exe CommandLine Path Traversal,windows,T1059.003,high
948,Console CodePage Lookup Via CHCP,windows,T1614.001,medium
949,Control Panel Items,windows,"T1218.002, T1546",high
950,ConvertTo-SecureString Cmdlet Usage Via CommandLine,windows,"T1027, T1059.001",medium
951,Copy .DMP/.DUMP Files From Remote Share Via Cmd.EXE,windows,,high
952,Copy From Or To Admin Share Or Sysvol Folder,windows,"T1039, T1048, T1021.002",medium
953,Copy From VolumeShadowCopy Via Cmd.EXE,windows,T1490,high
954,Copying Sensitive Files with Credential Data,windows,"T1003.002, T1003.003",high
955,Crash Dump Created By Operating System,windows,"T1003.002, T1005",medium
956,CrashControl CrashDump Disabled,windows,"T1564, T1112",medium
957,Create Volume Shadow Copy with Powershell,windows,T1003.003,high
958,Created Files by Microsoft Sync Center,windows,"T1055, T1218",medium
959,CreateDump Process Dump,windows,"T1036, T1003.001",high
960,Creation Exe for Service with Unquoted Path,windows,T1547.009,high
961,Creation of a Diagcab,windows,,medium
962,Creation of a Local Hidden User Account by Registry,windows,T1136.001,high
963,Creation Of a Suspicious ADS File Outside a Browser Download,windows,,medium
964,Creation Of Non-Existent System DLL,windows,T1574.001,medium
965,Creation of WerFault.exe/Wer.dll in Unusual Folder,windows,T1574.001,medium
966,Cred Dump Tools Dropped Files,windows,"T1003.001, T1003.002, T1003.003, T1003.004, T1003.005",high
967,Credential Dumping Activity By Python Based Tool,windows,T1003.001,high
968,Credential Dumping Attempt Via Svchost,windows,T1548,high
969,Credential Dumping Attempt Via WerFault,windows,T1003.001,high
970,Credential Dumping Tools Service Execution - Security,windows,"T1003.001, T1003.002, T1003.004, T1003.005, T1003.006, T1569.002",high
971,Credential Dumping Tools Service Execution - System,windows,"T1003.001, T1003.002, T1003.004, T1003.005, T1003.006, T1569.002",high
972,Credential Manager Access By Uncommon Applications,windows,T1003,medium
973,CredUI.DLL Loaded By Uncommon Process,windows,T1056.002,medium
974,Critical Hive In Suspicious Location Access Bits Cleared,windows,T1003.002,high
975,Csc.EXE Execution Form Potentially Suspicious Parent,windows,"T1059.005, T1059.007, T1218.005, T1027.004",high
976,Cscript/Wscript Potentially Suspicious Child Process,windows,,medium
977,Cscript/Wscript Uncommon Script Extension Execution,windows,"T1059.005, T1059.007",high
978,CSExec Service File Creation,windows,T1569.002,medium
979,CSExec Service Installation,windows,T1569.002,medium
980,Curl Download And Execute Combination,windows,"T1218, T1105",high
981,Curl File Upload To File Sharing Websites,windows,T1567.002,high
982,Curl Web Request With Potential Custom User-Agent,windows,,medium
983,CurrentControlSet Autorun Keys Modification,windows,T1547.001,medium
984,CurrentVersion Autorun Keys Modification,windows,T1547.001,medium
985,CurrentVersion NT Autorun Keys Modification,windows,T1547.001,medium
986,Custom File Open Handler Executes PowerShell,windows,T1202,high
987,Data Copied To Clipboard Via Clip.EXE,windows,T1115,low
988,Data Export From MSSQL Table Via BCP.EXE,windows,T1048,medium
989,DCERPC SMB Spoolss Named Pipe,windows,T1021.002,medium
990,DCOM InternetExplorer.Application Iertutil DLL Hijack - Security,windows,"T1021.002, T1021.003",high
991,Default RDP Port Changed to Non Standard Port,windows,T1547.010,high
992,Delete All Scheduled Tasks,windows,T1489,high
993,Delete Defender Scan ShellEx Context Menu Registry Key,windows,,medium
994,Delete Important Scheduled Task,windows,T1489,high
995,Delete Volume Shadow Copies Via WMI With PowerShell,windows,T1490,high
996,Deleted Data Overwritten Via Cipher.EXE,windows,T1485,medium
997,Deletion of Volume Shadow Copies via WMI with PowerShell,windows,T1490,high
998,Deletion of Volume Shadow Copies via WMI with PowerShell - PS Script,windows,T1490,high
999,Denied Access To Remote Desktop,windows,T1021.001,medium
1000,Deny Service Access Using Security Descriptor Tampering Via Sc.EXE,windows,T1543.003,high
1001,Deployment AppX Package Was Blocked By AppLocker,windows,,medium
1002,Deployment Of The AppX Package Was Blocked By The Policy,windows,,medium
1003,Desktop.INI Created by Uncommon Process,windows,T1547.009,medium
1004,Detected Windows Software Discovery,windows,T1518,medium
1005,Detected Windows Software Discovery - PowerShell,windows,T1518,medium
1006,Detection of PowerShell Execution via Sqlps.exe,windows,"T1059.001, T1127",medium
1007,Devcon Execution Disabling VMware VMCI Device,windows,"T1543.003, T1685",high
1008,Device Installation Blocked,windows,T1200,medium
1009,DeviceCredentialDeployment Execution,windows,T1218,medium
1010,Devtoolslauncher.exe Executes Specified Binary,windows,T1218,high
1011,DHCP Callout DLL Installation,windows,"T1574.001, T1112",high
1012,DHCP Server Error Failed Loading the CallOut DLL,windows,T1574.001,high
1013,DHCP Server Loaded the CallOut DLL,windows,T1574.001,high
1014,Diagnostic Library Sdiageng.DLL Loaded By Msdt.EXE,windows,T1202,high
1015,DiagTrackEoP Default Login Username,windows,,critical
1016,Direct Autorun Keys Modification,windows,T1547.001,medium
1017,Directory Removal Via Rmdir,windows,T1070.004,low
1018,Directory Service Restore Mode(DSRM) Registry Value Tampering,windows,T1556,high
1019,DirectorySearcher Powershell Exploitation,windows,T1018,medium
1020,DirLister Execution,windows,T1083,low
1021,Disable Administrative Share Creation at Startup,windows,T1070.005,medium
1022,Disable Exploit Guard Network Protection on Windows Defender,windows,T1685,medium
1023,Disable Important Scheduled Task,windows,T1489,high
1024,Disable Internal Tools or Feature in Registry,windows,T1112,medium
1025,Disable Macro Runtime Scan Scope,windows,,high
1026,Disable Microsoft Defender Firewall via Registry,windows,T1686.003,medium
1027,Disable of ETW Trace - Powershell,windows,"T1070, T1685",high
1028,Disable Powershell Command History,windows,T1070.003,high
1029,Disable Privacy Settings Experience in Registry,windows,T1685,medium
1030,Disable PUA Protection on Windows Defender,windows,T1685,high
1031,Disable Security Events Logging Adding Reg Key MiniNt,windows,"T1685.001, T1112",high
1032,Disable Tamper Protection on Windows Defender,windows,T1685,medium
1033,Disable Windows Defender AV Security Monitoring,windows,T1685,high
1034,Disable Windows Defender Functionalities Via Registry Keys,windows,T1685,high
1035,Disable Windows Event Logging Via Registry,windows,T1685.001,high
1036,Disable Windows Firewall by Registry,windows,T1686.003,medium
1037,Disable Windows IIS HTTP Logging,windows,T1685.001,high
1038,Disable Windows Security Center Notifications,windows,T1112,medium
1039,Disable-WindowsOptionalFeature Command PowerShell,windows,T1685,high
1040,Disabled IE Security Features,windows,T1685,high
1041,Disabled Volume Snapshots,windows,T1685,high
1042,Disabled Windows Defender Eventlog,windows,T1685,high
1043,Disabling Windows Defender WMI Autologger Session via Reg.exe,windows,T1685,high
1044,Discovery of a System Time,windows,T1124,low
1045,Diskshadow Script Mode - Execution From Potential Suspicious Location,windows,T1218,medium
1046,Diskshadow Script Mode - Uncommon Script Extension Execution,windows,T1218,medium
1047,Dism Remove Online Package,windows,T1685,medium
1048,Displaying Hidden Files Feature Disabled,windows,T1564.001,medium
1049,DLL Execution via Rasautou.exe,windows,T1218,medium
1050,DLL Execution Via Register-cimprovider.exe,windows,T1574,medium
1051,DLL Load By System Process From Suspicious Locations,windows,T1070,medium
1052,DLL Load via LSASS,windows,T1547.008,high
1053,DLL Loaded From Suspicious Location Via Cmspt.EXE,windows,T1218.003,high
1054,DLL Loaded via CertOC.EXE,windows,T1218,medium
1055,DLL Search Order Hijackig Via Additional Space in Path,windows,T1574.001,high
1056,DLL Sideloading by VMware Xfer Utility,windows,T1574.001,high
1057,DLL Sideloading Of ShellChromeAPI.DLL,windows,T1574.001,high
1058,Dllhost.EXE Execution Anomaly,windows,T1055,high
1059,DllUnregisterServer Function Call Via Msiexec.EXE,windows,T1218.007,medium
1060,DMSA Link Attributes Modified,windows,"T1078.002, T1098",low
1061,DMSA Service Account Created in Specific OUs - PowerShell,windows,"T1078.002, T1098",medium
1062,DNS Exfiltration and Tunneling Tools Execution,windows,"T1048.001, T1071.004, T1132.001",high
1063,DNS HybridConnectionManager Service Bus,windows,T1554,high
1064,DNS Query by Finger Utility,windows,"T1071.004, T1059.003",high
1065,DNS Query for Anonfiles.com Domain - DNS Client,windows,T1567.002,high
1066,DNS Query for Anonfiles.com Domain - Sysmon,windows,T1567.002,high
1067,DNS Query Request By QuickAssist.EXE,windows,"T1071.001, T1210",low
1068,DNS Query Request By Regsvr32.EXE,windows,"T1559.001, T1218.010",medium
1069,DNS Query Request To OneLaunch Update Service,windows,T1056,low
1070,DNS Query To AzureWebsites.NET By Non-Browser Process,windows,T1219.002,medium
1071,DNS Query To Common Malware Hosting and Shortener Services,windows,T1071.004,medium
1072,DNS Query To Devtunnels Domain,windows,"T1071.001, T1572",medium
1073,DNS Query To MEGA Hosting Website,windows,T1567.002,medium
1074,DNS Query To MEGA Hosting Website - DNS Client,windows,T1567.002,medium
1075,DNS Query To Put.io - DNS Client,windows,,medium
1076,DNS Query To Remote Access Software Domain From Non-Browser App,windows,T1219.002,medium
1077,DNS Query To Ufile.io,windows,T1567.002,low
1078,DNS Query To Ufile.io - DNS Client,windows,T1567.002,low
1079,DNS Query To Visual Studio Code Tunnels Domain,windows,T1071.001,medium
1080,DNS Query Tor .Onion Address - Sysmon,windows,T1090.003,high
1081,DNS Server Discovery Via LDAP Query,windows,T1482,low
1082,DNS Server Error Failed Loading the ServerLevelPluginDLL,windows,T1574.001,high
1083,DNS-over-HTTPS Enabled by Registry,windows,"T1140, T1112",medium
1084,Domain Trust Discovery Via Dsquery,windows,T1482,medium
1085,DotNET Assembly DLL Loaded Via Office Application,windows,T1204.002,medium
1086,DotNet CLR DLL Loaded By Scripting Applications,windows,T1055,high
1087,DPAPI Backup Keys And Certificate Export Activity IOC,windows,"T1555, T1552.004",high
1088,DPAPI Domain Backup Key Extraction,windows,T1003.004,high
1089,DPAPI Domain Master Key Backup Attempt,windows,T1003.004,medium
1090,Driver Added To Disallowed Images In HVCI - Registry,windows,,high
1091,Driver Load From A Temporary Directory,windows,T1543.003,high
1092,Driver/DLL Installation Via Odbcconf.EXE,windows,T1218.008,medium
1093,DriverQuery.EXE Execution,windows,,medium
1094,Drop Binaries Into Spool Drivers Color Folder,windows,,medium
1095,Dropping Of Password Filter DLL,windows,T1556.002,medium
1096,DSInternals Suspicious PowerShell Cmdlets,windows,T1059.001,high
1097,DSInternals Suspicious PowerShell Cmdlets - ScriptBlock,windows,T1059.001,high
1098,Dump Credentials from Windows Credential Manager With PowerShell,windows,T1555,medium
1099,Dump Ntds.dit To Suspicious Location,windows,,medium
1100,Dumping of Sensitive Hives Via Reg.EXE,windows,"T1003.002, T1003.004, T1003.005",high
1101,Dumping Process via Sqldumper.exe,windows,T1003.001,medium
1102,DumpMinitool Execution,windows,"T1036, T1003.001",medium
1103,DumpStack.log Defender Evasion,windows,,critical
1104,Dynamic .NET Compilation Via Csc.EXE,windows,T1027.004,medium
1105,Dynamic CSharp Compile Artefact,windows,T1027.004,low
1106,Elevated System Shell Spawned From Uncommon Parent Location,windows,T1059,medium
1107,Email Exifiltration Via Powershell,windows,,high
1108,Enable LM Hash Storage,windows,T1112,high
1109,Enable LM Hash Storage - ProcCreation,windows,T1112,high
1110,Enable Local Manifest Installation With Winget,windows,,medium
1111,Enable Microsoft Dynamic Data Exchange,windows,T1559.002,medium
1112,Enable Remote Connection Between Anonymous Computer - AllowAnonymousCallback,windows,T1685,medium
1113,Enable Windows Remote Management,windows,T1021.006,medium
1114,Enabled User Right in AD to Control User Objects,windows,T1098,high
1115,Enabling COR Profiler Environment Variables,windows,T1574.012,medium
1116,Enumerate All Information With Whoami.EXE,windows,T1033,medium
1117,Enumerate Credentials from Windows Credential Manager With PowerShell,windows,T1555,medium
1118,Enumeration for 3rd Party Creds From CLI,windows,T1552.002,medium
1119,Enumeration for Credentials in Registry,windows,T1552.002,medium
1120,Esentutl Gather Credentials,windows,"T1003, T1003.003",medium
1121,Esentutl Steals Browser Information,windows,T1005,medium
1122,Esentutl Volume Shadow Copy Service Keys,windows,T1003.002,high
1123,ETW Logging Disabled For rpcrt4.dll,windows,"T1112, T1685",low
1124,ETW Logging Disabled For SCM,windows,"T1112, T1685",low
1125,ETW Logging Disabled In .NET Processes - Registry,windows,"T1112, T1685",high
1126,ETW Logging Disabled In .NET Processes - Sysmon Registry,windows,"T1112, T1685",high
1127,ETW Logging Tamper In .NET Processes Via CommandLine,windows,T1685,high
1128,ETW Logging/Processing Option Disabled On IIS Server,windows,"T1685.001, T1505.004",medium
1129,ETW Trace Evasion Activity,windows,"T1070, T1685",high
1130,Eventlog Cleared,windows,T1685.005,medium
1131,EventLog EVTX File Deleted,windows,T1070,medium
1132,EVTX Created In Uncommon Location,windows,T1685.001,medium
1133,Exchange PowerShell Cmdlet History Deleted,windows,T1070,high
1134,Exchange PowerShell Snap-Ins Usage,windows,"T1059.001, T1114",high
1135,Exchange Set OabVirtualDirectory ExternalUrl Property,windows,T1505.003,high
1136,Execute Code with Pester.bat,windows,"T1059.001, T1216",medium
1137,Execute Code with Pester.bat as Parent,windows,"T1059.001, T1216",medium
1138,Execute Files with Msdeploy.exe,windows,T1218,medium
1139,Execute From Alternate Data Streams,windows,T1564.004,medium
1140,Execute Invoke-command on Remote Host,windows,T1021.006,medium
1141,Execute Pcwrun.EXE To Leverage Follina,windows,T1218,high
1142,Execution DLL of Choice Using WAB.EXE,windows,T1218,high
1143,Execution Of Non-Existing File,windows,T1055,high
1144,Execution of Powershell Script in Public Folder,windows,T1059.001,high
1145,Execution of Suspicious File Type Extension,windows,,medium
1146,Execution via stordiag.exe,windows,T1218,high
1147,Execution via WorkFolders.exe,windows,T1218,high
1148,Explorer NOUACCHECK Flag,windows,T1548.002,high
1149,Explorer Process Tree Break,windows,T1036,medium
1150,Exports Critical Registry Keys To a File,windows,T1012,high
1151,Exports Registry Key To a File,windows,T1012,low
1152,Exports Registry Key To an Alternate Data Stream,windows,T1564.004,high
1153,External Disk Drive Or USB Storage Device Was Recognized By The System,windows,"T1091, T1200",low
1154,External Remote RDP Logon from Public IP,windows,"T1133, T1078, T1110",medium
1155,External Remote SMB Logon from Public IP,windows,"T1133, T1078, T1110",high
1156,Extracting Information with PowerShell,windows,T1552.001,medium
1157,Failed Code Integrity Checks,windows,T1027.001,informational
1158,Failed DNS Zone Transfer,windows,T1590.002,medium
1159,Failed Event Log Clear Via WMI NTEventLogFile ClearEventLog,windows,T1685.005,medium
1160,Failed Logon From Public IP,windows,"T1078, T1190, T1133",medium
1161,Failed MSExchange Transport Agent Installation,windows,T1505.002,high
1162,Fax Service DLL Search Order Hijack,windows,T1574.001,high
1163,File Access Of Signal Desktop Sensitive Data,windows,T1003,medium
1164,File And SubFolder Enumeration Via Dir Command,windows,T1217,low
1165,File Creation In Suspicious Directory By Msdt.EXE,windows,T1547.001,high
1166,File Decoded From Base64/Hex Via Certutil.EXE,windows,T1027,high
1167,File Decryption Using Gpg4win,windows,,medium
1168,File Deleted Via Sysinternals SDelete,windows,T1070.004,medium
1169,File Deletion Via Del,windows,T1070.004,low
1170,File Download And Execution Via IEExec.EXE,windows,T1105,high
1171,File Download From Browser Process Via Inline URL,windows,T1105,medium
1172,File Download From IP Based URL Via CertOC.EXE,windows,T1105,high
1173,File Download From IP URL Via Curl.EXE,windows,,medium
1174,File Download Using Notepad++ GUP Utility,windows,T1105,high
1175,File Download Using ProtocolHandler.exe,windows,T1218,medium
1176,File Download Via Bitsadmin,windows,"T1197, T1036.003, T1105",medium
1177,File Download Via Bitsadmin To A Suspicious Target Folder,windows,"T1197, T1036.003, T1105",high
1178,File Download via CertOC.EXE,windows,T1105,medium
1179,File Download Via InstallUtil.EXE,windows,T1218,medium
1180,File Download Via Windows Defender MpCmpRun.EXE,windows,"T1218, T1105",high
1181,File Download with Headless Browser,windows,"T1105, T1564.003",high
1182,File Encoded To Base64 Via Certutil.EXE,windows,T1027,medium
1183,File Encryption Using Gpg4win,windows,,medium
1184,File Encryption/Decryption Via Gpg4win From Suspicious Locations,windows,,high
1185,File Explorer Folder Opened Using Explorer Folder Shortcut Via Shell,windows,T1135,high
1186,File In Suspicious Location Encoded To Base64 Via Certutil.EXE,windows,T1027,high
1187,File Recovery From Backup Via Wbadmin.EXE,windows,T1490,medium
1188,File With Suspicious Extension Downloaded Via Bitsadmin,windows,"T1197, T1036.003, T1105",high
1189,File With Uncommon Extension Created By An Office Application,windows,T1204.002,high
1190,FileFix - Command Evidence in TypedPaths,windows,T1204.004,high
1191,Files Added To An Archive Using Rar.EXE,windows,T1560.001,low
1192,Files With System DLL Name In Unsuspected Locations,windows,T1036.005,medium
1193,Files With System Process Name In Unsuspected Locations,windows,T1036.005,medium
1194,Filter Driver Unloaded Via Fltmc.EXE,windows,"T1070, T1685, T1685.001",medium
1195,Findstr GPP Passwords,windows,T1552.006,high
1196,Findstr Launching .lnk File,windows,"T1036, T1202, T1027.003",medium
1197,Finger.EXE Execution,windows,T1105,high
1198,Firewall Configuration Discovery Via Netsh.EXE,windows,T1016,low
1199,Firewall Disabled via Netsh.EXE,windows,T1686.003,medium
1200,Firewall Rule Deleted Via Netsh.EXE,windows,T1686.003,medium
1201,Firewall Rule Update Via Netsh.EXE,windows,,medium
1202,First Time Seen Remote Named Pipe,windows,T1021.002,high
1203,Folder Compress To Potentially Suspicious Output Via Compress-Archive Cmdlet,windows,T1074.001,medium
1204,Folder Removed From Exploit Guard ProtectedFolders List - Registry,windows,T1685,high
1205,Forfiles Command Execution,windows,T1059,medium
1206,Forfiles.EXE Child Process Masquerading,windows,T1036,high
1207,Fsutil Drive Enumeration,windows,T1120,low
1208,Fsutil Suspicious Invocation,windows,"T1070, T1485",high
1209,Function Call From Undocumented COM Interface EditionUpgradeManager,windows,T1548.002,medium
1210,GAC DLL Loaded Via Office Applications,windows,T1204.002,high
1211,GatherNetworkInfo.VBS Reconnaissance Script Output,windows,,medium
1212,Get-ADUser Enumeration Using UserAccountControl Flags,windows,T1033,medium
1213,Github Self-Hosted Runner Execution,windows,"T1102.002, T1071",medium
1214,GoToAssist Temporary Installation Artefact,windows,T1219.002,medium
1215,Gpresult Display Group Policy Information,windows,T1615,medium
1216,Gpscript Execution,windows,T1218,medium
1217,Greedy File Deletion Using Del,windows,T1070.004,medium
1218,Group Membership Reconnaissance Via Whoami.EXE,windows,T1033,medium
1219,Group Policy Abuse for Privilege Addition,windows,T1484.001,medium
1220,Gzip Archive Decode Via PowerShell,windows,T1132.001,medium
1221,HackTool - ADCSPwn Execution,windows,T1557.001,high
1222,HackTool - Bloodhound/Sharphound Execution,windows,"T1087.001, T1087.002, T1482, T1069.001, T1069.002, T1059.001",high
1223,HackTool - CACTUSTORCH Remote Thread Creation,windows,"T1055.012, T1059.005, T1059.007, T1218.005",high
1224,HackTool - Certify Execution,windows,T1649,high
1225,HackTool - Certipy Execution,windows,T1649,high
1226,HackTool - CobaltStrike BOF Injection Pattern,windows,"T1106, T1685",high
1227,HackTool - CoercedPotato Execution,windows,T1055,high
1228,HackTool - CoercedPotato Named Pipe Creation,windows,T1055,high
1229,HackTool - Covenant PowerShell Launcher,windows,"T1059.001, T1564.003",high
1230,HackTool - CrackMapExec Execution,windows,"T1047, T1053, T1059.003, T1059.001, T1110, T1201",high
1231,HackTool - CrackMapExec Execution Patterns,windows,"T1047, T1053, T1059.003, T1059.001",high
1232,HackTool - CrackMapExec File Indicators,windows,T1003.001,high
1233,HackTool - CrackMapExec PowerShell Obfuscation,windows,"T1059.001, T1027.005",high
1234,HackTool - CrackMapExec Process Patterns,windows,T1003.001,high
1235,HackTool - CreateMiniDump Execution,windows,T1003.001,high
1236,HackTool - Credential Dumping Tools Named Pipe Created,windows,"T1003.001, T1003.002, T1003.004, T1003.005",critical
1237,HackTool - Default PowerSploit/Empire Scheduled Task Creation,windows,"T1053.005, T1059.001",high
1238,HackTool - DiagTrackEoP Default Named Pipe,windows,,critical
1239,HackTool - DInjector PowerShell Cradle Execution,windows,T1055,critical
1240,HackTool - Doppelanger LSASS Dumper Execution,windows,T1003.001,high
1241,HackTool - Dumpert Process Dumper Default File,windows,T1003.001,critical
1242,HackTool - Dumpert Process Dumper Execution,windows,T1003.001,critical
1243,Hacktool - EDR-Freeze Execution,windows,T1685,high
1244,HackTool - EDRSilencer Execution,windows,T1685,high
1245,HackTool - EDRSilencer Execution - Filter Added,windows,T1685,high
1246,HackTool - EfsPotato Named Pipe Creation,windows,T1055,high
1247,HackTool - Empire PowerShell Launch Parameters,windows,T1059.001,high
1248,HackTool - Empire PowerShell UAC Bypass,windows,T1548.002,critical
1249,HackTool - Evil-WinRm Execution - PowerShell Module,windows,,high
1250,HackTool - F-Secure C3 Load by Rundll32,windows,T1218.011,critical
1251,HackTool - Generic Process Access,windows,T1003.001,high
1252,HackTool - GMER Rootkit Detector and Remover Execution,windows,,high
1253,HackTool - HandleKatz Duplicating LSASS Handle,windows,"T1106, T1003.001",high
1254,HackTool - HandleKatz LSASS Dumper Execution,windows,T1003.001,high
1255,HackTool - Hashcat Password Cracker Execution,windows,T1110.002,high
1256,HackTool - HollowReaper Execution,windows,T1055.012,high
1257,HackTool - Htran/NATBypass Execution,windows,T1090,high
1258,HackTool - Hydra Password Bruteforce Execution,windows,"T1110, T1110.001",high
1259,HackTool - Impacket File Indicators,windows,T1003.001,high
1260,HackTool - Impacket Tools Execution,windows,T1557.001,high
1261,HackTool - Impersonate Execution,windows,"T1134.001, T1134.003",medium
1262,HackTool - Inveigh Execution,windows,T1003.001,critical
1263,HackTool - Inveigh Execution Artefacts,windows,T1219.002,critical
1264,HackTool - Jlaive In-Memory Assembly Execution,windows,T1059.003,medium
1265,HackTool - Koadic Execution,windows,"T1059.003, T1059.005, T1059.007",high
1266,HackTool - Koh Default Named Pipe,windows,"T1528, T1134.001",critical
1267,HackTool - KrbRelay Execution,windows,T1558.003,high
1268,HackTool - KrbRelayUp Execution,windows,"T1558.003, T1550.003",high
1269,HackTool - LaZagne Execution,windows,,medium
1270,HackTool - LittleCorporal Generated Maldoc Injection,windows,"T1204.002, T1055.003",high
1271,HackTool - LocalPotato Execution,windows,,high
1272,HackTool - Mimikatz Execution,windows,"T1003.001, T1003.002, T1003.004, T1003.005, T1003.006",high
1273,HackTool - Mimikatz Kirbi File Creation,windows,T1558,critical
1274,HackTool - NetExec Execution,windows,"T1018, T1021",high
1275,HackTool - NetExec File Indicators,windows,"T1021.002, T1059.005",high
1276,HackTool - NoFilter Execution,windows,"T1134, T1134.001",high
1277,HackTool - NPPSpy Hacktool Usage,windows,,high
1278,HackTool - PCHunter Execution,windows,"T1082, T1057, T1012, T1083, T1007",high
1279,HackTool - Potential CobaltStrike Process Injection,windows,T1055.001,high
1280,HackTool - Potential Impacket Lateral Movement Activity,windows,"T1047, T1021.003",high
1281,HackTool - Potential Remote Credential Dumping Activity Via CrackMapExec Or Impacket-Secretsdump,windows,T1003,high
1282,HackTool - PowerTool Execution,windows,T1685,high
1283,HackTool - Powerup Write Hijack DLL,windows,T1574.001,high
1284,HackTool - PPID Spoofing SelectMyParent Tool Execution,windows,T1134.004,high
1285,HackTool - PurpleSharp Execution,windows,T1587,critical
1286,HackTool - Pypykatz Credentials Dumping Activity,windows,T1003.002,high
1287,HackTool - Quarks PwDump Execution,windows,T1003.002,high
1288,HackTool - QuarksPwDump Dump File,windows,T1003.002,critical
1289,HackTool - RedMimicry Winnti Playbook Execution,windows,"T1106, T1059.003, T1218.011",high
1290,HackTool - RemoteKrbRelay Execution,windows,T1558.003,high
1291,HackTool - RemoteKrbRelay SMB Relay Secrets Dump Module Indicators,windows,T1219.002,high
1292,HackTool - Rubeus Execution,windows,"T1003, T1558.003, T1550.003",critical
1293,HackTool - Rubeus Execution - ScriptBlock,windows,"T1003, T1558.003, T1550.003",high
1294,HackTool - SafetyKatz Dump Indicator,windows,T1003.001,high
1295,HackTool - SafetyKatz Execution,windows,T1003.001,critical
1296,HackTool - SecurityXploded Execution,windows,T1555,critical
1297,HackTool - SharpChisel Execution,windows,T1090.001,high
1298,HackTool - SharpDPAPI Execution,windows,"T1134.001, T1134.003",high
1299,HackTool - SharPersist Execution,windows,T1053,high
1300,HackTool - SharpEvtMute DLL Load,windows,T1685.001,high
1301,HackTool - SharpEvtMute Execution,windows,T1685.001,high
1302,HackTool - SharpImpersonation Execution,windows,"T1134.001, T1134.003",high
1303,HackTool - SharpLDAPmonitor Execution,windows,,medium
1304,HackTool - SharpLdapWhoami Execution,windows,T1033,high
1305,HackTool - SharpMove Tool Execution,windows,T1021.002,high
1306,HackTool - SharpUp PrivEsc Tool Execution,windows,"T1615, T1569.002, T1574.005",critical
1307,HackTool - SharpView Execution,windows,"T1049, T1069.002, T1482, T1135, T1033",high
1308,HackTool - SharpWSUS/WSUSpendu Execution,windows,T1210,high
1309,HackTool - SILENTTRINITY Stager DLL Load,windows,T1071,high
1310,HackTool - SILENTTRINITY Stager Execution,windows,T1071,high
1311,HackTool - Sliver C2 Implant Activity Pattern,windows,T1059,critical
1312,HackTool - SOAPHound Execution,windows,T1087,high
1313,HackTool - Stracciatella Execution,windows,"T1059, T1685",high
1314,HackTool - SysmonEnte Execution,windows,T1685.001,high
1315,HackTool - SysmonEOP Execution,windows,T1068,critical
1316,HackTool - TruffleSnout Execution,windows,T1482,high
1317,HackTool - Typical HiveNightmare SAM File Export,windows,T1552.001,high
1318,HackTool - UACMe Akagi Execution,windows,T1548.002,high
1319,HackTool - Windows Credential Editor (WCE) Execution,windows,T1003.001,critical
1320,HackTool - winPEAS Execution,windows,"T1082, T1087, T1046",high
1321,HackTool - WinPwn Execution,windows,"T1046, T1082, T1106, T1518, T1548.002, T1552.001, T1555, T1555.003",high
1322,HackTool - WinPwn Execution - ScriptBlock,windows,"T1046, T1082, T1106, T1518, T1548.002, T1552.001, T1555, T1555.003",high
1323,HackTool - WinRM Access Via Evil-WinRM,windows,T1021.006,medium
1324,HackTool - Wmiexec Default Powershell Command,windows,,high
1325,HackTool - WSASS Execution,windows,T1003.001,high
1326,HackTool - XORDump Execution,windows,"T1036, T1003.001",high
1327,Hacktool Execution - Imphash,windows,"T1588.002, T1003",critical
1328,Hacktool Execution - PE Metadata,windows,"T1588.002, T1003",high
1329,HackTool Named File Stream Created,windows,T1564.004,high
1330,Hacktool Ruler,windows,"T1087, T1114, T1059, T1550.002",high
1331,HackTool Service Registration or Execution,windows,T1569.002,high
1332,Hardware Model Reconnaissance Via Wmic.EXE,windows,T1047,medium
1333,Harvesting Of Wifi Credentials Via Netsh.EXE,windows,T1040,medium
1334,HH.EXE Execution,windows,T1218.001,low
1335,Hidden Executable In NTFS Alternate Data Stream,windows,T1564.004,medium
1336,Hidden Local User Creation,windows,T1136.001,high
1337,Hidden Powershell in Link File Pattern,windows,T1059.001,medium
1338,Hide Schedule Task Via Index Value Tamper,windows,T1685,high
1339,Hiding Files with Attrib.exe,windows,T1564.001,medium
1340,Hiding User Account Via SpecialAccounts Registry Key,windows,T1564.002,high
1341,Hiding User Account Via SpecialAccounts Registry Key - CommandLine,windows,T1564.002,medium
1342,Hijack Legit RDP Session to Move Laterally,windows,T1219.002,high
1343,HKTL - SharpSuccessor Privilege Escalation Tool Execution,windows,T1068,high
1344,HTML Help HH.EXE Suspicious Child Process,windows,"T1047, T1059.001, T1059.003, T1059.005, T1059.007, T1218, T1218.001, T1218.010, T1218.011, T1566, T1566.001",high
1345,HTTP Logging Disabled On IIS Server,windows,"T1685.001, T1505.004",high
1346,HybridConnectionManager Service Installation,windows,T1554,high
1347,HybridConnectionManager Service Installation - Registry,windows,T1608,high
1348,HybridConnectionManager Service Running,windows,T1554,high
1349,Hypervisor Enforced Paging Translation Disabled,windows,T1685,high
1350,Hypervisor-protected Code Integrity (HVCI) Related Registry Tampering Via CommandLine,windows,T1685,high
1351,IE Change Domain Zone,windows,T1137,medium
1352,IE ZoneMap Setting Downgraded To MyComputer Zone For HTTP Protocols,windows,,high
1353,IE ZoneMap Setting Downgraded To MyComputer Zone For HTTP Protocols Via CLI,windows,,high
1354,Ie4uinit Lolbin Use From Invalid Path,windows,T1218,medium
1355,IIS Native-Code Module Command Line Installation,windows,T1505.003,medium
1356,IIS WebServer Access Logs Deleted,windows,T1070,medium
1357,IIS WebServer Log Deletion via CommandLine Utilities,windows,T1070,medium
1358,ImagingDevices Unusual Parent/Child Processes,windows,,high
1359,Impacket PsExec Execution,windows,T1021.002,high
1360,Import LDAP Data Interchange Format File Via Ldifde.EXE,windows,"T1218, T1105",medium
1361,Import PowerShell Modules From Suspicious Directories,windows,T1059.001,medium
1362,Import PowerShell Modules From Suspicious Directories - ProcCreation,windows,T1059.001,medium
1363,Important Scheduled Task Deleted or Disabled,windows,T1489,high
1364,Important Scheduled Task Deleted/Disabled,windows,T1053.005,high
1365,Important Windows Event Auditing Disabled,windows,T1685.001,high
1366,Important Windows Eventlog Cleared,windows,T1685.005,high
1367,Important Windows Service Terminated Unexpectedly,windows,,high
1368,Important Windows Service Terminated With Error,windows,,high
1369,Imports Registry Key From a File,windows,T1112,medium
1370,Imports Registry Key From an ADS,windows,T1112,high
1371,Indirect Command Execution By Program Compatibility Wizard,windows,T1218,low
1372,Indirect Command Execution From Script File Via Bash.EXE,windows,T1202,medium
1373,Indirect Command Execution via SFTP ProxyCommand,windows,T1202,medium
1374,Indirect Inline Command Execution Via Bash.EXE,windows,T1202,medium
1375,InfDefaultInstall.exe .inf Execution,windows,T1218,medium
1376,Insecure Proxy/DOH Transfer Via Curl.EXE,windows,,medium
1377,Insecure Transfer Via Curl.EXE,windows,,medium
1378,Insensitive Subfolder Search Via Findstr.EXE,windows,"T1218, T1564.004, T1552.001, T1105",low
1379,Install New Package Via Winget Local Manifest,windows,T1059,medium
1380,Installation of TeamViewer Desktop,windows,T1219.002,medium
1381,Installation of WSL Kali-Linux,windows,T1059,high
1382,Interactive AT Job,windows,T1053.002,high
1383,Interesting Service Enumeration Via Sc.EXE,windows,T1003,low
1384,Internet Explorer Autorun Keys Modification,windows,T1547.001,medium
1385,Internet Explorer DisableFirstRunCustomize Enabled,windows,,medium
1386,Invocation of Active Directory Diagnostic Tool (ntdsutil.exe),windows,T1003.003,medium
1387,Invoke-Obfuscation CLIP+ Launcher,windows,"T1027, T1059.001",high
1388,Invoke-Obfuscation CLIP+ Launcher - PowerShell,windows,"T1027, T1059.001",high
1389,Invoke-Obfuscation CLIP+ Launcher - PowerShell Module,windows,"T1027, T1059.001",high
1390,Invoke-Obfuscation CLIP+ Launcher - Security,windows,"T1027, T1059.001",high
1391,Invoke-Obfuscation CLIP+ Launcher - System,windows,"T1027, T1059.001",high
1392,Invoke-Obfuscation COMPRESS OBFUSCATION,windows,"T1027, T1059.001",medium
1393,Invoke-Obfuscation COMPRESS OBFUSCATION - PowerShell,windows,"T1027, T1059.001",medium
1394,Invoke-Obfuscation COMPRESS OBFUSCATION - PowerShell Module,windows,"T1027, T1059.001",medium
1395,Invoke-Obfuscation COMPRESS OBFUSCATION - Security,windows,"T1027, T1059.001",medium
1396,Invoke-Obfuscation COMPRESS OBFUSCATION - System,windows,"T1027, T1059.001",medium
1397,Invoke-Obfuscation Obfuscated IEX Invocation,windows,"T1027, T1059.001",high
1398,Invoke-Obfuscation Obfuscated IEX Invocation - PowerShell,windows,"T1027, T1059.001",high
1399,Invoke-Obfuscation Obfuscated IEX Invocation - PowerShell Module,windows,"T1027, T1059.001",high
1400,Invoke-Obfuscation Obfuscated IEX Invocation - Security,windows,T1027,high
1401,Invoke-Obfuscation Obfuscated IEX Invocation - System,windows,T1027,high
1402,Invoke-Obfuscation RUNDLL LAUNCHER - PowerShell,windows,"T1027, T1059.001",medium
1403,Invoke-Obfuscation RUNDLL LAUNCHER - PowerShell Module,windows,"T1027, T1059.001",medium
1404,Invoke-Obfuscation RUNDLL LAUNCHER - Security,windows,"T1027, T1059.001",medium
1405,Invoke-Obfuscation RUNDLL LAUNCHER - System,windows,"T1027, T1059.001",medium
1406,Invoke-Obfuscation STDIN+ Launcher,windows,"T1027, T1059.001",high
1407,Invoke-Obfuscation STDIN+ Launcher - Powershell,windows,"T1027, T1059.001",high
1408,Invoke-Obfuscation STDIN+ Launcher - PowerShell Module,windows,"T1027, T1059.001",high
1409,Invoke-Obfuscation STDIN+ Launcher - Security,windows,"T1027, T1059.001",high
1410,Invoke-Obfuscation STDIN+ Launcher - System,windows,"T1027, T1059.001",high
1411,Invoke-Obfuscation VAR+ Launcher,windows,"T1027, T1059.001",high
1412,Invoke-Obfuscation VAR+ Launcher - PowerShell,windows,"T1027, T1059.001",high
1413,Invoke-Obfuscation VAR+ Launcher - PowerShell Module,windows,"T1027, T1059.001",high
1414,Invoke-Obfuscation VAR+ Launcher - Security,windows,"T1027, T1059.001",high
1415,Invoke-Obfuscation VAR+ Launcher - System,windows,"T1027, T1059.001",high
1416,Invoke-Obfuscation VAR++ LAUNCHER OBFUSCATION,windows,"T1027, T1059.001",high
1417,Invoke-Obfuscation VAR++ LAUNCHER OBFUSCATION - PowerShell,windows,"T1027, T1059.001",high
1418,Invoke-Obfuscation VAR++ LAUNCHER OBFUSCATION - PowerShell Module,windows,"T1027, T1059.001",high
1419,Invoke-Obfuscation VAR++ LAUNCHER OBFUSCATION - Security,windows,"T1027, T1059.001",high
1420,Invoke-Obfuscation VAR++ LAUNCHER OBFUSCATION - System,windows,"T1027, T1059.001",high
1421,Invoke-Obfuscation Via Stdin,windows,"T1027, T1059.001",high
1422,Invoke-Obfuscation Via Stdin - Powershell,windows,"T1027, T1059.001",high
1423,Invoke-Obfuscation Via Stdin - PowerShell Module,windows,"T1027, T1059.001",high
1424,Invoke-Obfuscation Via Stdin - Security,windows,"T1027, T1059.001",high
1425,Invoke-Obfuscation Via Stdin - System,windows,"T1027, T1059.001",high
1426,Invoke-Obfuscation Via Use Clip,windows,"T1027, T1059.001",high
1427,Invoke-Obfuscation Via Use Clip - Powershell,windows,"T1027, T1059.001",high
1428,Invoke-Obfuscation Via Use Clip - PowerShell Module,windows,"T1027, T1059.001",high
1429,Invoke-Obfuscation Via Use Clip - Security,windows,"T1027, T1059.001",high
1430,Invoke-Obfuscation Via Use Clip - System,windows,"T1027, T1059.001",high
1431,Invoke-Obfuscation Via Use MSHTA,windows,"T1027, T1059.001",high
1432,Invoke-Obfuscation Via Use MSHTA - PowerShell,windows,"T1027, T1059.001",high
1433,Invoke-Obfuscation Via Use MSHTA - PowerShell Module,windows,"T1027, T1059.001",high
1434,Invoke-Obfuscation Via Use MSHTA - Security,windows,"T1027, T1059.001",high
1435,Invoke-Obfuscation Via Use MSHTA - System,windows,"T1027, T1059.001",high
1436,Invoke-Obfuscation Via Use Rundll32 - PowerShell,windows,"T1027, T1059.001",high
1437,Invoke-Obfuscation Via Use Rundll32 - PowerShell Module,windows,"T1027, T1059.001",high
1438,Invoke-Obfuscation Via Use Rundll32 - Security,windows,"T1027, T1059.001",high
1439,Invoke-Obfuscation Via Use Rundll32 - System,windows,"T1027, T1059.001",high
1440,ISATAP Router Address Was Set,windows,"T1557, T1565.002",medium
1441,ISO File Created Within Temp Folders,windows,T1566.001,high
1442,ISO Image Mounted,windows,T1566.001,medium
1443,ISO or Image Mount Indicator in Recent Files,windows,T1566.001,medium
1444,Java Running with Remote Debugging,windows,T1203,medium
1445,JScript Compiler Execution,windows,T1127,low
1446,Kavremover Dropped Binary LOLBIN Usage,windows,T1127,high
1447,Kerberoasting Activity - Initial Query,windows,T1558.003,medium
1448,Kerberos Manipulation,windows,T1212,high
1449,Kernel Memory Dump Via LiveKD,windows,,high
1450,KrbRelayUp Service Installation,windows,T1543,high
1451,Launch-VsDevShell.PS1 Proxy Execution,windows,T1216.001,medium
1452,Legitimate Application Dropped Archive,windows,T1218,high
1453,Legitimate Application Dropped Executable,windows,T1218,high
1454,Legitimate Application Dropped Script,windows,T1218,high
1455,Legitimate Application Writing Files In Uncommon Location,windows,"T1218, T1105",high
1456,Live Memory Dump Using Powershell,windows,T1003,high
1457,LiveKD Driver Creation,windows,,medium
1458,LiveKD Driver Creation By Uncommon Process,windows,,high
1459,LiveKD Kernel Memory Dump File Created,windows,,high
1460,Load Of RstrtMgr.DLL By A Suspicious Process,windows,"T1486, T1685",high
1461,Load Of RstrtMgr.DLL By An Uncommon Process,windows,"T1486, T1685",low
1462,Loaded Module Enumeration Via Tasklist.EXE,windows,T1003,medium
1463,Loading Diagcab Package From Remote Path,windows,,high
1464,Local Accounts Discovery,windows,"T1033, T1087.001",low
1465,Local File Read Using Curl.EXE,windows,,medium
1466,Local Groups Reconnaissance Via Wmic.EXE,windows,T1069.001,low
1467,Local Network Connection Initiated By Script Interpreter,windows,T1105,medium
1468,Local Privilege Escalation Indicator TabTip,windows,T1557.001,high
1469,Local User Creation,windows,T1136.001,low
1470,Locked Workstation,windows,,informational
1471,Logged-On User Password Change Via Ksetup.EXE,windows,,medium
1472,LOL-Binary Copied From System Directory,windows,T1036.003,high
1473,LOLBAS Data Exfiltration by DataSvcUtil.exe,windows,T1567,medium
1474,Lolbas OneDriveStandaloneUpdater.exe Proxy Download,windows,T1105,high
1475,LOLBIN Execution From Abnormal Drive,windows,,medium
1476,Lolbin Runexehelper Use As Proxy,windows,T1218,medium
1477,Lolbin Unregmp2.exe Use As Proxy,windows,T1218,medium
1478,LSA PPL Protection Setting Modification via CommandLine,windows,T1689,medium
1479,LSASS Access Detected via Attack Surface Reduction,windows,T1003.001,high
1480,LSASS Access From Non System Account,windows,T1003.001,medium
1481,LSASS Access From Potentially White-Listed Processes,windows,T1003.001,high
1482,LSASS Dump Keyword In CommandLine,windows,T1003.001,high
1483,Lsass Full Dump Request Via DumpType Registry Settings,windows,T1003.001,high
1484,LSASS Memory Access by Tool With Dump Keyword In Name,windows,T1003.001,high
1485,Lsass Memory Dump via Comsvcs DLL,windows,T1003.001,high
1486,LSASS Process Crashed - Application,windows,T1003.001,high
1487,LSASS Process Dump Artefact In CrashDumps Folder,windows,T1003.001,high
1488,LSASS Process Memory Dump Creation Via Taskmgr.EXE,windows,T1003.001,high
1489,LSASS Process Memory Dump Files,windows,T1003.001,high
1490,LSASS Process Reconnaissance Via Findstr.EXE,windows,T1552.006,high
1491,Macro Enabled In A Potentially Suspicious Document,windows,T1112,high
1492,Mailbox Export to Exchange Webserver,windows,T1505.003,critical
1493,Malicious Base64 Encoded PowerShell Keywords in Command Lines,windows,T1059.001,high
1494,Malicious DLL File Dropped in the Teams or OneDrive Folder,windows,T1574.001,high
1495,Malicious Driver Load,windows,"T1543.003, T1068",high
1496,Malicious Driver Load By Name,windows,"T1543.003, T1068",medium
1497,Malicious Named Pipe Created,windows,T1055,critical
1498,Malicious Nishang PowerShell Commandlets,windows,T1059.001,high
1499,Malicious PE Execution by Microsoft Visual Studio Debugger,windows,T1218,medium
1500,Malicious PowerShell Commandlets - PoshModule,windows,"T1482, T1087, T1087.001, T1087.002, T1069.001, T1069.002, T1069, T1059.001",high
1501,Malicious PowerShell Commandlets - ProcessCreation,windows,"T1482, T1087, T1087.001, T1087.002, T1069.001, T1069.002, T1069, T1059.001",high
1502,Malicious PowerShell Commandlets - ScriptBlock,windows,"T1482, T1087, T1087.001, T1087.002, T1069.001, T1069.002, T1069, T1059.001",high
1503,Malicious PowerShell Keywords,windows,T1059.001,medium
1504,Malicious PowerShell Scripts - FileCreation,windows,T1059.001,high
1505,Malicious PowerShell Scripts - PoshModule,windows,T1059.001,high
1506,Malicious ShellIntel PowerShell Commandlets,windows,T1059.001,high
1507,Malicious Windows Script Components File Execution by TAEF Detection,windows,T1218,low
1508,ManageEngine Endpoint Central Dctask64.EXE Potential Abuse,windows,T1055.001,high
1509,Manipulation of User Computer or Group Security Principals Across AD,windows,T1136.002,medium
1510,Mavinject Inject DLL Into Running Process,windows,"T1055.001, T1218.013",high
1511,MaxMpxCt Registry Value Changed,windows,T1070.005,low
1512,Mesh Agent Service Installation,windows,T1219.002,medium
1513,Metasploit Or Impacket Service Installation Via SMB PsExec,windows,"T1021.002, T1570, T1569.002",high
1514,Metasploit SMB Authentication,windows,T1021.002,high
1515,Meterpreter or Cobalt Strike Getsystem Service Installation - Security,windows,"T1134.001, T1134.002",high
1516,Meterpreter or Cobalt Strike Getsystem Service Installation - System,windows,"T1134.001, T1134.002",high
1517,Microsoft Defender Blocked from Loading Unsigned DLL,windows,T1574.001,high
1518,Microsoft Defender Tamper Protection Trigger,windows,T1685,high
1519,Microsoft Excel Add-In Loaded From Uncommon Location,windows,T1204.002,medium
1520,Microsoft IIS Connection Strings Decryption,windows,T1003,high
1521,Microsoft IIS Service Account Password Dumped,windows,T1003,high
1522,Microsoft Malware Protection Engine Crash,windows,"T1211, T1685",high
1523,Microsoft Malware Protection Engine Crash - WER,windows,"T1211, T1685",high
1524,Microsoft Office DLL Sideload,windows,T1574.001,high
1525,Microsoft Office Protected View Disabled,windows,T1685,high
1526,Microsoft Sync Center Suspicious Network Connections,windows,"T1055, T1218",medium
1527,Microsoft Teams Sensitive File Access By Uncommon Applications,windows,T1528,medium
1528,Microsoft VBA For Outlook Addin Loaded Via Outlook,windows,T1204.002,medium
1529,Mimikatz Use,windows,"T1003.002, T1003.004, T1003.001, T1003.006",high
1530,MMC Executing Files with Reversed Extensions Using RTLO Abuse,windows,"T1204.002, T1218.014, T1036.002",high
1531,MMC Loading Script Engines DLLs,windows,"T1059.005, T1218.014",medium
1532,MMC Spawning Windows Shell,windows,T1021.003,high
1533,MMC20 Lateral Movement,windows,T1021.003,high
1534,Modification of IE Registry Settings,windows,T1112,low
1535,Modify Group Policy Settings,windows,T1484.001,medium
1536,Modify Group Policy Settings - ScriptBlockLogging,windows,T1484.001,medium
1537,Modify User Shell Folders Startup Value,windows,T1547.001,high
1538,Monitoring For Persistence Via BITS,windows,T1197,medium
1539,Moriya Rootkit - System,windows,T1543.003,critical
1540,MpiExec Lolbin,windows,T1218,high
1541,MSDT Execution Via Answer File,windows,T1218,high
1542,MSExchange Transport Agent Installation,windows,T1505.002,medium
1543,MSExchange Transport Agent Installation - Builtin,windows,T1505.002,medium
1544,MSHTA Execution with Suspicious File Extensions,windows,"T1140, T1218.005, T1059.007",high
1545,Mshtml.DLL RunHTMLApplication Suspicious Usage,windows,,high
1546,MSI Installation From Suspicious Locations,windows,,medium
1547,MSI Installation From Web,windows,"T1218, T1218.007",medium
1548,Msiexec Quiet Installation,windows,T1218.007,medium
1549,MsiExec Web Install,windows,"T1218.007, T1105",medium
1550,MSSQL Add Account To Sysadmin Role,windows,,high
1551,MSSQL Destructive Query,windows,T1485,medium
1552,MSSQL Disable Audit Settings,windows,,high
1553,MSSQL Server Failed Logon,windows,T1110,low
1554,MSSQL Server Failed Logon From External Network,windows,T1110,medium
1555,MSSQL SPProcoption Set,windows,,high
1556,MSSQL XPCmdshell Option Change,windows,,high
1557,MSSQL XPCmdshell Suspicious Execution,windows,,high
1558,Mstsc.EXE Execution From Uncommon Parent,windows,,high
1559,Mstsc.EXE Execution With Local RDP File,windows,T1219.002,low
1560,Msxsl.EXE Execution,windows,T1220,medium
1561,Narrator's Feedback-Hub Persistence,windows,T1547.001,high
1562,NET NGenAssemblyUsageLog Registry Key Tamper,windows,T1112,high
1563,Net WebClient Casing Anomalies,windows,T1059.001,high
1564,Netcat The Powershell Version,windows,"T1095, T1059.001",medium
1565,NetNTLM Downgrade Attack,windows,"T1685, T1112",high
1566,NetNTLM Downgrade Attack - Registry,windows,"T1685, T1112",high
1567,Netsh Allow Group Policy on Microsoft Defender Firewall,windows,T1686.003,medium
1568,NetSupport Manager Service Install,windows,,medium
1569,Network Communication Initiated To File Sharing Domains From Process Located In Suspicious Folder,windows,T1105,high
1570,Network Communication Initiated To Portmap.IO Domain,windows,"T1041, T1090.002",medium
1571,Network Communication With Crypto Mining Pool,windows,T1496,high
1572,Network Connection Initiated By AddinUtil.EXE,windows,T1218,high
1573,Network Connection Initiated By Eqnedt32.EXE,windows,T1203,high
1574,Network Connection Initiated By IMEWDBLD.EXE,windows,T1105,high
1575,Network Connection Initiated By Regsvr32.EXE,windows,"T1559.001, T1218.010",medium
1576,Network Connection Initiated From Process Located In Potentially Suspicious Or Uncommon Location,windows,T1105,high
1577,Network Connection Initiated To AzureWebsites.NET By Non-Browser Process,windows,"T1102, T1102.001",medium
1578,Network Connection Initiated To BTunnels Domains,windows,"T1567, T1572",medium
1579,Network Connection Initiated To Cloudflared Tunnels Domains,windows,"T1567, T1572",medium
1580,Network Connection Initiated To DevTunnels Domain,windows,"T1567.001, T1572",medium
1581,Network Connection Initiated To Mega.nz,windows,T1567.002,low
1582,Network Connection Initiated To Visual Studio Code Tunnels Domain,windows,"T1567, T1572",medium
1583,Network Connection Initiated via Finger.EXE,windows,"T1071.004, T1059.003",high
1584,Network Connection Initiated Via Notepad.EXE,windows,T1055,high
1585,Network Reconnaissance Activity,windows,"T1087, T1082",high
1586,New Agent Skills Installation Attempt Via Node.EXE,windows,T1059.007,medium
1587,New Application in AppCompat,windows,T1204.002,informational
1588,New BgInfo.EXE Custom DB Path Registry Configuration,windows,T1112,medium
1589,New BgInfo.EXE Custom VBScript Registry Configuration,windows,T1112,medium
1590,New BgInfo.EXE Custom WMI Query Registry Configuration,windows,T1112,medium
1591,New BITS Job Created Via Bitsadmin,windows,T1197,low
1592,New BITS Job Created Via PowerShell,windows,T1197,low
1593,New Capture Session Launched Via DXCap.EXE,windows,T1218,medium
1594,New Connection Initiated To Potential Dead Drop Resolver Domain,windows,"T1102, T1102.001",high
1595,New Custom Shim Database Created,windows,T1547.009,medium
1596,New DLL Added to AppCertDlls Registry Key,windows,T1546.009,medium
1597,New DLL Added to AppInit_DLLs Registry Key,windows,T1546.010,medium
1598,New DLL Registered Via Odbcconf.EXE,windows,T1218.008,medium
1599,New DMSA Service Account Created in Specific OUs,windows,"T1078.002, T1098",medium
1600,New DNS ServerLevelPluginDll Installed,windows,"T1574.001, T1112",high
1601,New DNS ServerLevelPluginDll Installed Via Dnscmd.EXE,windows,"T1574.001, T1112",high
1602,New File Association Using Exefile,windows,,high
1603,New Firewall Rule Added In Windows Firewall Exception List For Potential Suspicious Application,windows,T1686.003,high
1604,New Firewall Rule Added In Windows Firewall Exception List Via WmiPrvSE.EXE,windows,T1686.003,medium
1605,New Firewall Rule Added Via Netsh.EXE,windows,T1686.003,medium
1606,New Generic Credentials Added Via Cmdkey.EXE,windows,T1003.005,medium
1607,New Kernel Driver Via SC.EXE,windows,T1543.003,medium
1608,New Module Module Added To IIS Server,windows,"T1685.001, T1505.004",medium
1609,New Netsh Helper DLL Registered From A Suspicious Location,windows,T1546.007,high
1610,New Network Trace Capture Started Via Netsh.EXE,windows,T1040,medium
1611,New ODBC Driver Registered,windows,,low
1612,New or Renamed User Account with '$' Character,windows,T1036,medium
1613,New Outlook Macro Created,windows,"T1137, T1008, T1546",medium
1614,New PDQDeploy Service - Client Side,windows,T1543.003,medium
1615,New PDQDeploy Service - Server Side,windows,T1543.003,medium
1616,New Port Forwarding Rule Added Via Netsh.EXE,windows,T1090,medium
1617,New PortProxy Registry Entry Added,windows,T1090,medium
1618,New PowerShell Instance Created,windows,T1059.001,informational
1619,New Process Created Via Taskmgr.EXE,windows,T1036,low
1620,New Remote Desktop Connection Initiated Via Mstsc.EXE,windows,T1021.001,medium
1621,New Root Certificate Installed Via CertMgr.EXE,windows,T1553.004,medium
1622,New Root Certificate Installed Via Certutil.EXE,windows,T1553.004,medium
1623,New Root or CA or AuthRoot Certificate to Store,windows,T1490,medium
1624,New RUN Key Pointing to Suspicious Folder,windows,T1547.001,high
1625,New Service Creation Using PowerShell,windows,T1543.003,low
1626,New Service Creation Using Sc.EXE,windows,T1543.003,low
1627,New TimeProviders Registered With Uncommon DLL Name,windows,T1547.003,high
1628,New User Account Creation Attempt Via ADSI,windows,"T1136.001, T1136.002",medium
1629,New User Account Creation Attempt Via ADSI in CommandLine,windows,"T1136.001, T1136.002",medium
1630,New User Created Via Net.EXE,windows,T1136.001,medium
1631,New User Created Via Net.EXE With Never Expire Option,windows,T1136.001,high
1632,New Virtual Smart Card Created Via TpmVscMgr.EXE,windows,,medium
1633,NewActiveScriptEventConsumer Creation Attempt via Wmic.EXE,windows,T1546.003,high
1634,Ngrok Usage with Remote Desktop Service,windows,T1090,high
1635,Nltest.EXE Execution,windows,"T1016, T1018, T1482",low
1636,No Suitable Encryption Key Found For Generating Kerberos Ticket,windows,T1558.003,low
1637,Node Process Executions,windows,"T1127, T1059.007",medium
1638,NodeJS Execution of JavaScript File,windows,T1059.007,low
1639,Non Interactive PowerShell Process Spawned,windows,T1059.001,low
1640,Non-privileged Usage of Reg or Powershell,windows,T1112,high
1641,Notepad Password Files Discovery,windows,T1083,low
1642,Notepad++ Updater DNS Query to Uncommon Domains,windows,"T1195.002, T1557",medium
1643,Nslookup PowerShell Download Cradle,windows,T1059.001,medium
1644,Nslookup PowerShell Download Cradle - ProcessCreation,windows,,medium
1645,NtdllPipe Like Activity Execution,windows,,high
1646,NTDS Exfiltration Filename Patterns,windows,T1003.003,high
1647,NTDS.DIT Created,windows,T1003.003,low
1648,NTDS.DIT Creation By Uncommon Parent Process,windows,T1003.003,high
1649,NTDS.DIT Creation By Uncommon Process,windows,"T1003.002, T1003.003",high
1650,Ntdsutil Abuse,windows,T1003.003,medium
1651,NTFS Alternate Data Stream,windows,"T1564.004, T1059.001",high
1652,NTFS Vulnerability Exploitation,windows,T1499.001,high
1653,NTLM Brute Force,windows,T1110,medium
1654,NTLM Hash Leak Via Curl NTLM Authentication,windows,T1187,high
1655,NTLM Logon,windows,T1550.002,low
1656,NTLMv1 Logon Between Client and Server,windows,T1550.002,medium
1657,Obfuscated IP Download Activity,windows,,medium
1658,Obfuscated IP Via CLI,windows,,medium
1659,Obfuscated PowerShell MSI Install via WindowsInstaller COM,windows,"T1027.010, T1218.007, T1059.001",high
1660,Obfuscated PowerShell OneLiner Execution,windows,"T1059.001, T1685",high
1661,Octopus Scanner Malware,windows,"T1195, T1195.001",high
1662,Odbcconf.EXE Suspicious DLL Location,windows,T1218.008,high
1663,Office Application Initiated Network Connection Over Uncommon Ports,windows,,medium
1664,Office Application Initiated Network Connection To Non-Local IP,windows,T1203,medium
1665,Office Application Startup - Office Test,windows,T1137.002,medium
1666,Office Autorun Keys Modification,windows,T1547.001,medium
1667,Office Macro File Creation,windows,T1566.001,low
1668,Office Macro File Creation From Suspicious Process,windows,T1566.001,high
1669,Office Macro File Download,windows,T1566.001,low
1670,Office Macros Warning Disabled,windows,T1112,high
1671,Old TLS1.0/TLS1.1 Protocol Version Enabled,windows,,medium
1672,OneNote Attachment File Dropped In Suspicious Location,windows,,medium
1673,OneNote.EXE Execution of Malicious Embedded Scripts,windows,T1218.001,high
1674,OpenEDR Spawning Command Shell,windows,"T1059.003, T1021.004, T1219",medium
1675,OpenSSH Server Listening On Socket,windows,T1021.004,medium
1676,OpenWith.exe Executes Specified Binary,windows,T1218,high
1677,Operator Bloopers Cobalt Strike Commands,windows,T1059.003,high
1678,Operator Bloopers Cobalt Strike Modules,windows,T1059.003,high
1679,Outbound Network Connection Initiated By Cmstp.EXE,windows,T1218.003,high
1680,Outbound Network Connection Initiated By Microsoft Dialer,windows,T1071.001,high
1681,Outbound Network Connection Initiated By Script Interpreter,windows,T1105,high
1682,Outbound Network Connection To Public IP Via Winlogon,windows,T1218.011,medium
1683,Outbound RDP Connections Over Non-Standard Tools,windows,T1021.001,high
1684,Outgoing Logon with New Credentials,windows,T1550,low
1685,Outlook EnableUnsafeClientMailRules Setting Enabled,windows,"T1059, T1202",high
1686,Outlook EnableUnsafeClientMailRules Setting Enabled - Registry,windows,T1112,high
1687,Outlook Macro Execution Without Warning Setting Enabled,windows,"T1137, T1008, T1546",high
1688,Outlook Security Settings Updated - Registry,windows,T1137,medium
1689,PAExec Service Installation,windows,T1569.002,medium
1690,Pass the Hash Activity 2,windows,T1550.002,medium
1691,Password Change on Directory Service Restore Mode (DSRM) Account,windows,T1098,high
1692,Password Dumper Activity on LSASS,windows,T1003.001,high
1693,Password Dumper Remote Thread in LSASS,windows,T1003.001,high
1694,Password Policy Discovery With Get-AdDefaultDomainPasswordPolicy,windows,T1201,low
1695,Password Policy Enumerated,windows,T1201,medium
1696,Password Protected ZIP File Opened,windows,T1027,medium
1697,Password Protected ZIP File Opened (Email Attachment),windows,"T1027, T1566.001",high
1698,Password Protected ZIP File Opened (Suspicious Filenames),windows,"T1027, T1105, T1036",high
1699,Password Provided In Command Line Of Net.EXE,windows,"T1021.002, T1078",medium
1700,Password Set to Never Expire via WMI,windows,"T1047, T1098",medium
1701,Path To Screensaver Binary Modified,windows,T1546.002,medium
1702,PCRE.NET Package Image Load,windows,T1059,high
1703,PCRE.NET Package Temp Files,windows,T1059,high
1704,PDF File Created By RegEdit.EXE,windows,,high
1705,PDQ Deploy Remote Adminstartion Tool Execution,windows,T1072,medium
1706,Periodic Backup For System Registry Hives Enabled,windows,T1113,medium
1707,Perl Inline Command Execution,windows,T1059,medium
1708,Permission Check Via Accesschk.EXE,windows,T1069.001,medium
1709,Permission Misconfiguration Reconnaissance Via Findstr.EXE,windows,T1552.006,medium
1710,Persistence and Execution at Scale via GPO Scheduled Task,windows,T1053.005,high
1711,Persistence Via Disk Cleanup Handler - Autorun,windows,,medium
1712,Persistence Via Hhctrl.ocx,windows,,high
1713,Persistence Via New SIP Provider,windows,T1553.003,medium
1714,Persistence Via Sticky Key Backdoor,windows,T1546.008,critical
1715,Persistence Via TypedPaths - CommandLine,windows,,medium
1716,PetitPotam Suspicious Kerberos TGT Request,windows,T1187,high
1717,Phishing Pattern ISO in Archive,windows,T1566,high
1718,Php Inline Command Execution,windows,T1059,medium
1719,Ping Hex IP,windows,"T1140, T1027",high
1720,PktMon.EXE Execution,windows,T1040,medium
1721,Port Forwarding Activity Via SSH.EXE,windows,"T1572, T1021.001, T1021.004",medium
1722,Portable Gpg.EXE Execution,windows,T1486,medium
1723,Possible DC Shadow Attack,windows,T1207,medium
1724,Possible Impacket SecretDump Remote Activity,windows,"T1003.002, T1003.004, T1003.003",high
1725,Possible PetitPotam Coerce Authentication Attempt,windows,T1187,high
1726,Possible Privilege Escalation via Weak Service Permissions,windows,T1574.011,high
1727,Possible Shadow Credentials Added,windows,T1556,high
1728,Potential 7za.DLL Sideloading,windows,T1574.001,low
1729,Potential Access Token Abuse,windows,T1134.001,medium
1730,Potential Active Directory Enumeration Using AD Module - ProcCreation,windows,,medium
1731,Potential Active Directory Enumeration Using AD Module - PsModule,windows,,medium
1732,Potential Active Directory Enumeration Using AD Module - PsScript,windows,,medium
1733,Potential Active Directory Reconnaissance/Enumeration Via LDAP,windows,"T1069.002, T1087.002, T1482",medium
1734,Potential AD User Enumeration From Non-Machine Account,windows,T1087.002,medium
1735,Potential Adplus.EXE Abuse,windows,T1003.001,high
1736,Potential Amazon SSM Agent Hijacking,windows,T1219.002,medium
1737,Potential AMSI Bypass Script Using NULL Bits,windows,T1685,medium
1738,Potential AMSI Bypass Using NULL Bits,windows,T1685,medium
1739,Potential AMSI Bypass Via .NET Reflection,windows,T1685,high
1740,Potential AMSI COM Server Hijacking,windows,T1685,high
1741,Potential Antivirus Software DLL Sideloading,windows,T1574.001,medium
1742,Potential Application Whitelisting Bypass via Dnx.EXE,windows,"T1218, T1027.004",medium
1743,Potential appverifUI.DLL Sideloading,windows,T1574.001,high
1744,Potential Arbitrary Code Execution Via Node.EXE,windows,T1127,high
1745,Potential Arbitrary Command Execution Using Msdt.EXE,windows,T1202,high
1746,Potential Arbitrary Command Execution Via FTP.EXE,windows,"T1059, T1202",medium
1747,Potential Arbitrary DLL Load Using Winword,windows,T1202,medium
1748,Potential Arbitrary File Download Using Office Application,windows,T1202,high
1749,Potential Arbitrary File Download Via Cmdl32.EXE,windows,"T1218, T1202",medium
1750,Potential AS-REP Roasting via Kerberos TGT Requests,windows,,medium
1751,Potential Attachment Manager Settings Associations Tamper,windows,,high
1752,Potential Attachment Manager Settings Attachments Tamper,windows,,high
1753,Potential AutoLogger Sessions Tampering,windows,T1685.001,high
1754,Potential AVKkid.DLL Sideloading,windows,T1574.001,medium
1755,Potential Azure Browser SSO Abuse,windows,T1574.001,low
1756,Potential Binary Impersonating Sysinternals Tools,windows,"T1218, T1202, T1036.005",medium
1757,Potential Binary Or Script Dropper Via PowerShell,windows,,medium
1758,Potential Binary Proxy Execution Via Cdb.EXE,windows,"T1106, T1218, T1127",medium
1759,Potential Binary Proxy Execution Via VSDiagnostics.EXE,windows,T1218,medium
1760,Potential Browser Data Stealing,windows,T1555.003,medium
1761,Potential CCleanerDU.DLL Sideloading,windows,T1574.001,medium
1762,Potential CCleanerReactivator.DLL Sideloading,windows,T1574.001,medium
1763,Potential Chrome Frame Helper DLL Sideloading,windows,T1574.001,medium
1764,Potential ClickFix Execution Pattern - Registry,windows,T1204.001,high
1765,Potential CobaltStrike Process Patterns,windows,T1059,high
1766,Potential CobaltStrike Service Installations - Registry,windows,"T1021.002, T1543.003, T1569.002",high
1767,Potential COM Object Hijacking Via TreatAs Subkey - Registry,windows,T1546.015,medium
1768,Potential COM Objects Download Cradles Usage - Process Creation,windows,T1105,medium
1769,Potential COM Objects Download Cradles Usage - PS Script,windows,T1105,medium
1770,Potential Command Line Path Traversal Evasion Attempt,windows,T1036,medium
1771,Potential Commandline Obfuscation Using Escape Characters,windows,T1140,medium
1772,Potential CommandLine Obfuscation Using Unicode Characters From Suspicious Image,windows,T1027,high
1773,Potential CommandLine Path Traversal Via Cmd.EXE,windows,T1059.003,high
1774,Potential Configuration And Service Reconnaissance Via Reg.EXE,windows,"T1012, T1007",medium
1775,Potential Cookies Session Hijacking,windows,,medium
1776,Potential Credential Dumping Activity Via LSASS,windows,T1003.001,medium
1777,Potential Credential Dumping Attempt Using New NetworkProvider - CLI,windows,T1003,high
1778,Potential Credential Dumping Attempt Using New NetworkProvider - REG,windows,T1003,medium
1779,Potential Credential Dumping Attempt Via PowerShell Remote Thread,windows,T1003.001,high
1780,Potential Credential Dumping Via LSASS Process Clone,windows,"T1003, T1003.001",critical
1781,Potential Credential Dumping Via LSASS SilentProcessExit Technique,windows,T1003.001,critical
1782,Potential Credential Dumping Via WER,windows,T1003.001,high
1783,Potential Crypto Mining Activity,windows,T1496,high
1784,Potential Data Exfiltration Activity Via CommandLine Tools,windows,T1059.001,high
1785,Potential Data Exfiltration Via Audio File,windows,,medium
1786,Potential Data Stealing Via Chromium Headless Debugging,windows,"T1185, T1564.003",high
1787,Potential DCOM InternetExplorer.Application DLL Hijack,windows,"T1021.002, T1021.003",critical
1788,Potential DCOM InternetExplorer.Application DLL Hijack - Image Load,windows,"T1021.002, T1021.003",critical
1789,Potential Defense Evasion Activity Via Emoji Usage In CommandLine - 1,windows,,high
1790,Potential Defense Evasion Activity Via Emoji Usage In CommandLine - 2,windows,,high
1791,Potential Defense Evasion Activity Via Emoji Usage In CommandLine - 3,windows,,high
1792,Potential Defense Evasion Activity Via Emoji Usage In CommandLine - 4,windows,,high
1793,Potential Defense Evasion Via Binary Rename,windows,T1036.003,medium
1794,Potential Defense Evasion Via Raw Disk Access By Uncommon Tools,windows,T1006,low
1795,Potential Defense Evasion Via Rename Of Highly Relevant Binaries,windows,T1036.003,high
1796,Potential Defense Evasion Via Right-to-Left Override,windows,T1036.002,high
1797,Potential Direct Syscall of NtOpenProcess,windows,T1106,medium
1798,Potential Discovery Activity Via Dnscmd.EXE,windows,,medium
1799,Potential DLL File Download Via PowerShell Invoke-WebRequest,windows,"T1059.001, T1105",medium
1800,Potential DLL Injection Or Execution Using Tracker.exe,windows,T1055.001,medium
1801,Potential DLL Injection Via AccCheckConsole,windows,,medium
1802,Potential DLL Sideloading Of DBGCORE.DLL,windows,T1574.001,medium
1803,Potential DLL Sideloading Of DBGHELP.DLL,windows,T1574.001,medium
1804,Potential DLL Sideloading Of DbgModel.DLL,windows,T1574.001,medium
1805,Potential DLL Sideloading Of KeyScramblerIE.DLL Via KeyScrambler.EXE,windows,T1574.001,high
1806,Potential DLL Sideloading Of Libcurl.DLL Via GUP.EXE,windows,T1574.001,medium
1807,Potential DLL Sideloading Of MpSvc.DLL,windows,T1574.001,medium
1808,Potential DLL Sideloading Of MsCorSvc.DLL,windows,T1574.001,medium
1809,Potential DLL Sideloading Of Non-Existent DLLs From System Folders,windows,T1574.001,high
1810,Potential DLL Sideloading Using Coregen.exe,windows,"T1218, T1055",medium
1811,Potential DLL Sideloading Via ClassicExplorer32.dll,windows,T1574.001,medium
1812,Potential DLL Sideloading Via comctl32.dll,windows,T1574.001,high
1813,Potential DLL Sideloading Via DeviceEnroller.EXE,windows,T1574.001,medium
1814,Potential DLL Sideloading Via JsSchHlp,windows,T1574.001,medium
1815,Potential DLL Sideloading Via VMware Xfer,windows,T1574.001,high
1816,Potential Dosfuscation Activity,windows,T1059,medium
1817,Potential Download/Upload Activity Using Type Command,windows,T1105,medium
1818,Potential Dropper Script Execution Via WScript/CScript/MSHTA,windows,"T1059.005, T1059.007",medium
1819,Potential EACore.DLL Sideloading,windows,T1574.001,high
1820,Potential Edputil.DLL Sideloading,windows,T1574.001,high
1821,Potential Encoded PowerShell Patterns In CommandLine,windows,"T1027, T1059.001",low
1822,Potential EventLog File Location Tampering,windows,T1685.001,high
1823,Potential Excel.EXE DCOM Lateral Movement Via ActivateMicrosoftApp,windows,T1021.003,high
1824,Potential Execution of Sysinternals Tools,windows,T1588.002,low
1825,Potential Fake Instance Of Hxtsr.EXE Executed,windows,T1036,medium
1826,Potential File Download Via MS-AppInstaller Protocol Handler,windows,T1218,medium
1827,Potential File Extension Spoofing Using Right-to-Left Override,windows,T1036.002,high
1828,Potential File Overwrite Via Sysinternals SDelete,windows,T1485,high
1829,Potential Goopdate.DLL Sideloading,windows,T1574.001,medium
1830,Potential Hidden Directory Creation Via NTFS INDEX_ALLOCATION Stream,windows,T1564.004,medium
1831,Potential Hidden Directory Creation Via NTFS INDEX_ALLOCATION Stream - CLI,windows,T1564.004,medium
1832,Potential Homoglyph Attack Using Lookalike Characters,windows,"T1036, T1036.003",medium
1833,Potential Homoglyph Attack Using Lookalike Characters in Filename,windows,"T1036, T1036.003",medium
1834,Potential In-Memory Execution Using Reflection.Assembly,windows,T1620,medium
1835,Potential Initial Access via DLL Search Order Hijacking,windows,"T1566, T1566.001, T1574, T1574.001",medium
1836,Potential Invoke-Mimikatz PowerShell Script,windows,T1003,high
1837,Potential Iviewers.DLL Sideloading,windows,T1574.001,high
1838,Potential JLI.dll Side-Loading,windows,T1574.001,high
1839,Potential Kerberos Coercion by Spoofing SPNs via DNS Manipulation,windows,T1557.003,high
1840,Potential Keylogger Activity,windows,T1056.001,medium
1841,Potential Lateral Movement via Windows Remote Shell,windows,T1021.006,medium
1842,Potential LethalHTA Technique Execution,windows,T1218.005,high
1843,Potential Libvlc.DLL Sideloading,windows,T1574.001,medium
1844,Potential LSASS Process Dump Via Procdump,windows,"T1036, T1003.001",high
1845,Potential Malicious AppX Package Installation Attempts,windows,,medium
1846,Potential Manage-bde.wsf Abuse To Proxy Execution,windows,T1216,high
1847,Potential Memory Dumping Activity Via LiveKD,windows,,medium
1848,Potential Meterpreter/CobaltStrike Activity,windows,"T1134.001, T1134.002",high
1849,Potential Mfdetours.DLL Sideloading,windows,T1574.001,medium
1850,Potential Mftrace.EXE Abuse,windows,T1127,medium
1851,Potential Mpclient.DLL Sideloading,windows,T1574.001,high
1852,Potential Mpclient.DLL Sideloading Via Defender Binaries,windows,T1574.001,high
1853,Potential Mpclient.DLL Sideloading Via OfflineScannerShell.EXE Execution,windows,T1218,medium
1854,Potential MsiExec Masquerading,windows,T1036.005,high
1855,Potential MSTSC Shadowing Activity,windows,T1563.002,high
1856,Potential Network Sniffing Activity Using Network Tools,windows,T1040,medium
1857,Potential NTLM Coercion Via Certutil.EXE,windows,T1218,high
1858,Potential Obfuscated Ordinal Call Via Rundll32,windows,T1027.010,medium
1859,Potential Packet Capture Activity Via Start-NetEventSession - ScriptBlock,windows,T1040,medium
1860,Potential Password Spraying Attempt Using Dsacls.EXE,windows,T1218,medium
1861,Potential PendingFileRenameOperations Tampering,windows,T1036.003,medium
1862,Potential Persistence Attempt Via ErrorHandler.Cmd,windows,,medium
1863,Potential Persistence Attempt Via Existing Service Tampering,windows,"T1543.003, T1574.011",medium
1864,Potential Persistence Attempt Via Run Keys Using Reg.EXE,windows,T1547.001,medium
1865,Potential Persistence Using DebugPath,windows,T1546.015,medium
1866,Potential Persistence Via App Paths Default Property,windows,T1546.012,high
1867,Potential Persistence Via AppCompat RegisterAppRestart Layer,windows,T1546.011,medium
1868,Potential Persistence Via AutodialDLL,windows,,high
1869,Potential Persistence Via CHM Helper DLL,windows,,high
1870,Potential Persistence Via Custom Protocol Handler,windows,T1112,medium
1871,Potential Persistence Via Disk Cleanup Handler - Registry,windows,,medium
1872,Potential Persistence Via DLLPathOverride,windows,,high
1873,Potential Persistence Via Event Viewer Events.asp,windows,T1112,medium
1874,Potential Persistence Via Excel Add-in - Registry,windows,T1137.006,high
1875,Potential Persistence Via GlobalFlags,windows,T1546.012,high
1876,Potential Persistence Via Logon Scripts - CommandLine,windows,T1037.001,high
1877,Potential Persistence Via Logon Scripts - Registry,windows,T1037.001,medium
1878,Potential Persistence Via LSA Extensions,windows,,high
1879,Potential Persistence Via Microsoft Compatibility Appraiser,windows,T1053.005,medium
1880,Potential Persistence Via Microsoft Office Add-In,windows,T1137.006,high
1881,Potential Persistence Via Microsoft Office Startup Folder,windows,T1137,high
1882,Potential Persistence Via Mpnotify,windows,,high
1883,Potential Persistence Via MyComputer Registry Keys,windows,,high
1884,Potential Persistence Via Netsh Helper DLL,windows,T1546.007,medium
1885,Potential Persistence Via Netsh Helper DLL - Registry,windows,T1546.007,medium
1886,Potential Persistence Via New AMSI Providers - Registry,windows,,medium
1887,Potential Persistence Via Notepad++ Plugins,windows,,medium
1888,Potential Persistence Via Outlook Form,windows,T1137.003,high
1889,Potential Persistence Via Outlook Home Page,windows,T1112,high
1890,Potential Persistence Via Outlook LoadMacroProviderOnBoot Setting,windows,"T1137, T1008, T1546",high
1891,Potential Persistence Via Outlook Today Page,windows,T1112,high
1892,Potential Persistence Via Powershell Search Order Hijacking - Task,windows,"T1053.005, T1059.001",high
1893,Potential Persistence Via PowerShell User Profile Using Add-Content,windows,T1546.013,medium
1894,Potential Persistence Via Scrobj.dll COM Hijacking,windows,T1546.015,medium
1895,Potential Persistence Via Security Descriptors - ScriptBlock,windows,,high
1896,Potential Persistence Via Shim Database In Uncommon Location,windows,T1546.011,high
1897,Potential Persistence Via Shim Database Modification,windows,T1546.011,medium
1898,Potential Persistence Via TypedPaths,windows,,high
1899,Potential Persistence Via Visual Studio Tools for Office,windows,T1137.006,medium
1900,Potential Persistence Via VMwareToolBoxCmd.EXE VM State Change Script,windows,T1059,medium
1901,Potential PowerShell Command Line Obfuscation,windows,"T1027, T1059.001",high
1902,Potential PowerShell Console History Access Attempt via History File,windows,T1552.001,medium
1903,Potential PowerShell Downgrade Attack,windows,T1059.001,medium
1904,Potential PowerShell Execution Policy Tampering,windows,,medium
1905,Potential PowerShell Execution Policy Tampering - ProcCreation,windows,,high
1906,Potential PowerShell Execution Via DLL,windows,T1218.011,high
1907,Potential PowerShell Obfuscation Using Alias Cmdlets,windows,"T1027, T1059.001",low
1908,Potential PowerShell Obfuscation Using Character Join,windows,"T1027, T1059.001",low
1909,Potential PowerShell Obfuscation Via Reversed Commands,windows,"T1027, T1059.001",high
1910,Potential PowerShell Obfuscation Via WCHAR/CHAR,windows,"T1059.001, T1027",high
1911,Potential Powershell ReverseShell Connection,windows,T1059.001,high
1912,Potential Privilege Escalation Attempt Via .Exe.Local Technique,windows,,high
1913,Potential Privilege Escalation To LOCAL SYSTEM,windows,T1587.001,high
1914,Potential Privilege Escalation Using Symlink Between Osk and Cmd,windows,T1546.008,high
1915,Potential Privilege Escalation via Local Kerberos Relay over LDAP,windows,T1548,high
1916,Potential Privilege Escalation via Service Permissions Weakness,windows,T1574.011,high
1917,Potential Privileged System Service Operation - SeLoadDriverPrivilege,windows,T1685,medium
1918,Potential Process Execution Proxy Via CL_Invocation.ps1,windows,T1216,medium
1919,Potential Process Hollowing Activity,windows,T1055.012,medium
1920,Potential Process Injection Via Msra.EXE,windows,T1055,high
1921,Potential Process Reconnaissance via Wmic.EXE,windows,"T1047, T1057",medium
1922,Potential Product Class Reconnaissance Via Wmic.EXE,windows,"T1047, T1082",medium
1923,Potential Product Reconnaissance Via Wmic.EXE,windows,T1047,medium
1924,Potential Provisioning Registry Key Abuse For Binary Proxy Execution,windows,T1218,high
1925,Potential Provisioning Registry Key Abuse For Binary Proxy Execution - REG,windows,T1218,high
1926,Potential Provlaunch.EXE Binary Proxy Execution Abuse,windows,T1218,medium
1927,Potential PsExec Remote Execution,windows,T1587.001,high
1928,Potential PSFactoryBuffer COM Hijacking,windows,T1546.015,high
1929,Potential Python DLL SideLoading,windows,T1574.001,medium
1930,Potential Qakbot Registry Activity,windows,T1112,high
1931,Potential Ransomware Activity Using LegalNotice Message,windows,T1491.001,high
1932,Potential Ransomware or Unauthorized MBR Tampering Via Bcdedit.EXE,windows,"T1070, T1542.003",medium
1933,Potential Rcdll.DLL Sideloading,windows,T1574.001,high
1934,Potential RDP Session Hijacking Activity,windows,,medium
1935,Potential RDP Tunneling Via Plink,windows,T1572,high
1936,Potential RDP Tunneling Via SSH,windows,T1572,high
1937,Potential Recon Activity Using DriverQuery.EXE,windows,,high
1938,Potential Recon Activity Via Nltest.EXE,windows,"T1016, T1482",medium
1939,Potential Reconnaissance Activity Via GatherNetworkInfo.VBS,windows,"T1615, T1059.005",medium
1940,Potential Reconnaissance For Cached Credentials Via Cmdkey.EXE,windows,T1003.005,high
1941,Potential ReflectDebugger Content Execution Via WerFault.EXE,windows,T1036,medium
1942,Potential Register_App.Vbs LOLScript Abuse,windows,T1218,medium
1943,Potential Registry Persistence Attempt Via DbgManagedDebugger,windows,T1574,medium
1944,Potential Registry Persistence Attempt Via Windows Telemetry,windows,T1053.005,high
1945,Potential Regsvr32 Commandline Flag Anomaly,windows,T1218.010,medium
1946,Potential Remote Desktop Connection to Non-Domain Host,windows,T1219.002,medium
1947,Potential Remote Desktop Tunneling,windows,T1021,medium
1948,Potential Remote PowerShell Session Initiated,windows,"T1059.001, T1021.006",high
1949,Potential Remote SquiblyTwo Technique Execution,windows,"T1047, T1220, T1059.005, T1059.007",high
1950,Potential RemoteFXvGPUDisablement.EXE Abuse,windows,T1218,high
1951,Potential RemoteFXvGPUDisablement.EXE Abuse - PowerShell Module,windows,T1218,high
1952,Potential RemoteFXvGPUDisablement.EXE Abuse - PowerShell ScriptBlock,windows,T1218,high
1953,Potential Renamed Rundll32 Execution,windows,,high
1954,Potential RipZip Attack on Startup Folder,windows,T1547,high
1955,Potential RjvPlatform.DLL Sideloading From Default Location,windows,T1574.001,medium
1956,Potential RjvPlatform.DLL Sideloading From Non-Default Location,windows,T1574.001,high
1957,Potential RoboForm.DLL Sideloading,windows,T1574.001,medium
1958,Potential Rundll32 Execution With DLL Stored In ADS,windows,T1564.004,high
1959,Potential SAM Database Dump,windows,T1003.002,high
1960,Potential Script Proxy Execution Via CL_Mutexverifiers.ps1,windows,T1216,medium
1961,Potential Secure Deletion with SDelete,windows,"T1070.004, T1027.005, T1485, T1553.002",medium
1962,Potential SentinelOne Shell Context Menu Scan Command Tampering,windows,,medium
1963,Potential ShellDispatch.DLL Functionality Abuse,windows,,medium
1964,Potential ShellDispatch.DLL Sideloading,windows,T1574.001,medium
1965,Potential Shim Database Persistence via Sdbinst.EXE,windows,T1546.011,medium
1966,Potential Signing Bypass Via Windows Developer Features,windows,,high
1967,Potential Signing Bypass Via Windows Developer Features - Registry,windows,,high
1968,Potential SmadHook.DLL Sideloading,windows,T1574.001,high
1969,Potential SMB Relay Attack Tool Execution,windows,T1557.001,critical
1970,Potential SolidPDFCreator.DLL Sideloading,windows,T1574.001,medium
1971,Potential SPN Enumeration Via Setspn.EXE,windows,T1558.003,medium
1972,Potential SSH Tunnel Persistence Install Using A Scheduled Task,windows,T1053.005,high
1973,Potential Startup Shortcut Persistence Via PowerShell.EXE,windows,T1547.001,high
1974,Potential Suspicious Activity Using SeCEdit,windows,"T1685.001, T1547.001, T1505.005, T1556.002, T1685, T1574.007, T1564.002, T1546.008, T1546.007, T1547.014, T1547.010, T1547.002, T1557, T1082",medium
1975,Potential Suspicious Browser Launch From Document Reader Process,windows,T1204.002,medium
1976,Potential Suspicious PowerShell Keywords,windows,T1059.001,medium
1977,Potential Suspicious PowerShell Module File Created,windows,,medium
1978,Potential Suspicious Registry File Imported Via Reg.EXE,windows,T1112,medium
1979,Potential Suspicious Windows Feature Enabled,windows,,medium
1980,Potential Suspicious Windows Feature Enabled - ProcCreation,windows,,medium
1981,Potential Suspicious Winget Package Installation,windows,,high
1982,Potential SysInternals ProcDump Evasion,windows,"T1036, T1003.001",high
1983,Potential System DLL Sideloading From Non System Locations,windows,T1574.001,high
1984,Potential Tampering With RDP Related Registry Keys Via Reg.EXE,windows,"T1021.001, T1112",high
1985,Potential Tampering With Security Products Via WMIC,windows,T1685,high
1986,Potential UAC Bypass Via Sdclt.EXE,windows,T1548.002,medium
1987,Potential Unconstrained Delegation Discovery Via Get-ADComputer - ScriptBlock,windows,"T1018, T1558, T1589.002",medium
1988,Potential Unquoted Service Path Reconnaissance Via Wmic.EXE,windows,T1047,medium
1989,Potential Vcruntime140 DLL Sideloading,windows,T1574.001,high
1990,Potential Vivaldi_elf.DLL Sideloading,windows,T1574.001,medium
1991,Potential Waveedit.DLL Sideloading,windows,T1574.001,high
1992,Potential Wazuh Security Platform DLL Sideloading,windows,T1574.001,medium
1993,Potential Webshell Creation On Static Website,windows,T1505.003,medium
1994,Potential WerFault ReflectDebugger Registry Value Abuse,windows,T1036.003,high
1995,Potential WinAPI Calls Via CommandLine,windows,T1106,high
1996,Potential WinAPI Calls Via PowerShell Scripts,windows,"T1059.001, T1106, T1620",high
1997,Potential Windows Defender AV Bypass Via Dump64.EXE Rename,windows,T1003.001,high
1998,Potential Windows Defender Tampering Via Wmic.EXE,windows,"T1047, T1685",high
1999,Potential Winnti Dropper Activity,windows,T1027,high
2000,Potential WMI Lateral Movement WmiPrvSE Spawned PowerShell,windows,"T1047, T1059.001",medium
2001,Potential WWlib.DLL Sideloading,windows,T1574.001,medium
2002,Potentially Over Permissive Permissions Granted Using Dsacls.EXE,windows,T1218,medium
2003,Potentially Suspicious AccessMask Requested From LSASS,windows,T1003.001,medium
2004,Potentially Suspicious ASP.NET Compilation Via AspNetCompiler,windows,T1127,high
2005,Potentially Suspicious Cabinet File Expansion,windows,T1218,medium
2006,Potentially Suspicious Call To Win32_NTEventlogFile Class,windows,,high
2007,Potentially Suspicious Call To Win32_NTEventlogFile Class - PSScript,windows,,medium
2008,Potentially Suspicious Child Process Of ClickOnce Application,windows,,medium
2009,Potentially Suspicious Child Process Of DiskShadow.EXE,windows,T1218,medium
2010,Potentially Suspicious Child Process of KeyScrambler.exe,windows,"T1203, T1574.001",medium
2011,Potentially Suspicious Child Process Of Regsvr32,windows,T1218.010,high
2012,Potentially Suspicious Child Process Of VsCode,windows,"T1218, T1202",medium
2013,Potentially Suspicious Child Process Of WinRAR.EXE,windows,T1203,medium
2014,Potentially Suspicious Child Processes Spawned by ConHost,windows,"T1202, T1218",high
2015,Potentially Suspicious CMD Shell Output Redirect,windows,T1218,medium
2016,Potentially Suspicious Command Executed Via Run Dialog Box - Registry,windows,T1059.001,high
2017,Potentially Suspicious Command Targeting Teams Sensitive Files,windows,T1528,medium
2018,Potentially Suspicious Desktop Background Change Using Reg.EXE,windows,"T1112, T1491.001",medium
2019,Potentially Suspicious Desktop Background Change Via Registry,windows,"T1112, T1491.001",medium
2020,Potentially Suspicious DLL Registered Via Odbcconf.EXE,windows,T1218.008,high
2021,Potentially Suspicious DMP/HDMP File Creation,windows,,medium
2022,Potentially Suspicious Electron Application CommandLine,windows,,medium
2023,Potentially Suspicious Event Viewer Child Process,windows,T1548.002,high
2024,Potentially Suspicious EventLog Recon Activity Using Log Query Utilities,windows,"T1552, T1087",medium
2025,Potentially Suspicious Execution From Parent Process In Public Folder,windows,"T1564, T1059",high
2026,Potentially Suspicious Execution Of PDQDeployRunner,windows,,medium
2027,Potentially Suspicious Execution Of Regasm/Regsvcs From Uncommon Location,windows,T1218.009,medium
2028,Potentially Suspicious Execution Of Regasm/Regsvcs With Uncommon Extension,windows,T1218.009,medium
2029,Potentially Suspicious Explicit Credential Local Logon,windows,"T1134, T1134.003",medium
2030,Potentially Suspicious File Creation by OpenEDR's ITSMService,windows,"T1105, T1570, T1219",medium
2031,Potentially Suspicious File Download From File Sharing Domain Via PowerShell.EXE,windows,,high
2032,Potentially Suspicious File Download From ZIP TLD,windows,,high
2033,Potentially Suspicious GoogleUpdate Child Process,windows,,high
2034,Potentially Suspicious GrantedAccess Flags On LSASS,windows,T1003.001,medium
2035,Potentially Suspicious Image Load of Offreg.dll,windows,T1112,medium
2036,Potentially Suspicious Inline JavaScript Execution via NodeJS Binary,windows,T1059.007,medium
2037,Potentially Suspicious JWT Token Search Via CLI,windows,"T1528, T1552.001",medium
2038,Potentially Suspicious Malware Callback Communication,windows,T1571,high
2039,Potentially Suspicious Mofcomp Execution,windows,T1218,high
2040,Potentially Suspicious Network Connection To Notion API,windows,T1102,low
2041,Potentially Suspicious NTFS Symlink Behavior Modification,windows,"T1059, T1222.001",medium
2042,Potentially Suspicious ODBC Driver Registered,windows,T1003,high
2043,Potentially Suspicious Office Document Executed From Trusted Location,windows,T1202,high
2044,Potentially Suspicious Ping/Copy Command Combination,windows,T1070.004,medium
2045,Potentially Suspicious Powershell Script Execution From Temp Folder,windows,T1059.001,medium
2046,Potentially Suspicious Regsvr32 HTTP IP Pattern,windows,T1218.010,high
2047,Potentially Suspicious Regsvr32 HTTP/FTP Pattern,windows,T1218.010,medium
2048,Potentially Suspicious Rundll32 Activity,windows,T1218.011,medium
2049,Potentially Suspicious Rundll32.EXE Execution of UDL File,windows,"T1218.011, T1071",medium
2050,Potentially Suspicious Self Extraction Directive File Created,windows,T1218,medium
2051,Potentially Suspicious Usage Of Qemu,windows,"T1090, T1572",medium
2052,Potentially Suspicious Volume Shadow Copy Vsstrace.dll Load,windows,T1490,medium
2053,Potentially Suspicious WDAC Policy File Creation,windows,,medium
2054,Potentially Suspicious WebDAV LNK Execution,windows,"T1059.001, T1204",medium
2055,Potentially Suspicious Windows App Activity,windows,,medium
2056,Potentially Suspicious Wuauclt Network Connection,windows,T1218,medium
2057,Powershell Add Name Resolution Policy Table Rule,windows,T1565,high
2058,PowerShell ADRecon Execution,windows,T1059.001,high
2059,PowerShell AppLocker Policy Discovery Via Get-AppLockerPolicy,windows,T1518.001,low
2060,PowerShell as a Service in Registry,windows,T1569.002,high
2061,PowerShell Base64 Encoded FromBase64String Cmdlet,windows,"T1140, T1059.001",high
2062,PowerShell Base64 Encoded IEX Cmdlet,windows,T1059.001,high
2063,PowerShell Base64 Encoded Invoke Keyword,windows,"T1059.001, T1027",high
2064,Powershell Base64 Encoded MpPreference Cmdlet,windows,T1685,high
2065,PowerShell Base64 Encoded Reflective Assembly Load,windows,"T1059.001, T1027, T1620",high
2066,PowerShell Base64 Encoded WMI Classes,windows,"T1059.001, T1027",high
2067,PowerShell Called from an Executable Version Mismatch,windows,T1059.001,high
2068,PowerShell Console History Logs Deleted,windows,T1070,medium
2069,PowerShell Core DLL Loaded By Non PowerShell Process,windows,T1059.001,medium
2070,PowerShell Core DLL Loaded Via Office Application,windows,,medium
2071,PowerShell Create Local User,windows,"T1059.001, T1136.001",medium
2072,Powershell Create Scheduled Task,windows,T1053.005,medium
2073,PowerShell Credential Prompt,windows,T1059.001,high
2074,PowerShell Decompress Commands,windows,T1140,informational
2075,Powershell Defender Disable Scan Feature,windows,T1685,high
2076,Powershell Defender Exclusion,windows,T1685,medium
2077,PowerShell Defender Threat Severity Default Action Set to 'Allow' or 'NoAction',windows,T1685,high
2078,PowerShell Deleted Mounted Share,windows,T1070.005,medium
2079,Powershell Detect Virtualization Environment,windows,T1497.001,medium
2080,Powershell Directory Enumeration,windows,T1083,medium
2081,Powershell DNSExfiltration,windows,T1048,high
2082,PowerShell Downgrade Attack - PowerShell,windows,T1059.001,medium
2083,PowerShell Download and Execution Cradles,windows,T1059,high
2084,PowerShell Download Pattern,windows,T1059.001,medium
2085,PowerShell Download Via Net.WebClient - PowerShell Classic,windows,"T1059.001, T1105",low
2086,Powershell Execute Batch Script,windows,T1059.003,medium
2087,Powershell Executed From Headless ConHost Process,windows,"T1059.001, T1059.003, T1564.003",medium
2088,PowerShell Execution With Potential Decryption Capabilities,windows,,high
2089,PowerShell Get Clipboard,windows,T1115,medium
2090,PowerShell Get-Clipboard Cmdlet Via CLI,windows,T1115,medium
2091,PowerShell Get-Process LSASS,windows,T1552.004,high
2092,PowerShell Get-Process LSASS in ScriptBlock,windows,T1003.001,high
2093,PowerShell Hotfix Enumeration,windows,,medium
2094,PowerShell ICMP Exfiltration,windows,T1048.003,medium
2095,Powershell Inline Execution From A File,windows,T1059.001,medium
2096,Powershell Install a DLL in System Directory,windows,T1556.002,high
2097,Powershell Keylogging,windows,T1056.001,medium
2098,Powershell Local Email Collection,windows,T1114.001,medium
2099,Powershell LocalAccount Manipulation,windows,T1098,medium
2100,PowerShell Logging Disabled Via Registry Key Tampering,windows,"T1564.001, T1112",high
2101,PowerShell Module File Created,windows,,low
2102,PowerShell Module File Created By Non-PowerShell Process,windows,,medium
2103,PowerShell MSI Install via WindowsInstaller COM From Remote Location,windows,"T1059.001, T1218, T1105",medium
2104,Powershell MsXml COM Object,windows,T1059.001,medium
2105,PowerShell Profile Modification,windows,T1546.013,medium
2106,PowerShell PSAttack,windows,T1059.001,high
2107,PowerShell Remote Session Creation,windows,T1059.001,medium
2108,PowerShell SAM Copy,windows,T1003.002,high
2109,PowerShell Script Change Permission Via Set-Acl,windows,,high
2110,PowerShell Script Change Permission Via Set-Acl - PsScript,windows,T1222,low
2111,PowerShell Script Dropped Via PowerShell.EXE,windows,,low
2112,PowerShell Script Execution Policy Enabled,windows,,low
2113,PowerShell Script Run in AppData,windows,T1059.001,medium
2114,PowerShell Script With File Hostname Resolving Capabilities,windows,T1020,medium
2115,PowerShell Script With File Upload Capabilities,windows,T1020,low
2116,PowerShell Scripts Installed as Services,windows,T1569.002,high
2117,PowerShell Scripts Installed as Services - Security,windows,T1569.002,high
2118,Powershell Sensitive File Discovery,windows,T1083,medium
2119,PowerShell Set-Acl On Windows Folder,windows,,high
2120,PowerShell Set-Acl On Windows Folder - PsScript,windows,T1222,high
2121,PowerShell ShellCode,windows,"T1055, T1059.001",high
2122,Powershell Store File In Alternate Data Stream,windows,T1564.004,medium
2123,Powershell Suspicious Win32_PnPEntity,windows,T1120,low
2124,Powershell Timestomp,windows,T1070.006,medium
2125,Powershell Token Obfuscation - Process Creation,windows,T1027.009,high
2126,PowerShell Web Access Feature Enabled Via DISM,windows,T1548.002,high
2127,PowerShell Web Access Installation - PsScript,windows,T1059.001,high
2128,Powershell WMI Persistence,windows,T1546.003,medium
2129,PowerShell WMI Win32_Product Install MSI,windows,T1218.007,medium
2130,PowerShell Write-EventLog Usage,windows,,medium
2131,Powershell XML Execute Command,windows,T1059.001,medium
2132,Powerview Add-DomainObjectAcl DCSync AD Extend Right,windows,T1098,high
2133,PowerView PowerShell Cmdlets - ScriptBlock,windows,T1059.001,high
2134,PPL Tampering Via WerFaultSecure,windows,"T1685, T1003.001",high
2135,Prefetch File Deleted,windows,T1070.004,high
2136,Previously Installed IIS Module Was Removed,windows,"T1685.001, T1505.004",low
2137,PrintBrm ZIP Creation of Extraction,windows,"T1105, T1564.004",high
2138,Private Keys Reconnaissance Via CommandLine Tools,windows,T1552.004,medium
2139,Privilege Escalation via Named Pipe Impersonation,windows,T1021,high
2140,Procdump Execution,windows,"T1036, T1003.001",medium
2141,Process Access via TrolleyExpress Exclusion,windows,"T1218.011, T1003.001",high
2142,Process Creation Attempt via Wmic.EXE,windows,T1047,medium
2143,Process Creation Using Sysnative Folder,windows,T1055,medium
2144,Process Deletion of Its Own Executable,windows,,medium
2145,Process Execution From A Potentially Suspicious Folder,windows,T1036,high
2146,Process Explorer Driver Creation By Non-Sysinternals Binary,windows,T1068,high
2147,Process Initiated Network Connection To Ngrok Domain,windows,"T1567, T1572, T1102",high
2148,Process Launched Without Image Name,windows,,medium
2149,Process Memory Dump Via Comsvcs.DLL,windows,"T1036, T1003.001",high
2150,Process Memory Dump Via Dotnet-Dump,windows,T1218,medium
2151,Process Memory Dump via RdrLeakDiag.EXE,windows,T1003.001,high
2152,Process Monitor Driver Creation By Non-Sysinternals Binary,windows,T1068,medium
2153,Process Proxy Execution Via Squirrel.EXE,windows,T1218,medium
2154,Processes Accessing the Microphone and Webcam,windows,T1123,medium
2155,ProcessHacker Privilege Elevation,windows,"T1543.003, T1569.002",high
2156,Program Executed Using Proxy/Local Command Via SSH.EXE,windows,T1218,medium
2157,Protected Storage Service Access,windows,T1021.002,high
2158,Proxy Execution via Vshadow,windows,T1202,medium
2159,Proxy Execution Via Wuauclt.EXE,windows,T1218,high
2160,ProxyLogon MSExchange OabVirtualDirectory,windows,T1587.001,critical
2161,PSAsyncShell - Asynchronous TCP Reverse Shell,windows,T1059.001,high
2162,PSExec and WMI Process Creations Block,windows,"T1047, T1569.002",high
2163,Psexec Execution,windows,"T1569, T1021",medium
2164,PSEXEC Remote Execution File Artefact,windows,"T1136.002, T1543.003, T1570",high
2165,PsExec Service Child Process Execution as LOCAL SYSTEM,windows,,high
2166,PsExec Service Execution,windows,,medium
2167,PsExec Service File Creation,windows,T1569.002,low
2168,PsExec Service Installation,windows,T1569.002,medium
2169,PsExec Tool Execution From Suspicious Locations - PipeName,windows,T1569.002,medium
2170,PsExec/PAExec Escalation to LOCAL SYSTEM,windows,T1587.001,high
2171,PSScriptPolicyTest Creation By Uncommon Process,windows,,medium
2172,PUA - 3Proxy Execution,windows,T1572,high
2173,PUA - AdFind Suspicious Execution,windows,"T1018, T1087.002, T1482, T1069.002",high
2174,PUA - AdFind.EXE Execution,windows,T1087.002,medium
2175,PUA - Adidnsdump Execution,windows,T1018,low
2176,PUA - Advanced IP Scanner Execution,windows,"T1046, T1135",medium
2177,PUA - Advanced Port Scanner Execution,windows,"T1046, T1135",medium
2178,PUA - AdvancedRun Execution,windows,"T1564.003, T1134.002, T1059.003",medium
2179,PUA - AdvancedRun Suspicious Execution,windows,T1134.002,high
2180,PUA - Chisel Tunneling Tool Execution,windows,T1090.001,high
2181,PUA - CleanWipe Execution,windows,T1685,high
2182,PUA - Crassus Execution,windows,T1590.001,high
2183,PUA - CSExec Default Named Pipe,windows,"T1021.002, T1569.002",medium
2184,PUA - CsExec Execution,windows,"T1587.001, T1569.002",high
2185,PUA - DefenderCheck Execution,windows,T1027.005,high
2186,PUA - DIT Snapshot Viewer,windows,T1003.003,high
2187,PUA - Fast Reverse Proxy (FRP) Execution,windows,T1090,high
2188,PUA - Kernel Driver Utility (KDU) Execution,windows,T1543.003,high
2189,PUA - Memory Dump Mount Via MemProcFS,windows,"T1003, T1003.001, T1003.004, T1003.002",high
2190,PUA - Mouse Lock Execution,windows,T1056.002,medium
2191,PUA - Netcat Suspicious Execution,windows,T1095,high
2192,PUA - Ngrok Execution,windows,T1572,high
2193,PUA - Nimgrab Execution,windows,T1105,high
2194,PUA - NimScan Execution,windows,T1046,medium
2195,PUA - NirCmd Execution,windows,T1569.002,medium
2196,PUA - NirCmd Execution As LOCAL SYSTEM,windows,T1569.002,high
2197,PUA - Nmap/Zenmap Execution,windows,T1046,medium
2198,PUA - NPS Tunneling Tool Execution,windows,T1090,high
2199,PUA - NSudo Execution,windows,T1569.002,high
2200,PUA - PAExec Default Named Pipe,windows,T1569.002,medium
2201,PUA - PingCastle Execution,windows,T1595,medium
2202,PUA - PingCastle Execution From Potentially Suspicious Parent,windows,T1595,high
2203,PUA - Potential PE Metadata Tamper Using Rcedit,windows,"T1036.003, T1036, T1027.005, T1027",medium
2204,PUA - Process Hacker Driver Load,windows,T1543,high
2205,PUA - Process Hacker Execution,windows,"T1622, T1564, T1543",medium
2206,PUA - Radmin Viewer Utility Execution,windows,T1072,medium
2207,PUA - Rclone Execution,windows,T1567.002,high
2208,PUA - RemCom Default Named Pipe,windows,"T1021.002, T1569.002",medium
2209,PUA - Restic Backup Tool Execution,windows,"T1048, T1567.002",high
2210,PUA - RunXCmd Execution,windows,T1569.002,high
2211,PUA - Seatbelt Execution,windows,"T1526, T1087, T1083",high
2212,PUA - SoftPerfect Netscan Execution,windows,T1046,medium
2213,PUA - Suspicious ActiveDirectory Enumeration Via AdFind.EXE,windows,T1087.002,high
2214,PUA - Sysinternal Tool Execution - Registry,windows,T1588.002,low
2215,PUA - Sysinternals Tools Execution - Registry,windows,T1588.002,medium
2216,PUA - System Informer Driver Load,windows,T1543,medium
2217,PUA - System Informer Execution,windows,"T1082, T1564, T1543",medium
2218,PUA - TruffleHog Execution,windows,"T1083, T1552.001",medium
2219,PUA - WebBrowserPassView Execution,windows,T1555.003,medium
2220,PUA - Wsudo Suspicious Execution,windows,T1059,high
2221,PUA- IOX Tunneling Tool Execution,windows,T1090,high
2222,Publisher Attachment File Dropped In Suspicious Location,windows,,medium
2223,Pubprn.vbs Proxy Execution,windows,T1216.001,medium
2224,Python Function Execution Security Warning Disabled In Excel,windows,T1685,high
2225,Python Function Execution Security Warning Disabled In Excel - Registry,windows,T1685,high
2226,Python Image Load By Non-Python Process,windows,T1027.002,low
2227,Python Initiated Connection,windows,T1046,medium
2228,Python Inline Command Execution,windows,T1059,medium
2229,Python One-Liners with Base64 Decoding,windows,"T1059.006, T1027.010",high
2230,Python Spawning Pretty TTY on Windows,windows,T1059,high
2231,Query Tor Onion Address - DNS Client,windows,T1090.003,high
2232,Query Usage To Exfil Data,windows,,medium
2233,QuickAssist Execution,windows,T1219.002,low
2234,Raccine Uninstall,windows,T1685,high
2235,Rar Usage with Password and Compression Level,windows,T1560.001,high
2236,Rare Remote Thread Creation By Uncommon Source Image,windows,T1055,high
2237,Rclone Config File Creation,windows,T1567.002,medium
2238,RDP Connection Allowed Via Netsh.EXE,windows,T1686.003,high
2239,RDP Enable or Disable via Win32_TerminalServiceSetting WMI Class,windows,"T1021.001, T1047",medium
2240,RDP Login from Localhost,windows,T1021.001,high
2241,RDP Over Reverse SSH Tunnel,windows,"T1572, T1021.001",high
2242,RDP over Reverse SSH Tunnel WFP,windows,"T1090.001, T1090.002, T1021.001",high
2243,RDP Port Forwarding Rule Added Via Netsh.EXE,windows,T1090,high
2244,RDP Sensitive Settings Changed,windows,T1112,high
2245,RDP Sensitive Settings Changed to Zero,windows,T1112,medium
2246,RDP to HTTP or HTTPS Target Ports,windows,"T1572, T1021.001",high
2247,Read Contents From Stdin Via Cmd.EXE,windows,T1059.003,medium
2248,Rebuild Performance Counter Values Via Lodctr.EXE,windows,,medium
2249,Recon Command Output Piped To Findstr.EXE,windows,T1057,medium
2250,Recon Information for Export with Command Prompt,windows,T1119,medium
2251,Recon Information for Export with PowerShell,windows,T1119,medium
2252,Reconnaissance Activity,windows,"T1087.002, T1069.002",high
2253,RedMimicry Winnti Playbook Registry Manipulation,windows,T1112,high
2254,Reg Add Suspicious Paths,windows,"T1112, T1685",high
2255,RegAsm.EXE Execution Without CommandLine Flags or Files,windows,T1218.009,low
2256,RegAsm.EXE Initiating Network Connection To Public IP,windows,T1218.009,medium
2257,Regedit as Trusted Installer,windows,T1548,high
2258,Register New IFiltre For Persistence,windows,,medium
2259,Register new Logon Process by Rubeus,windows,T1558.003,high
2260,REGISTER_APP.VBS Proxy Execution,windows,T1218,medium
2261,Registry Disable System Restore,windows,T1490,high
2262,Registry Entries For Azorult Malware,windows,T1112,critical
2263,Registry Enumeration via WMI Stdregprov,windows,"T1047, T1012",medium
2264,Registry Explorer Policy Modification,windows,T1112,medium
2265,Registry Export of Third-Party Credentials,windows,T1552.002,high
2266,Registry Hide Function from User,windows,T1112,medium
2267,Registry Hive File Staged Outside Standard User Profile Path,windows,"T1548, T1003",high
2268,Registry Manipulation via WMI Stdregprov,windows,"T1047, T1112",medium
2269,Registry Modification Attempt Via VBScript,windows,"T1112, T1059.005",medium
2270,Registry Modification Attempt Via VBScript - PowerShell,windows,"T1112, T1059.005",medium
2271,Registry Modification for OCI DLL Redirection,windows,"T1112, T1574.001",high
2272,Registry Modification of MS-settings Protocol Handler,windows,"T1548.002, T1546.001, T1112",medium
2273,Registry Modification to Hidden File Extension,windows,T1137,medium
2274,Registry Modification Via Regini.EXE,windows,T1112,low
2275,Registry Persistence Mechanisms in Recycle Bin,windows,T1547,high
2276,Registry Persistence via Explorer Run Key,windows,T1547.001,high
2277,Registry Persistence via Service in Safe Mode,windows,T1564.001,high
2278,Registry Tampering by Potentially Suspicious Processes,windows,"T1112, T1059.005",medium
2279,Registry-Free Process Scope COR_PROFILER,windows,T1574.012,medium
2280,Regsvr32 DLL Execution With Suspicious File Extension,windows,T1218.010,high
2281,Regsvr32 DLL Execution With Uncommon Extension,windows,T1574,medium
2282,Regsvr32 Execution From Highly Suspicious Location,windows,T1218.010,high
2283,Regsvr32 Execution From Potential Suspicious Location,windows,T1218.010,medium
2284,Relevant Anti-Virus Signature Keywords In Application Log,windows,T1588,high
2285,RemCom Service File Creation,windows,T1569.002,medium
2286,RemCom Service Installation,windows,T1569.002,medium
2287,Remote Access Tool - AnyDesk Execution,windows,T1219.002,medium
2288,Remote Access Tool - Anydesk Execution From Suspicious Folder,windows,T1219.002,high
2289,Remote Access Tool - AnyDesk Execution With Known Revoked Signing Certificate,windows,,medium
2290,Remote Access Tool - AnyDesk Incoming Connection,windows,T1219.002,medium
2291,Remote Access Tool - AnyDesk Piped Password Via CLI,windows,T1219.002,medium
2292,Remote Access Tool - AnyDesk Silent Installation,windows,T1219.002,high
2293,Remote Access Tool - GoToAssist Execution,windows,T1219.002,medium
2294,Remote Access Tool - LogMeIn Execution,windows,T1219.002,medium
2295,Remote Access Tool - MeshAgent Command Execution via MeshCentral,windows,T1219.002,medium
2296,Remote Access Tool - NetSupport Execution,windows,T1219.002,medium
2297,Remote Access Tool - NetSupport Execution From Unusual Location,windows,,medium
2298,Remote Access Tool - Potential MeshAgent Execution - Windows,windows,T1219.002,medium
2299,Remote Access Tool - Renamed MeshAgent Execution - Windows,windows,"T1219.002, T1036.003",high
2300,Remote Access Tool - RURAT Execution From Unusual Location,windows,,medium
2301,Remote Access Tool - ScreenConnect Command Execution,windows,T1059.003,low
2302,Remote Access Tool - ScreenConnect Execution,windows,T1219.002,medium
2303,Remote Access Tool - ScreenConnect File Transfer,windows,T1059.003,low
2304,Remote Access Tool - ScreenConnect Installation Execution,windows,T1133,medium
2305,Remote Access Tool - ScreenConnect Potential Suspicious Remote Command Execution,windows,T1219.002,medium
2306,Remote Access Tool - ScreenConnect Remote Command Execution,windows,T1059.003,low
2307,Remote Access Tool - ScreenConnect Server Web Shell Execution,windows,T1190,high
2308,Remote Access Tool - ScreenConnect Temporary File,windows,T1059.003,low
2309,Remote Access Tool - Simple Help Execution,windows,T1219.002,medium
2310,Remote Access Tool - TacticalRMM Agent Registration to Potentially Attacker-Controlled Server,windows,"T1219, T1105",medium
2311,Remote Access Tool - Team Viewer Session Started On Windows Host,windows,T1133,low
2312,Remote Access Tool - UltraViewer Execution,windows,T1219.002,medium
2313,Remote Access Tool Services Have Been Installed - Security,windows,"T1543.003, T1569.002",medium
2314,Remote Access Tool Services Have Been Installed - System,windows,"T1543.003, T1569.002",medium
2315,Remote AppX Package Downloaded from File Sharing or CDN Domain,windows,,high
2316,Remote CHM File Download/Execution Via HH.EXE,windows,T1218.001,high
2317,Remote Code Execute via Winrm.vbs,windows,T1216,medium
2318,Remote DLL Load Via Rundll32.EXE,windows,T1204.002,medium
2319,Remote File Download Via Desktopimgdownldr Utility,windows,T1105,medium
2320,Remote File Download Via Findstr.EXE,windows,"T1218, T1564.004, T1552.001, T1105",medium
2321,Remote LSASS Process Access Through Windows Remote Management,windows,"T1003.001, T1059.001, T1021.006",high
2322,Remote PowerShell Session (PS Classic),windows,"T1059.001, T1021.006",low
2323,Remote PowerShell Session (PS Module),windows,"T1059.001, T1021.006",high
2324,Remote PowerShell Session Host Process (WinRM),windows,"T1059.001, T1021.006",medium
2325,Remote PowerShell Sessions Network Connections (WinRM),windows,T1059.001,high
2326,Remote Service Activity via SVCCTL Named Pipe,windows,T1021.002,medium
2327,Remote Task Creation via ATSVC Named Pipe,windows,T1053.002,medium
2328,Remote Thread Created In KeePass.EXE,windows,T1555.005,high
2329,Remote Thread Creation By Uncommon Source Image,windows,T1055,medium
2330,Remote Thread Creation In Mstsc.Exe From Suspicious Location,windows,,high
2331,Remote Thread Creation In Uncommon Target Image,windows,T1055.003,medium
2332,Remote Thread Creation Ttdinject.exe Proxy,windows,T1127,high
2333,Remote Thread Creation Via PowerShell In Uncommon Target,windows,"T1218.011, T1059.001",medium
2334,Remote Utilities Host Service Install,windows,,medium
2335,Remote XSL Execution Via Msxsl.EXE,windows,T1220,high
2336,RemoteFXvGPUDisablement Abuse Via AtomicTestHarnesses,windows,T1218,high
2337,Remotely Hosted HTA File Executed Via Mshta.EXE,windows,T1218.005,high
2338,Removal Of AMSI Provider Registry Keys,windows,T1685,high
2339,Removal Of Index Value to Hide Schedule Task - Registry,windows,T1685,medium
2340,Removal of Potential COM Hijacking Registry Keys,windows,T1112,medium
2341,Removal Of SD Value to Hide Schedule Task - Registry,windows,T1685,medium
2342,Remove Account From Domain Admin Group,windows,T1531,medium
2343,Remove Exported Mailbox from Exchange Webserver,windows,T1070,high
2344,Renamed AdFind Execution,windows,"T1018, T1087.002, T1482, T1069.002",high
2345,Renamed AutoHotkey.EXE Execution,windows,,medium
2346,Renamed AutoIt Execution,windows,T1027,high
2347,Renamed BOINC Client Execution,windows,T1553,medium
2348,Renamed BrowserCore.EXE Execution,windows,"T1528, T1036.003",high
2349,Renamed Cloudflared.EXE Execution,windows,T1090.001,high
2350,Renamed CreateDump Utility Execution,windows,"T1036, T1003.001",high
2351,Renamed CURL.EXE Execution,windows,"T1059, T1202",medium
2352,Renamed FTP.EXE Execution,windows,"T1059, T1202",medium
2353,Renamed Gpg.EXE Execution,windows,T1486,high
2354,Renamed Jusched.EXE Execution,windows,T1036.003,high
2355,Renamed Mavinject.EXE Execution,windows,"T1055.001, T1218.013",high
2356,Renamed MegaSync Execution,windows,T1218,high
2357,Renamed Microsoft Teams Execution,windows,,medium
2358,Renamed Msdt.EXE Execution,windows,T1036.003,high
2359,Renamed NetSupport RAT Execution,windows,,high
2360,Renamed NirCmd.EXE Execution,windows,"T1059, T1202",high
2361,Renamed Office Binary Execution,windows,T1036.003,high
2362,Renamed PAExec Execution,windows,T1202,high
2363,Renamed PingCastle Binary Execution,windows,"T1059, T1202",high
2364,Renamed Plink Execution,windows,T1036,high
2365,Renamed Powershell Under Powershell Channel,windows,"T1059.001, T1036.003",low
2366,Renamed ProcDump Execution,windows,T1036.003,high
2367,Renamed PsExec Service Execution,windows,,high
2368,Renamed Remote Utilities RAT (RURAT) Execution,windows,,medium
2369,Renamed Schtasks Execution,windows,"T1036.003, T1053.005",high
2370,Renamed SysInternals DebugView Execution,windows,T1588.002,high
2371,Renamed Sysinternals Sdelete Execution,windows,T1485,high
2372,Renamed Visual Studio Code Tunnel Execution,windows,"T1071.001, T1219",high
2373,Renamed Vmnat.exe Execution,windows,T1574.001,high
2374,Renamed VsCode Code Tunnel Execution - File Indicator,windows,,high
2375,Renamed Whoami Execution,windows,T1033,critical
2376,Renamed ZOHO Dctask64 Execution,windows,"T1036, T1055.001, T1202, T1218",high
2377,Replace Desktop Wallpaper by Powershell,windows,T1491.001,low
2378,Replace.exe Usage,windows,T1105,medium
2379,Replay Attack Detected,windows,T1558,high
2380,Response File Execution Via Odbcconf.EXE,windows,T1218.008,medium
2381,Restricted Software Access By SRP,windows,T1072,high
2382,RestrictedAdminMode Registry Value Tampering,windows,T1112,high
2383,RestrictedAdminMode Registry Value Tampering - ProcCreation,windows,T1112,high
2384,Root Certificate Installed - PowerShell,windows,T1553.004,medium
2385,Root Certificate Installed From Susp Locations,windows,T1553.004,high
2386,RottenPotato Like Attack Pattern,windows,T1557.001,high
2387,RTCore Suspicious Service Installation,windows,,high
2388,Ruby Inline Command Execution,windows,T1059,medium
2389,Run Once Task Configuration in Registry,windows,T1112,medium
2390,Run Once Task Execution as Configured in Registry,windows,T1112,low
2391,Run PowerShell Script from ADS,windows,T1564.004,high
2392,Run PowerShell Script from Redirected Input Stream,windows,T1059,high
2393,Rundll32 Execution With Uncommon DLL Extension,windows,T1218.011,medium
2394,Rundll32 Execution Without CommandLine Parameters,windows,T1202,high
2395,Rundll32 Execution Without Parameters,windows,"T1021.002, T1570, T1569.002",high
2396,Rundll32 InstallScreenSaver Execution,windows,T1218.011,medium
2397,Rundll32 Internet Connection,windows,T1218.011,medium
2398,Rundll32 Registered COM Objects,windows,T1546.015,high
2399,Rundll32 Spawned Via Explorer.EXE,windows,,medium
2400,RunDLL32 Spawning Explorer,windows,T1218.011,high
2401,Rundll32 UNC Path Execution,windows,"T1021.002, T1218.011",high
2402,RunMRU Registry Key Deletion,windows,T1070.003,high
2403,RunMRU Registry Key Deletion - Registry,windows,T1070.003,high
2404,Running Chrome VPN Extensions via the Registry 2 VPN Extension,windows,T1133,high
2405,SafeBoot Registry Key Deleted Via Reg.EXE,windows,T1685,high
2406,SAM Registry Hive Handle Request,windows,"T1012, T1552.002",high
2407,Schedule Task Creation From Env Variable Or Potentially Suspicious Path Via Schtasks.EXE,windows,T1053.005,medium
2408,Scheduled Task Creation Masquerading as System Processes,windows,"T1053.005, T1036.004, T1036.005",high
2409,Scheduled Task Creation Via Schtasks.EXE,windows,T1053.005,low
2410,Scheduled Task Creation with Curl and PowerShell Execution Combo,windows,"T1053.005, T1218, T1105",medium
2411,Scheduled Task Executed From A Suspicious Location,windows,T1053.005,medium
2412,Scheduled Task Executed Uncommon LOLBIN,windows,T1053.005,medium
2413,Scheduled Task Executing Encoded Payload from Registry,windows,"T1053.005, T1059.001",high
2414,Scheduled Task Executing Payload from Registry,windows,"T1053.005, T1059.001",medium
2415,Scheduled TaskCache Change by Uncommon Program,windows,"T1053, T1053.005",high
2416,Schtasks Creation Or Modification With SYSTEM Privileges,windows,T1053.005,high
2417,Schtasks From Suspicious Folders,windows,T1053.005,high
2418,SCM Database Handle Failure,windows,T1010,medium
2419,SCM Database Privileged Operation,windows,T1548,medium
2420,SCR File Write Event,windows,T1218.011,medium
2421,Screen Capture Activity Via Psr.EXE,windows,T1113,medium
2422,ScreenConnect Temporary Installation Artefact,windows,T1219.002,medium
2423,ScreenSaver Registry Key Set,windows,T1218.011,medium
2424,Script Event Consumer Spawning Process,windows,T1047,high
2425,Script Interpreter Execution From Suspicious Folder,windows,T1059,high
2426,Script Interpreter Spawning Credential Scanner - Windows,windows,"T1552, T1005, T1059.007",high
2427,Scripted Diagnostics Turn Off Check Enabled - Registry,windows,T1685,medium
2428,Scripting/CommandLine Process Spawned Regsvr32,windows,T1218.010,medium
2429,Sdclt Child Processes,windows,T1548.002,medium
2430,Sdiagnhost Calling Suspicious Child Process,windows,"T1036, T1218",high
2431,Security Event Logging Disabled via MiniNt Registry Key - Process,windows,"T1685.001, T1112",high
2432,Security Event Logging Disabled via MiniNt Registry Key - Registry Set,windows,"T1685.001, T1112",high
2433,Security Eventlog Cleared,windows,T1685.005,high
2434,Security Privileges Enumeration Via Whoami.EXE,windows,T1033,high
2435,Security Service Disabled Via Reg.EXE,windows,T1685,high
2436,Security Software Discovery Via Powershell Script,windows,T1518.001,medium
2437,Security Support Provider (SSP) Added to LSA Configuration,windows,T1547.005,high
2438,Security Tools Keyword Lookup Via Findstr.EXE,windows,T1518.001,medium
2439,Self Extracting Package Creation Via Iexpress.EXE From Potentially Suspicious Location,windows,T1218,high
2440,Self Extraction Directive File Created In Potentially Suspicious Location,windows,T1218,medium
2441,Sensitive File Access Via Volume Shadow Copy Backup,windows,T1490,high
2442,Sensitive File Dump Via Print.EXE,windows,"T1003.003, T1003.002, T1218",high
2443,Sensitive File Dump Via Wbadmin.EXE,windows,T1003.003,high
2444,Sensitive File Recovery From Backup Via Wbadmin.EXE,windows,T1003.003,high
2445,Service Binary in Suspicious Folder,windows,T1112,high
2446,Service DACL Abuse To Hide Services Via Sc.EXE,windows,T1574.011,high
2447,Service Installation in Suspicious Folder,windows,T1543.003,medium
2448,Service Installation with Suspicious Folder Pattern,windows,T1543.003,high
2449,Service Installed By Unusual Client - Security,windows,T1543,high
2450,Service Installed By Unusual Client - System,windows,T1543,high
2451,Service Reconnaissance Via Wmic.EXE,windows,T1047,medium
2452,Service Registry Key Deleted Via Reg.EXE,windows,T1685,high
2453,Service Registry Key Read Access Request,windows,T1574.011,low
2454,Service Registry Permissions Weakness Check,windows,T1574.011,medium
2455,Service Security Descriptor Tampering Via Sc.EXE,windows,T1574.011,medium
2456,Service Started/Stopped Via Wmic.EXE,windows,T1047,medium
2457,Service Startup Type Change Via Wmic.EXE,windows,"T1047, T1685",medium
2458,Service StartupType Change Via PowerShell Set-Service,windows,T1685,medium
2459,Service StartupType Change Via Sc.EXE,windows,T1685,medium
2460,ServiceDll Hijack,windows,T1543.003,medium
2461,Session Manager Autorun Keys Modification,windows,"T1547.001, T1546.009",medium
2462,Set Suspicious Files as System Files Using Attrib.EXE,windows,T1564.001,high
2463,Setup16.EXE Execution With Custom .Lst File,windows,T1574.005,medium
2464,Shadow Copies Creation Using Operating Systems Utilities,windows,"T1003, T1003.002, T1003.003",medium
2465,Shadow Copies Deletion Using Operating Systems Utilities,windows,"T1070, T1490",high
2466,Share And Session Enumeration Using Net.EXE,windows,T1018,low
2467,Shell Open Registry Keys Manipulation,windows,"T1548.002, T1546.001",high
2468,Shell Process Spawned by Java.EXE,windows,,medium
2469,Shell32 DLL Execution in Suspicious Directory,windows,T1218.011,high
2470,ShimCache Flush,windows,T1112,high
2471,Silence.EDA Detection,windows,"T1059.001, T1071.004, T1572, T1529",critical
2472,Silenttrinity Stager Msbuild Activity,windows,T1127.001,high
2473,Sliver C2 Default Service Installation,windows,"T1543.003, T1569.002",high
2474,SMB Create Remote File Admin Share,windows,T1021.002,high
2475,smbexec.py Service Installation,windows,"T1021.002, T1569.002",high
2476,SQL Client Tools PowerShell Session Detection,windows,"T1059.001, T1127",medium
2477,SQLite Chromium Profile Data DB Access,windows,"T1539, T1555.003, T1005",high
2478,SQLite Firefox Profile Data DB Access,windows,"T1539, T1005",high
2479,Standard User In High Privileged Group,windows,,medium
2480,Start of NT Virtual DOS Machine,windows,,medium
2481,Start Windows Service Via Net.EXE,windows,T1569.002,low
2482,Startup Folder File Write,windows,T1547.001,medium
2483,Startup/Logon Script Added to Group Policy Object,windows,"T1484.001, T1547",medium
2484,Sticky Key Like Backdoor Execution,windows,T1546.008,critical
2485,Sticky Key Like Backdoor Usage - Registry,windows,T1546.008,critical
2486,Stop Windows Service Via Net.EXE,windows,T1489,low
2487,Stop Windows Service Via PowerShell Stop-Service,windows,T1489,low
2488,Stop Windows Service Via Sc.EXE,windows,T1489,low
2489,Successful Account Login Via WMI,windows,T1047,low
2490,Successful Overpass the Hash Attempt,windows,T1550.002,high
2491,Suspect Svchost Activity,windows,T1055,high
2492,Suspicious Access to Sensitive File Extensions,windows,T1039,medium
2493,Suspicious Active Directory Database Snapshot Via ADExplorer,windows,"T1087.002, T1069.002, T1482",high
2494,Suspicious AddinUtil.EXE CommandLine Execution,windows,T1218,high
2495,Suspicious Advpack Call Via Rundll32.EXE,windows,,high
2496,Suspicious AgentExecutor PowerShell Execution,windows,T1218,high
2497,Suspicious Appended Extension,windows,T1486,medium
2498,Suspicious Application Allowed Through Exploit Guard,windows,T1685,high
2499,Suspicious Application Installed,windows,,medium
2500,Suspicious ArcSOC.exe Child Process,windows,"T1059, T1203",high
2501,Suspicious ASPX File Drop by Exchange,windows,T1505.003,high
2502,Suspicious Autorun Registry Modified via WMI,windows,"T1547.001, T1047",high
2503,Suspicious Binaries and Scripts in Public Folder,windows,T1204,high
2504,Suspicious Binary In User Directory Spawned From Office Application,windows,T1204.002,high
2505,Suspicious Binary Writes Via AnyDesk,windows,T1219.002,high
2506,Suspicious BitLocker Access Agent Update Utility Execution,windows,"T1218, T1021.003",high
2507,Suspicious Cabinet File Execution Via Msdt.EXE,windows,T1202,medium
2508,Suspicious Calculator Usage,windows,T1036,high
2509,Suspicious Camera and Microphone Access,windows,"T1125, T1123",high
2510,Suspicious CertReq Command to Download,windows,T1105,high
2511,Suspicious Child Process Created as System,windows,T1134.002,high
2512,Suspicious Child Process of AspNetCompiler,windows,T1127,high
2513,Suspicious Child Process Of BgInfo.EXE,windows,"T1059.005, T1218, T1202",high
2514,Suspicious Child Process Of Manage Engine ServiceDesk,windows,T1102,high
2515,Suspicious Child Process of Notepad++ Updater - GUP.Exe,windows,"T1195.002, T1557",high
2516,Suspicious Child Process Of SQL Server,windows,"T1505.003, T1190",high
2517,Suspicious Child Process Of Veeam Dabatase,windows,,critical
2518,Suspicious Child Process Of Wermgr.EXE,windows,"T1055, T1036",high
2519,Suspicious Chromium Browser Instance Executed With Custom Extension,windows,T1176.001,high
2520,Suspicious ClickFix/FileFix Execution Pattern,windows,"T1204.001, T1204.004",high
2521,Suspicious Cobalt Strike DNS Beaconing - DNS Client,windows,T1071.004,critical
2522,Suspicious Cobalt Strike DNS Beaconing - Sysmon,windows,T1071.004,critical
2523,Suspicious CodePage Switch Via CHCP,windows,T1036,medium
2524,Suspicious Command Patterns In Scheduled Task Creation,windows,T1053.005,high
2525,Suspicious Computer Machine Password by PowerShell,windows,T1078,medium
2526,Suspicious Connection to Remote Account,windows,T1110.001,low
2527,Suspicious Control Panel DLL Load,windows,T1218.011,high
2528,Suspicious Copy From or To System Directory,windows,T1036.003,medium
2529,Suspicious Creation with Colorcpl,windows,T1564,high
2530,Suspicious Cross-User Process Spawn,windows,"T1055, T1134",medium
2531,Suspicious Csi.exe Usage,windows,"T1072, T1218",medium
2532,Suspicious Curl.EXE Download,windows,T1105,high
2533,Suspicious CustomShellHost Execution,windows,T1216,high
2534,Suspicious Debugger Registration Cmdline,windows,T1546.008,high
2535,Suspicious Deno File Written from Remote Source,windows,"T1204, T1059.007, T1105",low
2536,Suspicious Desktopimgdownldr Command,windows,T1105,high
2537,Suspicious Desktopimgdownldr Target File,windows,T1105,high
2538,Suspicious Diantz Alternate Data Stream Execution,windows,T1564.004,medium
2539,Suspicious Diantz Download and Compress Into a CAB File,windows,T1105,medium
2540,Suspicious Digital Signature Of AppX Package,windows,,medium
2541,Suspicious DLL Loaded via CertOC.EXE,windows,T1218,high
2542,Suspicious DNS Query for IP Lookup Service APIs,windows,T1590,medium
2543,Suspicious DNS Query Indicating Kerberos Coercion via DNS Object SPN Spoofing,windows,"T1557.001, T1187",high
2544,Suspicious DotNET CLR Usage Log Artifact,windows,T1218,high
2545,Suspicious Double Extension File Execution,windows,T1566.001,high
2546,Suspicious Double Extension Files,windows,T1036.007,high
2547,Suspicious Download From Direct IP Via Bitsadmin,windows,"T1197, T1036.003",high
2548,Suspicious Download From File-Sharing Website Via Bitsadmin,windows,"T1197, T1036.003, T1105",high
2549,Suspicious Download from Office Domain,windows,"T1105, T1608",high
2550,Suspicious Download Via Certutil.EXE,windows,"T1027, T1105",medium
2551,Suspicious Driver Install by pnputil.exe,windows,T1547,medium
2552,Suspicious Driver/DLL Installation Via Odbcconf.EXE,windows,T1218.008,high
2553,Suspicious Dropbox API Usage,windows,"T1105, T1567.002",high
2554,Suspicious DumpMinitool Execution,windows,"T1036, T1003.001",high
2555,Suspicious Electron Application Child Processes,windows,,medium
2556,Suspicious Encoded And Obfuscated Reflection Assembly Load Function Call,windows,"T1059.001, T1027",high
2557,Suspicious Encoded PowerShell Command Line,windows,T1059.001,high
2558,Suspicious Encoded Scripts in a WMI Consumer,windows,"T1047, T1546.003",high
2559,Suspicious Environment Variable Has Been Registered,windows,,high
2560,Suspicious Eventlog Clear,windows,T1685.005,medium
2561,Suspicious Eventlog Clearing or Configuration Change Activity,windows,"T1685.005, T1685.001",high
2562,Suspicious Executable File Creation,windows,T1564,high
2563,Suspicious Execution From Outlook Temporary Folder,windows,T1566.001,high
2564,Suspicious Execution Location Of Wermgr.EXE,windows,,high
2565,Suspicious Execution of Hostname,windows,T1082,low
2566,Suspicious Execution of InstallUtil Without Log,windows,,medium
2567,Suspicious Execution of Powershell with Base64,windows,T1059.001,medium
2568,Suspicious Execution Of Renamed Sysinternals Tools - Registry,windows,T1588.002,high
2569,Suspicious Execution of Shutdown,windows,T1529,medium
2570,Suspicious Execution of Shutdown to Log Out,windows,T1529,medium
2571,Suspicious Execution of Systeminfo,windows,T1082,low
2572,Suspicious Explorer Process with Whitespace Padding - ClickFix/FileFix,windows,"T1204.004, T1027.010",high
2573,Suspicious Extrac32 Alternate Data Stream Execution,windows,T1564.004,medium
2574,Suspicious Extrac32 Execution,windows,T1105,medium
2575,Suspicious File Access to Browser Credential Storage,windows,"T1555.003, T1217",low
2576,Suspicious File Characteristics Due to Missing Fields,windows,T1059.006,medium
2577,Suspicious File Created by ArcSOC.exe,windows,"T1127, T1105, T1133",high
2578,Suspicious File Created in Outlook Temporary Directory,windows,T1566.001,high
2579,Suspicious File Created In PerfLogs,windows,T1059,medium
2580,Suspicious File Created Via OneNote Application,windows,,high
2581,Suspicious File Creation Activity From Fake Recycle.Bin Folder,windows,,high
2582,Suspicious File Creation In Uncommon AppData Folder,windows,,high
2583,Suspicious File Download From File Sharing Domain Via Curl.EXE,windows,,high
2584,Suspicious File Download From File Sharing Domain Via Wget.EXE,windows,,high
2585,Suspicious File Download From File Sharing Websites -  File Stream,windows,T1564.004,high
2586,Suspicious File Download From IP Via Curl.EXE,windows,,high
2587,Suspicious File Download From IP Via Wget.EXE,windows,,high
2588,Suspicious File Download From IP Via Wget.EXE - Paths,windows,,high
2589,Suspicious File Downloaded From Direct IP Via Certutil.EXE,windows,"T1027, T1105",high
2590,Suspicious File Downloaded From File-Sharing Website Via Certutil.EXE,windows,"T1027, T1105",high
2591,Suspicious File Drop by Exchange,windows,"T1190, T1505.003",medium
2592,Suspicious File Encoded To Base64 Via Certutil.EXE,windows,T1027,high
2593,Suspicious File Execution From Internet Hosted WebDav Share,windows,T1059.001,high
2594,Suspicious File Write to SharePoint Layouts Directory,windows,"T1190, T1505.003",high
2595,Suspicious File Write to Webapps Root Directory,windows,"T1505.003, T1190",medium
2596,Suspicious FileFix Execution Pattern,windows,T1204.004,high
2597,Suspicious Files in Default GPO Folder,windows,T1036.005,medium
2598,Suspicious FromBase64String Usage On Gzip Archive - Process Creation,windows,T1132.001,medium
2599,Suspicious FromBase64String Usage On Gzip Archive - Ps Script,windows,T1132.001,medium
2600,Suspicious Get Information for SMB Share,windows,T1069.001,low
2601,Suspicious Get Information for SMB Share - PowerShell Module,windows,T1069.001,low
2602,Suspicious Get Local Groups Information,windows,T1069.001,low
2603,Suspicious Get Local Groups Information - PowerShell,windows,T1069.001,low
2604,Suspicious Get-ADDBAccount Usage,windows,T1003.003,high
2605,Suspicious Get-ADReplAccount,windows,T1003.006,medium
2606,Suspicious Get-Variable.exe Creation,windows,"T1546, T1027",high
2607,Suspicious GetTypeFromCLSID ShellExecute,windows,T1546.015,medium
2608,Suspicious Git Clone,windows,T1593.003,medium
2609,Suspicious GPO Discovery With Get-GPO,windows,T1615,low
2610,Suspicious Greedy Compression Using Rar.EXE,windows,T1059,high
2611,Suspicious Group And Account Reconnaissance Activity Using Net.EXE,windows,"T1087.001, T1087.002",medium
2612,Suspicious GrpConv Execution,windows,T1547,high
2613,Suspicious GUP Usage,windows,T1574.001,high
2614,Suspicious HH.EXE Execution,windows,"T1047, T1059.001, T1059.003, T1059.005, T1059.007, T1218, T1218.001, T1218.010, T1218.011, T1566, T1566.001",high
2615,Suspicious High IntegrityLevel Conhost Legacy Option,windows,T1202,informational
2616,Suspicious HWP Sub Processes,windows,"T1566.001, T1203, T1059.003",high
2617,Suspicious Hyper-V Cmdlets,windows,T1564.006,medium
2618,Suspicious IIS Module Registration,windows,T1505.004,high
2619,Suspicious IIS URL GlobalRules Rewrite Via AppCmd,windows,,medium
2620,Suspicious Interactive PowerShell as SYSTEM,windows,T1059.001,high
2621,Suspicious Invoke-Item From Mount-DiskImage,windows,T1553.005,medium
2622,Suspicious Invoke-WebRequest Execution,windows,T1105,high
2623,Suspicious Invoke-WebRequest Execution With DirectIP,windows,T1105,medium
2624,Suspicious IO.FileStream,windows,T1070.003,medium
2625,Suspicious JavaScript Execution Via Mshta.EXE,windows,T1218.005,high
2626,Suspicious Kerberos RC4 Ticket Encryption,windows,T1558.003,medium
2627,Suspicious Kerberos Ticket Request via CLI,windows,T1558.003,high
2628,Suspicious Kerberos Ticket Request via PowerShell Script - ScriptBlock,windows,T1558.003,high
2629,Suspicious Kernel Dump Using Dtrace,windows,T1082,high
2630,Suspicious Key Manager Access,windows,T1555.004,high
2631,Suspicious Keyboard Layout Load,windows,T1588.002,medium
2632,Suspicious LDAP-Attributes Used,windows,T1001.003,high
2633,Suspicious LNK Command-Line Padding with Whitespace Characters,windows,T1204.002,high
2634,Suspicious LNK Double Extension File Created,windows,T1036.007,medium
2635,Suspicious Loading of Dbgcore/Dbghelp DLLs from Uncommon Location,windows,"T1003, T1685",high
2636,Suspicious LSASS Access Via MalSecLogon,windows,T1003.001,high
2637,Suspicious Machine Account Replication - DcSync Indicator,windows,T1003.006,medium
2638,Suspicious Manipulation Of Default Accounts Via Net.EXE,windows,T1560.001,high
2639,Suspicious Microsoft Office Child Process,windows,"T1047, T1204.002, T1218.010",high
2640,Suspicious Microsoft OneNote Child Process,windows,"T1566, T1566.001",high
2641,Suspicious Modification Of Scheduled Tasks,windows,T1053.005,high
2642,Suspicious Mount-DiskImage,windows,T1553.005,low
2643,Suspicious Msbuild Execution By Uncommon Parent Process,windows,,medium
2644,Suspicious MSDT Parent Process,windows,"T1036, T1218",high
2645,Suspicious MSExchangeMailboxReplication ASPX Write,windows,"T1190, T1505.003",high
2646,Suspicious MSHTA Child Process,windows,T1218.005,high
2647,Suspicious Mshta.EXE Execution Patterns,windows,T1106,high
2648,Suspicious MsiExec Embedding Parent,windows,T1218.007,medium
2649,Suspicious Msiexec Execute Arbitrary DLL,windows,T1218.007,medium
2650,Suspicious Msiexec Quiet Install From Remote Location,windows,T1218.007,medium
2651,Suspicious Mstsc.EXE Execution With Local RDP File,windows,T1219.002,high
2652,Suspicious Network Command,windows,T1016,low
2653,Suspicious Network Connection Binary No CommandLine,windows,,high
2654,Suspicious Network Connection to IP Lookup Service APIs,windows,T1016,medium
2655,Suspicious New Service Creation,windows,T1543.003,high
2656,Suspicious New-PSDrive to Admin Share,windows,T1021.002,medium
2657,Suspicious Non PowerShell WSMAN COM Provider,windows,"T1059.001, T1021.003",medium
2658,Suspicious Non-Browser Network Communication With Google API,windows,T1102,medium
2659,Suspicious Non-Browser Network Communication With Telegram API,windows,"T1102, T1567, T1105",medium
2660,Suspicious NTLM Authentication on the Printer Spooler Service,windows,T1212,high
2661,Suspicious Obfuscated PowerShell Code,windows,,high
2662,Suspicious Outbound SMTP Connections,windows,T1048.003,medium
2663,Suspicious Outlook Child Process,windows,T1204.002,high
2664,Suspicious Outlook Macro Created,windows,"T1137, T1008, T1546",high
2665,Suspicious Parent Double Extension File Execution,windows,T1036.007,high
2666,Suspicious Path In Keyboard Layout IME File Registry Value,windows,T1685,high
2667,Suspicious Persistence Via VMwareToolBoxCmd.EXE VM State Change Script,windows,T1059,high
2668,Suspicious Ping/Del Command Combination,windows,T1070.004,high
2669,Suspicious Plink Port Forwarding,windows,"T1572, T1021.001",high
2670,Suspicious Powercfg Execution To Change Lock Screen Timeout,windows,,medium
2671,Suspicious PowerShell Download - PoshModule,windows,T1059.001,medium
2672,Suspicious PowerShell Download - Powershell Script,windows,T1059.001,medium
2673,Suspicious PowerShell Download and Execute Pattern,windows,T1059.001,high
2674,Suspicious PowerShell Encoded Command Patterns,windows,T1059.001,high
2675,Suspicious PowerShell Get Current User,windows,T1033,low
2676,Suspicious PowerShell IEX Execution Patterns,windows,T1059.001,high
2677,Suspicious PowerShell In Registry Run Keys,windows,T1547.001,medium
2678,Suspicious PowerShell Invocation From Script Engines,windows,T1059.001,medium
2679,Suspicious PowerShell Invocations - Generic,windows,T1059.001,high
2680,Suspicious PowerShell Invocations - Generic - PowerShell Module,windows,T1059.001,high
2681,Suspicious PowerShell Invocations - Specific,windows,T1059.001,high
2682,Suspicious PowerShell Invocations - Specific - PowerShell Module,windows,T1059.001,high
2683,Suspicious PowerShell Invocations - Specific - ProcessCreation,windows,,medium
2684,Suspicious PowerShell Mailbox Export to Share,windows,,critical
2685,Suspicious PowerShell Mailbox Export to Share - PS,windows,,critical
2686,Suspicious PowerShell Parameter Substring,windows,T1059.001,high
2687,Suspicious PowerShell Parent Process,windows,T1059.001,high
2688,Suspicious PowerShell WindowStyle Option,windows,T1564.003,medium
2689,Suspicious Printer Driver Empty Manufacturer,windows,T1574,high
2690,Suspicious Process Access of MsMpEng by WerFaultSecure - EDR-Freeze,windows,T1685,high
2691,Suspicious Process Access to LSASS with Dbgcore/Dbghelp DLLs,windows,"T1003.001, T1685",high
2692,Suspicious Process By Web Server Process,windows,"T1505.003, T1190",high
2693,Suspicious Process Created Via Wmic.EXE,windows,T1047,high
2694,Suspicious Process Discovery With Get-Process,windows,T1057,low
2695,Suspicious Process Execution From Fake Recycle.Bin Folder,windows,,high
2696,Suspicious Process Masquerading As SvcHost.EXE,windows,T1036.005,high
2697,Suspicious Process Parents,windows,T1036,high
2698,Suspicious Process Patterns NTDS.DIT Exfil,windows,T1003.003,high
2699,Suspicious Process Start Locations,windows,T1036,medium
2700,Suspicious Processes Spawned by Java.EXE,windows,,high
2701,Suspicious Processes Spawned by WinRM,windows,T1190,high
2702,Suspicious PROCEXP152.sys File Created In TMP,windows,T1685,medium
2703,Suspicious Program Location Whitelisted In Firewall Via Netsh.EXE,windows,T1686.003,high
2704,Suspicious Program Names,windows,T1059,high
2705,Suspicious Provlaunch.EXE Child Process,windows,T1218,high
2706,Suspicious PsExec Execution,windows,T1021.002,high
2707,Suspicious Query of MachineGUID,windows,T1082,low
2708,Suspicious RASdial Activity,windows,T1059,medium
2709,Suspicious RDP Redirect Using TSCON,windows,"T1563.002, T1021.001",high
2710,Suspicious Reconnaissance Activity Using Get-LocalGroupMember Cmdlet,windows,T1087.001,medium
2711,Suspicious Reconnaissance Activity Via GatherNetworkInfo.VBS,windows,"T1615, T1059.005",high
2712,Suspicious Recursive Takeown,windows,T1222.001,medium
2713,Suspicious Redirection to Local Admin Share,windows,T1048,high
2714,Suspicious Reg Add BitLocker,windows,T1486,high
2715,Suspicious Registry Modification From ADS Via Regini.EXE,windows,T1112,high
2716,Suspicious Regsvr32 Execution From Remote Share,windows,T1218.010,high
2717,Suspicious Rejected SMB Guest Logon From IP,windows,T1110.001,medium
2718,Suspicious Remote Child Process From Outlook,windows,"T1059, T1202",high
2719,Suspicious Remote Logon with Explicit Credentials,windows,T1078,medium
2720,Suspicious Renamed Comsvcs DLL Loaded By Rundll32,windows,T1003.001,high
2721,Suspicious Response File Execution Via Odbcconf.EXE,windows,T1218.008,high
2722,Suspicious Run Key from Download,windows,T1547.001,high
2723,Suspicious RunAs-Like Flag Combination,windows,,medium
2724,Suspicious Rundll32 Activity Invoking Sys File,windows,T1218.011,high
2725,Suspicious Rundll32 Execution With Image Extension,windows,T1218.011,high
2726,Suspicious Rundll32 Invoking Inline VBScript,windows,T1055,high
2727,Suspicious Rundll32 Setupapi.dll Activity,windows,T1218.011,medium
2728,Suspicious Runscripthelper.exe,windows,"T1059, T1202",medium
2729,Suspicious Scan Loop Network,windows,"T1059, T1018",medium
2730,Suspicious Scheduled Task Creation,windows,T1053.005,high
2731,Suspicious Scheduled Task Creation Involving Temp Folder,windows,T1053.005,high
2732,Suspicious Scheduled Task Creation via Masqueraded XML File,windows,"T1036.005, T1053.005",medium
2733,Suspicious Scheduled Task Name As GUID,windows,T1053.005,medium
2734,Suspicious Scheduled Task Update,windows,T1053.005,high
2735,Suspicious Scheduled Task Write to System32 Tasks,windows,T1053,high
2736,Suspicious Schtasks Execution AppData Folder,windows,"T1053.005, T1059.001",high
2737,Suspicious Schtasks Schedule Type With High Privileges,windows,T1053.005,medium
2738,Suspicious Schtasks Schedule Types,windows,T1053.005,high
2739,Suspicious ScreenSave Change by Reg.exe,windows,T1546.002,medium
2740,Suspicious Screensaver Binary File Creation,windows,T1546.002,medium
2741,Suspicious Scripting in a WMI Consumer,windows,T1059.005,high
2742,Suspicious Serv-U Process Pattern,windows,T1555,high
2743,Suspicious Service Binary Directory,windows,T1202,high
2744,Suspicious Service DACL Modification Via Set-Service Cmdlet,windows,T1543.003,high
2745,Suspicious Service DACL Modification Via Set-Service Cmdlet - PS,windows,T1574.011,high
2746,Suspicious Service Installation,windows,T1543.003,high
2747,Suspicious Service Installation Script,windows,T1543.003,high
2748,Suspicious Service Installed,windows,T1685,medium
2749,Suspicious Service Path Modification,windows,T1543.003,high
2750,Suspicious Shell Open Command Registry Modification,windows,"T1548.002, T1546.001",medium
2751,Suspicious ShellExec_RunDLL Call Via Ordinal,windows,T1218.011,high
2752,Suspicious Shells Spawn by Java Utility Keytool,windows,,high
2753,Suspicious Shim Database Patching Activity,windows,T1546.011,high
2754,Suspicious Space Characters in RunMRU Registry Path - ClickFix,windows,"T1204.004, T1027.010",high
2755,Suspicious Space Characters in TypedPaths Registry Path - FileFix,windows,"T1204.004, T1027.010",high
2756,Suspicious Speech Runtime Binary Child Process,windows,"T1021.003, T1218",high
2757,Suspicious Splwow64 Without Params,windows,T1202,high
2758,Suspicious Spool Service Child Process,windows,"T1203, T1068",high
2759,Suspicious SSL Connection,windows,T1573,low
2760,Suspicious Start-Process PassThru,windows,T1036.003,medium
2761,Suspicious Startup Folder Persistence,windows,"T1204.002, T1547.001",high
2762,Suspicious Svchost Process Access,windows,T1685.001,high
2763,Suspicious SysAidServer Child,windows,T1210,medium
2764,Suspicious SYSTEM User Process Creation,windows,"T1134, T1003, T1027",high
2765,Suspicious SYSVOL Domain Group Policy Access,windows,T1552.006,medium
2766,Suspicious TCP Tunnel Via PowerShell Script,windows,T1090,medium
2767,Suspicious Teams Application Related ObjectAcess Event,windows,T1528,high
2768,Suspicious TSCON Start as SYSTEM,windows,T1219.002,high
2769,Suspicious UltraVNC Execution,windows,T1021.005,high
2770,Suspicious Unblock-File,windows,T1553.005,medium
2771,Suspicious Uninstall of Windows Defender Feature via PowerShell,windows,T1685,high
2772,Suspicious Unsigned Dbghelp/Dbgcore DLL Loaded,windows,T1003.001,high
2773,Suspicious Unsigned Thor Scanner Execution,windows,T1574.001,high
2774,Suspicious Usage Of Active Directory Diagnostic Tool (ntdsutil.exe),windows,T1003.003,medium
2775,Suspicious Usage of For Loop with Recursive Directory Search in CMD,windows,"T1059.003, T1027.010",medium
2776,Suspicious Usage Of ShellExec_RunDLL,windows,,high
2777,Suspicious Use of CSharp Interactive Console,windows,T1127,high
2778,Suspicious Use of PsLogList,windows,"T1087, T1087.001, T1087.002",medium
2779,Suspicious Userinit Child Process,windows,T1055,medium
2780,Suspicious VBoxDrvInst.exe Parameters,windows,T1112,medium
2781,Suspicious Velociraptor Child Process,windows,T1219,high
2782,Suspicious Volume Shadow Copy VSS_PS.dll Load,windows,T1490,high
2783,Suspicious Volume Shadow Copy Vssapi.dll Load,windows,T1490,high
2784,Suspicious Vsls-Agent Command With AgentExtensionPath Load,windows,T1218,medium
2785,Suspicious WebDav Client Execution Via Rundll32.EXE,windows,T1048.003,high
2786,Suspicious Where Execution,windows,T1217,low
2787,Suspicious Windows ANONYMOUS LOGON Local Account Created,windows,"T1136.001, T1136.002",high
2788,Suspicious Windows Defender Folder Exclusion Added Via Reg.EXE,windows,T1685,medium
2789,Suspicious Windows Defender Registry Key Tampering Via Reg.EXE,windows,T1685,high
2790,Suspicious Windows Service Tampering,windows,"T1489, T1685",high
2791,Suspicious Windows Trace ETW Session Tamper Via Logman.EXE,windows,"T1685, T1685.005",high
2792,Suspicious Windows Update Agent Empty Cmdline,windows,T1036,high
2793,Suspicious WindowsTerminal Child Processes,windows,,medium
2794,Suspicious WMIC Execution Via Office Process,windows,"T1204.002, T1047, T1218.010",high
2795,Suspicious WmiPrvSE Child Process,windows,"T1047, T1204.002, T1218.010",high
2796,Suspicious Wordpad Outbound Connections,windows,,medium
2797,Suspicious Workstation Locking via Rundll32,windows,,medium
2798,Suspicious WSMAN Provider Image Loads,windows,"T1059.001, T1021.003",medium
2799,Suspicious X509Enrollment - Process Creation,windows,T1553.004,medium
2800,Suspicious X509Enrollment - Ps Script,windows,T1553.004,medium
2801,Suspicious XOR Encoded PowerShell Command,windows,"T1059.001, T1140, T1027",medium
2802,Suspicious ZipExec Execution,windows,"T1218, T1202",medium
2803,SyncAppvPublishingServer Bypass Powershell Restriction - PS Module,windows,T1218,medium
2804,SyncAppvPublishingServer Execute Arbitrary PowerShell Code,windows,T1218,medium
2805,SyncAppvPublishingServer Execution to Bypass Powershell Restriction,windows,T1218,medium
2806,SyncAppvPublishingServer VBS Execute Arbitrary PowerShell Code,windows,"T1218, T1216",medium
2807,Sysinternals PsService Execution,windows,T1543.003,medium
2808,Sysinternals PsSuspend Execution,windows,T1543.003,medium
2809,Sysinternals PsSuspend Suspicious Execution,windows,T1685,high
2810,Sysinternals Tools AppX Versions Execution,windows,,low
2811,SysKey Registry Keys Access,windows,T1012,high
2812,Sysmon Application Crashed,windows,T1685,high
2813,Sysmon Blocked Executable,windows,,high
2814,Sysmon Blocked File Shredding,windows,,high
2815,Sysmon Channel Reference Deletion,windows,T1112,high
2816,Sysmon Configuration Change,windows,,medium
2817,Sysmon Configuration Error,windows,T1564,high
2818,Sysmon Configuration Modification,windows,T1564,high
2819,Sysmon Configuration Update,windows,T1685,medium
2820,Sysmon Discovery Via Default Driver Altitude Using Findstr.EXE,windows,T1518.001,high
2821,Sysmon Driver Altitude Change,windows,T1685,high
2822,Sysmon Driver Unloaded Via Fltmc.EXE,windows,"T1070, T1685, T1685.001",high
2823,Sysmon File Executable Creation Detected,windows,,medium
2824,Sysprep on AppData Folder,windows,T1059,medium
2825,System Control Panel Item Loaded From Uncommon Location,windows,T1574.001,high
2826,System Disk And Volume Reconnaissance Via Wmic.EXE,windows,"T1047, T1082",medium
2827,System File Execution Location Anomaly,windows,T1036,high
2828,System Information Discovery via Registry Queries,windows,T1082,low
2829,System Language Discovery via Reg.Exe,windows,T1614.001,medium
2830,System Network Connections Discovery Via Net.EXE,windows,T1049,low
2831,System Restore Registry Modification via CommandLine,windows,T1490,high
2832,System Scripts Autorun Keys Modification,windows,T1547.001,medium
2833,T1047 Wmiprvse Wbemcomn DLL Hijack,windows,"T1047, T1021.002",high
2834,TacticalRMM Service Installation,windows,T1219.002,medium
2835,Tamper Windows Defender - PSClassic,windows,T1685,high
2836,Tamper Windows Defender - ScriptBlockLogging,windows,T1685,high
2837,Tamper Windows Defender Remove-MpPreference,windows,T1685,high
2838,Tamper Windows Defender Remove-MpPreference - ScriptBlockLogging,windows,T1685,high
2839,Tamper With Sophos AV Registry Keys,windows,T1685,high
2840,Tap Driver Installation,windows,T1048,medium
2841,Tap Driver Installation - Security,windows,T1048,low
2842,Tap Installer Execution,windows,T1048,medium
2843,Taskkill Symantec Endpoint Protection,windows,T1685,high
2844,Taskmgr as LOCAL_SYSTEM,windows,T1036,high
2845,Tasks Folder Evasion,windows,T1574.001,high
2846,TeamViewer Domain Query By Non-TeamViewer Application,windows,T1219.002,medium
2847,TeamViewer Log File Deleted,windows,T1070.004,low
2848,TeamViewer Remote Session,windows,T1219.002,medium
2849,Terminal Server Client Connection History Cleared - Registry,windows,"T1070, T1112",high
2850,Terminal Service Process Spawn,windows,"T1190, T1210",high
2851,Testing Usage of Uncommonly Used Port,windows,T1571,medium
2852,The Windows Defender Firewall Service Failed To Load Group Policy,windows,T1686.003,low
2853,Third Party Software DLL Sideloading,windows,T1574.001,medium
2854,Time Travel Debugging Utility Usage,windows,"T1218, T1003.001",high
2855,Time Travel Debugging Utility Usage - Image,windows,"T1218, T1003.001",high
2856,Tomcat WebServer Logs Deleted,windows,T1070,medium
2857,Tor Client/Browser Execution,windows,T1090.003,high
2858,Transferring Files with Credential Data via Network Shares,windows,"T1003.002, T1003.001, T1003.003",medium
2859,Troubleshooting Pack Cmdlet Execution,windows,T1202,medium
2860,Trust Access Disable For VBApplications,windows,T1112,high
2861,Trusted Path Bypass via Windows Directory Spoofing,windows,"T1574.007, T1548.002",high
2862,TrustedPath UAC Bypass Pattern,windows,T1548.002,critical
2863,UAC Bypass Abusing Winsat Path Parsing - File,windows,T1548.002,high
2864,UAC Bypass Abusing Winsat Path Parsing - Process,windows,T1548.002,high
2865,UAC Bypass Abusing Winsat Path Parsing - Registry,windows,T1548.002,high
2866,UAC Bypass Tools Using ComputerDefaults,windows,T1548.002,high
2867,UAC Bypass Using .NET Code Profiler on MMC,windows,T1548.002,high
2868,UAC Bypass Using ChangePK and SLUI,windows,T1548.002,high
2869,UAC Bypass Using Consent and Comctl32 - File,windows,T1548.002,high
2870,UAC Bypass Using Consent and Comctl32 - Process,windows,T1548.002,high
2871,UAC Bypass Using Disk Cleanup,windows,T1548.002,high
2872,UAC Bypass Using DismHost,windows,T1548.002,high
2873,UAC Bypass Using Event Viewer RecentViews,windows,,high
2874,UAC Bypass Using EventVwr,windows,,high
2875,UAC Bypass Using IDiagnostic Profile,windows,T1548.002,high
2876,UAC Bypass Using IDiagnostic Profile - File,windows,T1548.002,high
2877,UAC Bypass Using IEInstal - File,windows,T1548.002,high
2878,UAC Bypass Using IEInstal - Process,windows,T1548.002,high
2879,UAC Bypass Using Iscsicpl - ImageLoad,windows,T1548.002,high
2880,UAC Bypass Using MSConfig Token Modification - File,windows,T1548.002,high
2881,UAC Bypass Using MSConfig Token Modification - Process,windows,T1548.002,high
2882,UAC Bypass Using NTFS Reparse Point - File,windows,T1548.002,high
2883,UAC Bypass Using NTFS Reparse Point - Process,windows,T1548.002,high
2884,UAC Bypass Using PkgMgr and DISM,windows,T1548.002,high
2885,UAC Bypass Using Windows Media Player - File,windows,T1548.002,high
2886,UAC Bypass Using Windows Media Player - Process,windows,T1548.002,high
2887,UAC Bypass Using Windows Media Player - Registry,windows,T1548.002,high
2888,UAC Bypass Using WOW64 Logger DLL Hijack,windows,T1548.002,high
2889,UAC Bypass via Event Viewer,windows,T1548.002,high
2890,UAC Bypass via ICMLuaUtil,windows,T1548.002,high
2891,UAC Bypass via Sdclt,windows,T1548.002,high
2892,UAC Bypass via Windows Firewall Snap-In Hijack,windows,T1548,medium
2893,UAC Bypass Via Wsreset,windows,T1548.002,high
2894,UAC Bypass With Fake DLL,windows,"T1548.002, T1574.001",high
2895,UAC Bypass WSReset,windows,T1548.002,high
2896,UAC Disabled,windows,T1548.002,medium
2897,UAC Notification Disabled,windows,T1548.002,medium
2898,UAC Secure Desktop Prompt Disabled,windows,T1548.002,medium
2899,UEFI Persistence Via Wpbbin - FileCreation,windows,T1542.001,high
2900,UEFI Persistence Via Wpbbin - ProcessCreation,windows,T1542.001,high
2901,Unauthorized System Time Modification,windows,T1070.006,low
2902,Uncommon  Assistive Technology Applications Execution Via AtBroker.EXE,windows,T1218,medium
2903,Uncommon AddinUtil.EXE CommandLine Execution,windows,T1218,medium
2904,Uncommon Child Process Of AddinUtil.EXE,windows,T1218,medium
2905,Uncommon Child Process Of Appvlp.EXE,windows,T1218,medium
2906,Uncommon Child Process Of BgInfo.EXE,windows,"T1059.005, T1218, T1202",medium
2907,Uncommon Child Process Of Conhost.EXE,windows,T1202,medium
2908,Uncommon Child Process Of Defaultpack.EXE,windows,T1218,medium
2909,Uncommon Child Process Of Setres.EXE,windows,"T1218, T1202",high
2910,Uncommon Child Process Spawned By Odbcconf.EXE,windows,T1218.008,medium
2911,Uncommon Child Processes Of SndVol.exe,windows,,medium
2912,Uncommon Connection to Active Directory Web Services,windows,T1087,medium
2913,Uncommon Extension In Keyboard Layout IME File Registry Value,windows,T1685,high
2914,Uncommon Extension Shim Database Installation Via Sdbinst.EXE,windows,T1546.011,medium
2915,Uncommon File Created by Notepad++ Updater Gup.EXE,windows,"T1195.002, T1557",high
2916,Uncommon File Created In Office Startup Folder,windows,T1587.001,high
2917,Uncommon File Creation By Mysql Daemon Process,windows,,high
2918,Uncommon FileSystem Load Attempt By Format.com,windows,,high
2919,Uncommon Link.EXE Parent Process,windows,T1218,medium
2920,Uncommon Microsoft Office Trusted Location Added,windows,T1112,high
2921,Uncommon Network Connection Initiated By Certutil.EXE,windows,T1105,high
2922,Uncommon New Firewall Rule Added In Windows Firewall Exception List,windows,T1686.003,medium
2923,Uncommon One Time Only Scheduled Task At 00:00,windows,T1053.005,high
2924,Uncommon Outbound Kerberos Connection,windows,"T1558, T1550.003",medium
2925,Uncommon Outbound Kerberos Connection - Security,windows,T1558.003,medium
2926,Uncommon Process Access Rights For Target Image,windows,T1055.011,low
2927,Uncommon Service Installation Image Path,windows,T1543.003,medium
2928,Uncommon Sigverif.EXE Child Process,windows,T1216,medium
2929,Uncommon Svchost Command Line Parameter,windows,"T1036.005, T1055, T1055.012",high
2930,Uncommon Svchost Parent Process,windows,T1036.005,medium
2931,Uncommon System Information Discovery Via Wmic.EXE,windows,T1082,medium
2932,Uncommon Userinit Child Process,windows,T1037.001,high
2933,Uninstall Crowdstrike Falcon Sensor,windows,T1685,high
2934,Uninstall Sysinternals Sysmon,windows,T1685,high
2935,Unmount Share Via Net.EXE,windows,T1070.005,low
2936,Unsigned .node File Loaded,windows,"T1129, T1574.001, T1036.005",medium
2937,Unsigned AppX Installation Attempt Using Add-AppxPackage,windows,,medium
2938,Unsigned AppX Installation Attempt Using Add-AppxPackage - PsScript,windows,,medium
2939,Unsigned Binary Loaded From Suspicious Location,windows,T1574.001,high
2940,Unsigned DLL Loaded by Windows Utility,windows,"T1218.011, T1218.010",medium
2941,Unsigned Image Loaded Into LSASS Process,windows,T1003.001,medium
2942,Unsigned Mfdetours.DLL Sideloading,windows,T1574.001,high
2943,Unsigned Module Loaded by ClickOnce Application,windows,T1574.001,medium
2944,Unsigned or Unencrypted SMB Connection to Share Established,windows,T1021.002,medium
2945,Unusual Child Process of dns.exe,windows,T1133,high
2946,Unusual File Deletion by Dns.exe,windows,T1133,high
2947,Unusual File Download from Direct IP Address,windows,T1564.004,high
2948,Unusual File Download From File Sharing Websites - File Stream,windows,T1564.004,medium
2949,Unusual File Modification by dns.exe,windows,T1133,high
2950,Unusual Parent Process For Cmd.EXE,windows,T1059,medium
2951,Usage of Renamed Sysinternals Tools - RegistrySet,windows,T1588.002,high
2952,Usage Of Web Request Commands And Cmdlets,windows,T1059.001,medium
2953,Usage Of Web Request Commands And Cmdlets - ScriptBlock,windows,T1059.001,medium
2954,USB Device Plugged,windows,T1200,low
2955,Use Get-NetTCPConnection,windows,T1049,low
2956,Use Get-NetTCPConnection - PowerShell Module,windows,T1049,low
2957,Use Icacls to Hide File to Everyone,windows,T1564.001,medium
2958,Use NTFS Short Name in Command Line,windows,T1564.004,medium
2959,Use NTFS Short Name in Image,windows,T1564.004,medium
2960,Use of FSharp Interpreters,windows,T1059,medium
2961,Use of OpenConsole,windows,T1059,medium
2962,Use of Pcalua For Execution,windows,T1059,medium
2963,Use of Remote.exe,windows,T1127,medium
2964,Use of Scriptrunner.exe,windows,T1218,medium
2965,Use Of The SFTP.EXE Binary As A LOLBIN,windows,T1218,medium
2966,Use of TTDInject.exe,windows,T1127,medium
2967,Use of UltraVNC Remote Access Software,windows,T1219.002,medium
2968,Use of VisualUiaVerifyNative.exe,windows,T1218,medium
2969,Use of VSIISExeLauncher.exe,windows,T1127,medium
2970,Use of W32tm as Timer,windows,T1124,high
2971,Use of Wfc.exe,windows,T1127,medium
2972,Use Short Name Path in Image,windows,T1564.004,medium
2973,User Added To Highly Privileged Group,windows,T1098,high
2974,User Added to Local Administrator Group,windows,"T1078, T1098",medium
2975,User Added to Local Administrators Group,windows,T1098,medium
2976,User Added to Remote Desktop Users Group,windows,"T1133, T1136.001, T1021.001",high
2977,User Couldn't Call a Privileged Service 'LsaRegisterLogonProcess',windows,T1558.003,high
2978,User Discovery And Export Via Get-ADUser Cmdlet,windows,T1033,medium
2979,User Discovery And Export Via Get-ADUser Cmdlet - PowerShell,windows,T1033,medium
2980,User Logoff Event,windows,T1531,informational
2981,User Shell Folders Registry Modification via CommandLine,windows,"T1547.001, T1112",high
2982,Using SettingSyncHost.exe as LOLBin,windows,T1574.008,high
2983,UtilityFunctions.ps1 Proxy Dll,windows,T1216,medium
2984,VBA DLL Loaded Via Office Application,windows,T1204.002,high
2985,VBScript Payload Stored in Registry,windows,T1547.001,high
2986,Veeam Backup Database Suspicious Query,windows,T1005,medium
2987,Veeam Backup Servers Credential Dumping Script Execution,windows,,high
2988,VeeamBackup Database Credentials Dump Via Sqlcmd.EXE,windows,T1005,high
2989,Verclsid.exe Runs COM Object,windows,T1218,medium
2990,VHD Image Download Via Browser,windows,T1587.001,medium
2991,Virtualbox Driver Installation or Starting of VMs,windows,"T1564.006, T1564",low
2992,Visual Basic Command Line Compiler Usage,windows,T1027.004,high
2993,Visual Studio Code Tunnel Execution,windows,"T1071.001, T1219",medium
2994,Visual Studio Code Tunnel Remote File Creation,windows,,medium
2995,Visual Studio Code Tunnel Service Installation,windows,T1071.001,medium
2996,Visual Studio Code Tunnel Shell Execution,windows,T1071.001,medium
2997,Visual Studio NodejsTools PressAnyKey Arbitrary Binary Execution,windows,T1218,medium
2998,Visual Studio NodejsTools PressAnyKey Renamed Execution,windows,T1218,medium
2999,VMGuestLib DLL Sideload,windows,T1574.001,medium
3000,VMMap Signed Dbghelp.DLL Potential Sideloading,windows,T1574.001,medium
3001,VMMap Unsigned Dbghelp.DLL Potential Sideloading,windows,T1574.001,high
3002,VMToolsd Suspicious Child Process,windows,T1059,high
3003,Volume Shadow Copy Mount,windows,T1003.002,low
3004,VolumeShadowCopy Symlink Creation Via Mklink,windows,"T1003.002, T1003.003",high
3005,VsCode Powershell Profile Modification,windows,T1546.013,medium
3006,VSSAudit Security Event Source Registration,windows,T1003.002,informational
3007,Vulnerable Driver Blocklist Registry Tampering Via CommandLine,windows,T1685,high
3008,Vulnerable Driver Load,windows,"T1543.003, T1068",high
3009,Vulnerable Driver Load By Name,windows,"T1543.003, T1068",low
3010,Vulnerable HackSys Extreme Vulnerable Driver Load,windows,T1543.003,high
3011,Vulnerable Netlogon Secure Channel Connection Allowed,windows,T1548,high
3012,Vulnerable WinRing0 Driver Load,windows,T1543.003,high
3013,Wab Execution From Non Default Location,windows,,high
3014,Wab/Wabmig Unusual Parent Or Child Processes,windows,,high
3015,WCE wceaux.dll Access,windows,T1003,critical
3016,Wdigest CredGuard Registry Modification,windows,T1112,high
3017,Wdigest Enable UseLogonCredential,windows,T1112,high
3018,Weak Encryption Enabled and Kerberoast,windows,T1685,high
3019,Weak or Abused Passwords In CLI,windows,,medium
3020,WebDav Client Execution Via Rundll32.EXE,windows,T1048.003,medium
3021,Webshell Detection With Command Line Keywords,windows,"T1505.003, T1018, T1033, T1087",high
3022,Webshell Hacking Activity Patterns,windows,"T1505.003, T1018, T1033, T1087",high
3023,Webshell Tool Reconnaissance Activity,windows,T1505.003,high
3024,WerFault LSASS Process Memory Dump,windows,T1003.001,high
3025,WFP Filter Added via Registry,windows,"T1685, T1569.002",medium
3026,WhoAmI as Parameter,windows,T1033,high
3027,Whoami.EXE Execution Anomaly,windows,T1033,medium
3028,Whoami.EXE Execution From Privileged Process,windows,T1033,high
3029,Whoami.EXE Execution With Output Option,windows,T1033,medium
3030,Win Defender Restored Quarantine File,windows,T1685,high
3031,Win Susp Computer Name Containing Samtheadmin,windows,T1078,critical
3032,WinDivert Driver Load,windows,"T1599.001, T1557.001",high
3033,Windows Admin Share Mount Via Net.EXE,windows,T1021.002,medium
3034,Windows AMSI Related Registry Tampering Via CommandLine,windows,T1685,high
3035,Windows AppX Deployment Full Trust Package Installation,windows,"T1204.002, T1553.005",medium
3036,Windows AppX Deployment Unsigned Package Installation,windows,"T1204.002, T1553.005",medium
3037,Windows Backup Deleted Via Wbadmin.EXE,windows,T1490,medium
3038,Windows Binaries Write Suspicious Extensions,windows,T1036,high
3039,Windows Binary Executed From WSL,windows,T1202,medium
3040,Windows Credential Editor Registry,windows,T1003.001,critical
3041,Windows Credential Guard Disabled - Registry,windows,T1685,high
3042,Windows Credential Guard Registry Tampering Via CommandLine,windows,T1685,high
3043,Windows Credential Guard Related Registry Value Deleted - Registry,windows,T1685,high
3044,Windows Credential Manager Access via VaultCmd,windows,T1555.004,medium
3045,Windows Default Domain GPO Modification,windows,T1484.001,medium
3046,Windows Default Domain GPO Modification via GPME,windows,T1484.001,medium
3047,Windows Defender AMSI Trigger Detected,windows,T1059,high
3048,Windows Defender Configuration Changes,windows,T1685,high
3049,Windows Defender Context Menu Removed,windows,T1685,high
3050,Windows Defender Definition Files Removed,windows,T1685,high
3051,Windows Defender Disabled Via SystemSettingsAdminFlows.EXE,windows,T1685,high
3052,Windows Defender Exclusion List Modified,windows,T1685,medium
3053,Windows Defender Exclusion Registry Key - Write Access Requested,windows,T1685,medium
3054,Windows Defender Exclusions Added,windows,T1685,medium
3055,Windows Defender Exclusions Added - PowerShell,windows,"T1685, T1059",medium
3056,Windows Defender Exclusions Added - Registry,windows,T1685,medium
3057,Windows Defender Exploit Guard Tamper,windows,T1685,high
3058,Windows Defender Firewall Has Been Reset To Its Default Configuration,windows,T1686.003,low
3059,Windows Defender Grace Period Expired,windows,T1685,high
3060,Windows Defender Malware And PUA Scanning Disabled,windows,T1685,high
3061,Windows Defender Malware Detection History Deletion,windows,,informational
3062,Windows Defender Real-time Protection Disabled,windows,T1685,high
3063,Windows Defender Real-Time Protection Failure/Restart,windows,T1685,medium
3064,Windows Defender Service Disabled - Registry,windows,T1685,high
3065,Windows Defender Submit Sample Feature Disabled,windows,T1685,low
3066,Windows Defender Threat Detected,windows,T1059,high
3067,Windows Defender Threat Detection Service Disabled,windows,T1685,medium
3068,Windows Defender Threat Severity Default Action Modified,windows,T1685,high
3069,Windows Defender Virus Scanning Feature Disabled,windows,T1685,high
3070,Windows Event Auditing Disabled,windows,T1685.001,low
3071,Windows Event Log Access Tampering Via Registry,windows,"T1547.001, T1112",high
3072,Windows EventLog Autologger Session Registry Modification Via CommandLine,windows,T1685.001,high
3073,Windows Filtering Platform Blocked Connection From EDR Agent Binary,windows,T1685,high
3074,Windows Firewall Disabled via PowerShell,windows,T1685,medium
3075,Windows Firewall Profile Disabled,windows,T1686.003,medium
3076,Windows Firewall Settings Have Been Changed,windows,T1686.003,low
3077,Windows Hotfix Updates Reconnaissance Via Wmic.EXE,windows,T1047,medium
3078,Windows Hypervisor Enforced Code Integrity Disabled,windows,T1685,high
3079,Windows Internet Hosted WebDav Share Mount Via Net.EXE,windows,T1021.002,high
3080,Windows Kernel Debugger Execution,windows,,medium
3081,Windows MSIX Package Support Framework AI_STUBS Execution,windows,"T1218, T1553.005, T1204.002",low
3082,Windows Network Access Suspicious desktop.ini Action,windows,T1547.009,medium
3083,Windows Pcap Drivers,windows,T1040,medium
3084,Windows Processes Suspicious Parent Directory,windows,"T1036.003, T1036.005",low
3085,Windows Recall Feature Enabled - DisableAIDataAnalysis Value Deleted,windows,T1113,medium
3086,Windows Recall Feature Enabled - Registry,windows,T1113,medium
3087,Windows Recall Feature Enabled Via Reg.EXE,windows,T1113,medium
3088,Windows Recovery Environment Disabled Via Reagentc,windows,T1490,medium
3089,Windows Registry Trust Record Modification,windows,T1566.001,medium
3090,Windows Screen Capture with CopyFromScreen,windows,T1113,medium
3091,Windows Service Terminated With Error,windows,,low
3092,Windows Share Mount Via Net.EXE,windows,T1021.002,low
3093,Windows Shell/Scripting Application File Write to Suspicious Folder,windows,T1059,high
3094,Windows Shell/Scripting Processes Spawning Suspicious Programs,windows,"T1059.005, T1059.001, T1218",high
3095,Windows Terminal Profile Settings Modification By Uncommon Process,windows,T1547.015,medium
3096,Windows Update Error,windows,T1584,informational
3097,Windows Vulnerable Driver Blocklist Disabled,windows,T1685,high
3098,WINEKEY Registry Modification,windows,T1547,high
3099,Winget Admin Settings Modification,windows,,low
3100,Winlogon AllowMultipleTSSessions Enable,windows,T1112,medium
3101,Winlogon Helper DLL,windows,T1547.004,medium
3102,Winlogon Notify Key Logon Persistence,windows,T1547.004,high
3103,Winrar Compressing Dump Files,windows,T1560.001,medium
3104,WinRAR Creating Files in Startup Locations,windows,T1547.001,high
3105,WinRAR Execution in Non-Standard Folder,windows,T1560.001,medium
3106,Winrs Local Command Execution,windows,"T1021.006, T1218",high
3107,WinSock2 Autorun Keys Modification,windows,T1547.001,medium
3108,WinSxS Executable File Creation By Non-System Process,windows,,medium
3109,Wlrmdr.EXE Uncommon Argument Or Child Process,windows,T1218,medium
3110,WMI ActiveScriptEventConsumers Activity Via Scrcons.EXE DLL Load,windows,T1546.003,medium
3111,WMI Backdoor Exchange Transport Agent,windows,T1546.003,critical
3112,WMI Event Consumer Created Named Pipe,windows,T1047,medium
3113,WMI Event Subscription,windows,T1546.003,medium
3114,WMI Persistence,windows,T1546.003,medium
3115,WMI Persistence - Command Line Event Consumer,windows,T1546.003,high
3116,WMI Persistence - Script Event Consumer,windows,T1546.003,medium
3117,WMI Persistence - Script Event Consumer File Write,windows,T1546.003,high
3118,WMI Persistence - Security,windows,T1546.003,medium
3119,WMIC Loading Scripting Libraries,windows,T1220,medium
3120,WMIC Remote Command Execution,windows,T1047,medium
3121,WMIC Unquoted Services Path Lookup - PowerShell,windows,T1047,medium
3122,Wmiexec Default Output File,windows,T1047,critical
3123,WMImplant Hack Tool,windows,"T1047, T1059.001",high
3124,WmiPrvSE Spawned A Process,windows,T1047,medium
3125,Wmiprvse Wbemcomn DLL Hijack,windows,"T1047, T1021.002",high
3126,Wmiprvse Wbemcomn DLL Hijack - File,windows,"T1047, T1021.002",critical
3127,Wow6432Node Classes Autorun Keys Modification,windows,T1547.001,medium
3128,Wow6432Node CurrentVersion Autorun Keys Modification,windows,T1547.001,medium
3129,Wow6432Node Windows NT CurrentVersion Autorun Keys Modification,windows,T1547.001,medium
3130,Write Protect For Storage Disabled,windows,T1685,medium
3131,Writing Local Admin Share,windows,T1546.002,medium
3132,Writing Of Malicious Files To The Fonts Folder,windows,"T1211, T1059",medium
3133,WScript or CScript Dropper - File,windows,"T1059.005, T1059.007",high
3134,Wscript Shell Run In CommandLine,windows,T1059,medium
3135,WSL Child Process Anomaly,windows,"T1218, T1202",medium
3136,WSL Kali-Linux Usage,windows,T1202,high
3137,Wusa.EXE Executed By Parent Process Located In Suspicious Location,windows,,high
3138,XBAP Execution From Uncommon Locations Via PresentationHost.EXE,windows,T1218,medium
3139,XSL Script Execution Via WMIC.EXE,windows,"T1047, T1220, T1059.005, T1059.007",medium
3140,Xwizard.EXE Execution From Non-Default Location,windows,T1574.001,high
3141,Zerologon Exploitation Using Well-known Tools,windows,T1210,critical
3142,Zip A Folder With PowerShell For Staging In Temp  - PowerShell Module,windows,T1074.001,medium
3143,Zip A Folder With PowerShell For Staging In Temp - PowerShell,windows,T1074.001,medium
3144,Zip A Folder With PowerShell For Staging In Temp - PowerShell Script,windows,T1074.001,medium
